product_id,product_name,category,sub_category,brand,unit_cost,list_price,stock_quantity,product_status
PROD0000001,reiciendis in,Fashion,Men,Sony,3736.47,2427.08,1394,Discontinued
PROD0000002,exercitationem facilis,Fashion,Kids,Generic,2003.95,2150.28,2911,Inactive
PROD0000003,amet doloremque,Grocery,Dairy,Generic,3920.49,8139.28,3370,Active
PROD0000004,aspernatur adipisci,Fashion,Men,Sony,1127.24,1793.05,1633,Inactive
PROD0000005,ut assumenda,Home & Kitchen,Furniture,Apple,1814.07,8923.4,3107,Inactive
PROD0000006,laudantium minus,Grocery,Dairy,Xiaomi,1071.7,2248.14,3294,Active
PROD0000007,enim aliquid,Electronics,Accessories,,3014.97,1200.19,4111,Inactive
PROD0000008,quae molestias,Home & Kitchen,Furniture,Apple,2165.49,-100.0,2059,Inactive
PROD0000009,architecto officia,Grocery,Fruits,,2722.39,1816.88,1933,Inactive
PROD0000010,quo modi,Electronics,Laptops,Xiaomi,337.97,5087.2,1599,Inactive
PROD0000011,adipisci reprehenderit,Electronics,Laptops,Apple,4814.19,5605.78,728,Discontinued
PROD0000012,in tenetur,Fashion,Kids,Sony,4621.37,9927.86,3648,Active
PROD0000013,optio error,Home & Kitchen,Decor,Apple,4709.3,8321.28,239,Discontinued
PROD0000014,vel sunt,Grocery,Vegetables,LG,719.99,7082.67,2637,Inactive
PROD0000015,nulla voluptates,Sports,Apparel,Sony,3279.13,4118.84,4099,Inactive
PROD0000016,rerum nesciunt,Sports,Equipment,Generic,2421.05,2218.97,1118,Inactive
PROD0000017,veritatis dolorem,Sports,Apparel,Xiaomi,3975.32,7744.25,875,Discontinued
PROD0000018,architecto velit,Home & Kitchen,Decor,Samsung,909.55,9758.41,3993,Active
PROD0000019,mollitia quia,Electronics,Tablets,LG,140.35,6147.75,784,Discontinued
PROD0000020,doloremque doloremque,Fashion,Shoes,OnePlus,444.26,4450.05,2817,Inactive
PROD0000021,expedita facere,Sports,Footwear,Xiaomi,2641.12,6015.22,372,Active
PROD0000022,corrupti quod,Sports,Equipment,,833.67,2038.93,3455,Active
PROD0000023,soluta autem,Beauty,Makeup,Apple,4726.89,8692.1,73,Inactive
PROD0000024,iure expedita,Grocery,Fruits,OnePlus,720.51,1154.34,322,Discontinued
PROD0000025,sint quod,Fashion,Kids,OnePlus,4184.27,5592.29,474,Discontinued
PROD0000026,sint libero,Grocery,Dairy,Apple,1766.86,6787.66,2621,Inactive
PROD0000027,voluptas ab,Electronics,Laptops,OnePlus,441.56,999999.0,2424,Inactive
PROD0000028,non unde,Sports,Equipment,Sony,3204.13,5861.89,2264,Active
PROD0000029,perferendis itaque,Sports,Apparel,Samsung,2086.71,1050.1,4428,Active
PROD0000030,fugiat voluptatibus,Sports,Apparel,,4991.42,1068.91,4546,Active
PROD0000031,harum sunt,Electronics,Mobiles,Samsung,3955.85,5158.18,1741,Inactive
PROD0000032,temporibus perferendis,Beauty,Skincare,Apple,2585.56,5702.44,654,Discontinued
PROD0000033,nihil eaque,Grocery,Fruits,Generic,4874.18,8051.55,2335,Discontinued
PROD0000034,debitis rerum,Home & Kitchen,Appliances,LG,2095.84,5064.98,958,Inactive
PROD0000035,beatae voluptas,Sports,Footwear,Generic,4894.75,4542.83,3253,Discontinued
PROD0000036,illum reprehenderit,Home & Kitchen,Cookware,OnePlus,2834.6,2919.4,3682,Inactive
PROD0000037,aut quas,Electronics,Accessories,LG,3069.12,5854.22,597,Inactive
PROD0000038,consectetur iure,Electronics,Accessories,Sony,4702.16,3392.11,1994,Active
PROD0000039,voluptate at,Beauty,Makeup,OnePlus,379.31,4190.99,64,Discontinued
PROD0000040,voluptate voluptatibus,Beauty,Skincare,,3222.75,142.9,1132,Discontinued
PROD0000041,neque voluptatum,Sports,Equipment,Generic,689.59,7054.84,161,Active
PROD0000042,voluptate quisquam,Fashion,Men,Xiaomi,1841.23,7572.11,4266,Discontinued
PROD0000043,recusandae accusantium,Beauty,Makeup,Samsung,3195.82,5567.08,1667,Inactive
PROD0000044,dignissimos labore,Fashion,Shoes,LG,225.51,5000.13,2412,Discontinued
PROD0000045,expedita porro,Home & Kitchen,Appliances,OnePlus,3914.59,5235.51,3865,Inactive
PROD0000046,at minima,Grocery,Vegetables,Samsung,1649.01,2169.93,4465,Active
PROD0000047,ratione soluta,Fashion,Women,Apple,4800.74,4156.07,3435,Inactive
PROD0000048,animi pariatur,Sports,Equipment,Sony,412.63,5891.79,4808,Inactive
PROD0000049,alias esse,Electronics,Tablets,,2597.74,6386.79,618,Inactive
PROD0000050,cupiditate tenetur,Beauty,Haircare,Apple,1010.01,6634.42,4854,Inactive
PROD0000051,architecto aliquam,Sports,Footwear,Sony,2995.93,2474.79,643,Active
PROD0000052,consequatur veniam,Grocery,Snacks,OnePlus,2037.86,3294.03,767,Active
PROD0000053,earum ea,Electronics,Accessories,Samsung,264.69,5646.16,647,Active
PROD0000054,rerum aperiam,Electronics,Laptops,Generic,452.17,8000.38,3416,Active
PROD0000055,voluptatem suscipit,Grocery,Fruits,Sony,1448.58,9879.57,2242,Discontinued
PROD0000056,eius aut,Grocery,Vegetables,Sony,1813.03,5852.63,4229,Active
PROD0000057,consequuntur eveniet,Home & Kitchen,Furniture,OnePlus,168.91,7257.65,1749,Inactive
PROD0000058,aliquid ratione,Home & Kitchen,Furniture,Xiaomi,4927.18,5756.83,2979,Discontinued
PROD0000059,iusto maxime,Home & Kitchen,Decor,Sony,149.11,404.06,1760,Discontinued
PROD0000060,vitae aliquid,Sports,Apparel,Generic,3033.32,2349.81,670,Inactive
PROD0000061,veritatis est,Grocery,Dairy,LG,1730.98,7760.08,25,Active
PROD0000062,totam voluptatem,Beauty,Makeup,LG,2569.91,3511.44,3793,Active
PROD0000063,quae suscipit,Fashion,Shoes,Samsung,3440.77,9911.88,4511,Inactive
PROD0000064,temporibus aliquam,Beauty,Makeup,Generic,160.24,5897.18,4170,Discontinued
PROD0000065,quo facere,Electronics,Tablets,OnePlus,4414.14,565.61,4570,Inactive
PROD0000066,necessitatibus expedita,Sports,Equipment,Apple,863.42,2353.99,3534,Active
PROD0000067,voluptatibus laboriosam,Home & Kitchen,Furniture,OnePlus,4934.81,2318.37,609,Active
PROD0000068,laboriosam nesciunt,Fashion,Kids,Apple,312.61,463.6,3199,Inactive
PROD0000069,voluptatem rerum,Electronics,Laptops,Apple,1762.77,4207.08,4454,Inactive
PROD0000070,repudiandae assumenda,Beauty,Skincare,,1792.84,6584.34,1068,Discontinued
PROD0000071,voluptatem et,Home & Kitchen,Appliances,Generic,2493.26,1803.21,2844,Active
PROD0000072,quos veritatis,Grocery,Dairy,OnePlus,3596.21,1290.86,4739,Discontinued
PROD0000073,ut corporis,Grocery,Fruits,Xiaomi,2953.79,-500.0,4050,Discontinued
PROD0000074,odio officiis,Fashion,Shoes,,344.07,9714.89,153,Active
PROD0000075,debitis magnam,Sports,Footwear,Sony,2706.21,8997.42,773,Inactive
PROD0000076,architecto esse,Electronics,Laptops,Generic,3215.32,8983.79,3688,Active
PROD0000077,quae corrupti,Sports,Equipment,Generic,4672.47,8687.79,2338,Discontinued
PROD0000078,iusto voluptas,Electronics,Tablets,OnePlus,1308.53,3492.15,1387,Active
PROD0000079,autem quae,Grocery,Vegetables,LG,2545.4,8327.3,3601,Inactive
PROD0000080,perferendis blanditiis,Electronics,Accessories,Apple,3320.02,9393.59,3767,Inactive
PROD0000081,quos temporibus,Grocery,Fruits,Sony,3001.81,-100.0,3984,Discontinued
PROD0000082,dolorem eveniet,Beauty,Skincare,Xiaomi,209.91,628.72,2043,Active
PROD0000083,explicabo molestiae,Sports,Equipment,LG,1497.56,8262.99,4025,Discontinued
PROD0000084,quidem expedita,Grocery,Dairy,LG,2139.84,5354.58,1515,Discontinued
PROD0000085,officia repellat,Sports,Apparel,Apple,3282.96,5618.17,798,Active
PROD0000086,porro adipisci,Electronics,Mobiles,LG,2593.73,2305.96,2615,Inactive
PROD0000087,enim est,Grocery,Dairy,,1720.3,5524.99,2053,Inactive
PROD0000088,consectetur delectus,Beauty,Makeup,Samsung,1101.0,8094.57,4031,Discontinued
PROD0000089,suscipit repellat,Grocery,Snacks,LG,3970.59,9519.69,3590,Inactive
PROD0000090,cupiditate facere,Sports,Equipment,Samsung,4065.68,4770.7,4340,Discontinued
PROD0000091,odio quae,Fashion,Women,Sony,2975.52,5562.32,628,Active
PROD0000092,voluptate similique,Fashion,Shoes,OnePlus,2566.23,6311.8,4465,Active
PROD0000093,in sequi,Sports,Equipment,Xiaomi,2419.38,9278.23,4683,Inactive
PROD0000094,similique voluptatibus,Beauty,Skincare,Samsung,4409.04,9000.19,4079,Inactive
PROD0000095,quo totam,Fashion,Kids,OnePlus,3907.28,9625.62,1596,Discontinued
PROD0000096,excepturi ad,Electronics,Mobiles,,4630.81,7742.04,4487,Active
PROD0000097,soluta minus,Sports,Footwear,Xiaomi,1787.71,8961.95,1659,Active
PROD0000098,voluptates non,Grocery,Dairy,Generic,4817.12,5426.88,3118,Active
PROD0000099,officiis veniam,Fashion,Kids,Samsung,4780.42,4106.48,3999,Discontinued
PROD0000100,eos incidunt,Electronics,Mobiles,Xiaomi,2361.51,5685.44,4027,Discontinued
PROD0000101,possimus doloremque,Fashion,Shoes,OnePlus,2676.3,2788.21,3409,Discontinued
PROD0000102,commodi nam,Home & Kitchen,Furniture,OnePlus,4919.62,5499.32,2085,Active
PROD0000103,repellendus doloribus,Fashion,Shoes,LG,3637.46,4936.16,3387,Inactive
PROD0000104,sapiente odio,Home & Kitchen,Decor,,1813.67,2272.32,2831,Active
PROD0000105,eligendi ducimus,Electronics,Accessories,LG,2381.36,3748.7,3693,Inactive
PROD0000106,molestias sapiente,Electronics,Tablets,Generic,1533.24,5577.33,3647,Discontinued
PROD0000107,recusandae ducimus,Beauty,Makeup,,3617.73,7497.45,1059,Discontinued
PROD0000108,sed omnis,Grocery,Vegetables,Sony,4404.86,3483.19,4578,Discontinued
PROD0000109,velit architecto,Beauty,Haircare,LG,4514.12,3848.57,2621,Discontinued
PROD0000110,maxime perspiciatis,Electronics,Mobiles,Samsung,4789.69,3162.47,4127,Active
PROD0000111,harum nisi,Sports,Footwear,OnePlus,58.77,6612.34,3861,Discontinued
PROD0000112,quo magnam,Sports,Equipment,Samsung,3832.86,3558.7,2103,Active
PROD0000113,cumque asperiores,Beauty,Haircare,Apple,2567.43,9535.77,1881,Active
PROD0000114,aspernatur deleniti,Home & Kitchen,Cookware,Xiaomi,4459.94,1293.03,244,Discontinued
PROD0000115,iste aut,Fashion,Women,LG,1812.61,195.32,2226,Inactive
PROD0000116,quam et,Beauty,Makeup,OnePlus,4189.56,2345.24,1704,Inactive
PROD0000117,accusantium voluptas,Home & Kitchen,Cookware,,3089.29,3372.6,1329,Discontinued
PROD0000118,dolorem neque,Electronics,Tablets,Generic,3157.89,4477.54,4990,Discontinued
PROD0000119,voluptatum doloribus,Electronics,Laptops,OnePlus,169.2,7979.55,201,Discontinued
PROD0000120,beatae sint,Sports,Equipment,Xiaomi,1848.06,4745.93,4484,Active
PROD0000121,asperiores facilis,Sports,Equipment,,1581.87,7310.23,4777,Discontinued
PROD0000122,vel mollitia,Sports,Equipment,Apple,4113.76,546.67,1339,Inactive
PROD0000123,voluptas dignissimos,Fashion,Men,,4278.75,415.56,294,Inactive
PROD0000124,perspiciatis et,Electronics,Laptops,Sony,3343.7,2905.73,4827,Discontinued
PROD0000125,molestiae nemo,Home & Kitchen,Appliances,,4853.7,4640.12,3223,Inactive
PROD0000126,qui aliquam,Home & Kitchen,Decor,Sony,1672.04,2406.6,2197,Active
PROD0000127,occaecati molestias,Home & Kitchen,Furniture,Apple,3845.56,7327.21,2943,Active
PROD0000128,minus cumque,Fashion,Men,,3234.9,-500.0,992,Discontinued
PROD0000129,delectus aliquid,Fashion,Shoes,OnePlus,233.49,9976.61,2332,Active
PROD0000130,porro totam,Electronics,Tablets,LG,3055.35,4746.16,2330,Active
PROD0000131,ducimus nihil,Beauty,Haircare,Generic,1155.6,7737.2,4776,Inactive
PROD0000132,asperiores hic,Sports,Equipment,LG,1571.58,1603.2,1495,Inactive
PROD0000133,rem nesciunt,Grocery,Fruits,OnePlus,1715.58,520.62,3586,Active
PROD0000134,vitae aliquam,Fashion,Shoes,Sony,3374.02,5474.66,202,Inactive
PROD0000135,ratione repellat,Fashion,Men,Sony,3749.73,248.67,1799,Inactive
PROD0000136,voluptates voluptatum,Sports,Apparel,,3008.7,3787.09,10,Inactive
PROD0000137,quasi minus,Fashion,Kids,LG,3980.52,6837.6,458,Discontinued
PROD0000138,amet officiis,Fashion,Shoes,Generic,1921.29,5375.26,420,Discontinued
PROD0000139,sequi dignissimos,Fashion,Men,Sony,3770.42,5537.45,252,Active
PROD0000140,suscipit asperiores,Fashion,Men,Xiaomi,627.65,3009.13,3812,Active
PROD0000141,sunt porro,Fashion,Kids,Apple,2064.34,1590.94,604,Inactive
PROD0000142,similique ea,Sports,Footwear,Sony,3191.61,6607.71,3232,Active
PROD0000143,ducimus dolorem,Fashion,Women,Generic,1020.45,7096.6,2559,Inactive
PROD0000144,incidunt odio,Electronics,Tablets,Xiaomi,3423.91,832.35,838,Inactive
PROD0000145,dolore fuga,Grocery,Dairy,Sony,152.99,1555.52,2856,Inactive
PROD0000146,velit explicabo,Sports,Equipment,OnePlus,902.13,3644.89,807,Inactive
PROD0000147,voluptas expedita,Fashion,Kids,OnePlus,359.9,9251.14,4385,Inactive
PROD0000148,laborum fugiat,Fashion,Shoes,OnePlus,3829.25,8173.81,3215,Active
PROD0000149,assumenda deserunt,Beauty,Makeup,Generic,870.23,293.78,1632,Discontinued
PROD0000150,nemo aliquam,Home & Kitchen,Appliances,Sony,4077.41,2414.71,439,Active
PROD0000151,iste necessitatibus,Electronics,Mobiles,Samsung,3168.94,8216.56,516,Discontinued
PROD0000152,ratione vel,Home & Kitchen,Appliances,Samsung,1822.54,1002.34,3426,Inactive
PROD0000153,aliquid esse,Home & Kitchen,Appliances,OnePlus,3468.38,9562.61,154,Inactive
PROD0000154,perspiciatis minima,Sports,Apparel,Apple,4130.13,9186.2,3691,Inactive
PROD0000155,molestiae quo,Beauty,Makeup,Samsung,2987.6,3599.56,3958,Active
PROD0000156,tempore eaque,Beauty,Makeup,LG,3314.77,1791.66,2165,Active
PROD0000157,eaque dolore,Home & Kitchen,Cookware,,304.47,9196.33,4329,Discontinued
PROD0000158,aspernatur error,Fashion,Kids,,4148.44,5877.77,4572,Active
PROD0000159,corporis impedit,Electronics,Laptops,Apple,2643.85,6226.86,4766,Inactive
PROD0000160,voluptas cum,Fashion,Women,OnePlus,386.91,7375.14,84,Inactive
PROD0000161,modi repellat,Home & Kitchen,Cookware,OnePlus,738.81,4390.66,4655,Discontinued
PROD0000162,explicabo impedit,Fashion,Kids,Apple,3172.63,5454.63,1526,Discontinued
PROD0000163,necessitatibus placeat,Grocery,Vegetables,Sony,3588.25,4018.22,3104,Inactive
PROD0000164,aliquid vero,Beauty,Skincare,Xiaomi,3622.17,6976.13,3108,Inactive
PROD0000165,magnam fugiat,Electronics,Laptops,Samsung,2810.05,6049.17,3192,Discontinued
PROD0000166,expedita ad,Grocery,Fruits,Sony,4986.98,2945.71,1674,Active
PROD0000167,soluta nostrum,Fashion,Women,Sony,3040.75,389.58,1788,Discontinued
PROD0000168,quidem inventore,Electronics,Laptops,,4474.5,2358.78,718,Inactive
PROD0000169,soluta provident,Sports,Apparel,LG,4793.02,4422.85,4060,Active
PROD0000170,molestiae sunt,Home & Kitchen,Cookware,Sony,1156.11,6127.17,2479,Inactive
PROD0000171,placeat velit,Beauty,Makeup,OnePlus,4177.75,6336.82,3510,Discontinued
PROD0000172,voluptatem culpa,Fashion,Men,,984.11,5969.44,287,Inactive
PROD0000173,deserunt quis,Home & Kitchen,Cookware,Xiaomi,170.56,7670.8,469,Active
PROD0000174,perspiciatis odio,Fashion,Kids,LG,3640.07,5945.61,2063,Inactive
PROD0000175,error pariatur,Sports,Footwear,Generic,77.31,5504.62,4082,Discontinued
PROD0000176,iusto suscipit,Beauty,Haircare,OnePlus,559.4,9202.41,438,Discontinued
PROD0000177,voluptatem quae,Electronics,Accessories,,2663.18,1484.08,1234,Inactive
PROD0000178,ratione accusamus,Home & Kitchen,Decor,Sony,1711.5,1702.21,284,Discontinued
PROD0000179,est dolores,Grocery,Fruits,Xiaomi,807.83,4872.69,3858,Inactive
PROD0000180,amet vitae,Electronics,Accessories,Sony,4578.45,5346.32,2326,Discontinued
PROD0000181,vitae doloremque,Sports,Apparel,LG,837.79,4461.9,4072,Active
PROD0000182,vitae maxime,Electronics,Mobiles,Xiaomi,331.97,4451.78,2435,Active
PROD0000183,sint saepe,Grocery,Vegetables,Generic,3490.65,9322.16,4102,Discontinued
PROD0000184,architecto ea,Electronics,Mobiles,Sony,3445.8,8108.18,4886,Inactive
PROD0000185,nobis dolorem,Electronics,Mobiles,Apple,1262.17,2275.12,4095,Discontinued
PROD0000186,optio eveniet,Home & Kitchen,Furniture,OnePlus,2466.9,3509.03,1434,Inactive
PROD0000187,perspiciatis recusandae,Fashion,Men,Sony,2450.37,7274.87,3570,Discontinued
PROD0000188,iste ab,Fashion,Shoes,Sony,302.99,7317.64,4674,Active
PROD0000189,sapiente harum,Beauty,Skincare,Sony,2220.99,4846.97,4292,Inactive
PROD0000190,pariatur vitae,Grocery,Vegetables,Samsung,1313.92,1040.27,2854,Active
PROD0000191,labore ab,Sports,Footwear,Apple,1605.69,8506.94,431,Inactive
PROD0000192,temporibus explicabo,Grocery,Fruits,Generic,2835.79,4740.02,3743,Active
PROD0000193,ipsa cumque,Sports,Footwear,OnePlus,1148.43,6493.85,3359,Discontinued
PROD0000194,ea iste,Electronics,Laptops,Xiaomi,123.05,2577.88,3017,Inactive
PROD0000195,velit saepe,Sports,Apparel,Generic,4932.73,4408.18,4156,Discontinued
PROD0000196,libero amet,Fashion,Men,Samsung,2983.08,9174.16,337,Discontinued
PROD0000197,impedit nostrum,Beauty,Skincare,OnePlus,2430.93,4525.8,3684,Inactive
PROD0000198,aut veritatis,Sports,Apparel,,638.12,2803.78,1013,Discontinued
PROD0000199,id cumque,Sports,Footwear,LG,4012.45,1737.71,632,Active
PROD0000200,culpa non,Beauty,Haircare,Samsung,2320.07,2079.82,1836,Discontinued
PROD0000201,ullam minus,Home & Kitchen,Furniture,Xiaomi,459.45,802.07,1475,Active
PROD0000202,consectetur voluptatibus,Sports,Apparel,Apple,2422.22,4060.56,1826,Active
PROD0000203,libero doloribus,Grocery,Vegetables,Sony,3864.62,5901.34,42,Inactive
PROD0000204,numquam illum,Sports,Apparel,LG,1422.39,2146.31,4858,Discontinued
PROD0000205,natus ut,Beauty,Makeup,LG,4451.86,2962.16,1130,Inactive
PROD0000206,veniam in,Electronics,Accessories,OnePlus,3159.72,2256.83,2769,Inactive
PROD0000207,molestias nesciunt,Beauty,Makeup,Samsung,2772.0,6597.97,728,Active
PROD0000208,magnam alias,Fashion,Kids,Xiaomi,4552.41,8814.33,4987,Active
PROD0000209,optio eius,Sports,Equipment,Apple,3165.14,1895.51,4715,Discontinued
PROD0000210,libero est,Home & Kitchen,Appliances,Apple,1022.96,2053.15,3102,Active
PROD0000211,molestiae totam,Home & Kitchen,Appliances,Sony,1644.93,4935.66,4583,Discontinued
PROD0000212,est neque,Electronics,Mobiles,Apple,2090.19,338.7,2258,Discontinued
PROD0000213,qui ut,Beauty,Makeup,Generic,2714.64,7225.0,2196,Discontinued
PROD0000214,aliquid dolores,Home & Kitchen,Cookware,Xiaomi,2478.92,4705.57,2232,Active
PROD0000215,fuga quibusdam,Home & Kitchen,Decor,Sony,4709.43,8060.9,4417,Inactive
PROD0000216,sit sequi,Home & Kitchen,Cookware,Generic,4311.37,4290.71,1556,Inactive
PROD0000217,sequi dolor,Grocery,Fruits,LG,183.45,7419.4,4178,Inactive
PROD0000218,corporis nostrum,Sports,Apparel,Apple,3626.23,515.13,1143,Discontinued
PROD0000219,recusandae ducimus,Home & Kitchen,Decor,Sony,3017.41,380.74,3196,Inactive
PROD0000220,eius corporis,Electronics,Mobiles,OnePlus,833.76,7318.02,1406,Inactive
PROD0000221,modi quasi,Home & Kitchen,Appliances,Samsung,4485.94,8283.72,3955,Active
PROD0000222,provident reiciendis,Electronics,Mobiles,Generic,1796.44,2747.19,1879,Active
PROD0000223,laborum nostrum,Grocery,Snacks,Apple,3802.14,7995.72,4489,Active
PROD0000224,debitis dolorem,Fashion,Kids,Apple,3692.18,3510.18,436,Discontinued
PROD0000225,nisi repellendus,Fashion,Women,Apple,2379.13,3774.95,3422,Discontinued
PROD0000226,magnam enim,Fashion,Kids,Sony,1129.1,5692.8,3236,Active
PROD0000227,voluptatibus dignissimos,Fashion,Women,LG,443.18,1176.71,953,Discontinued
PROD0000228,exercitationem aliquam,Grocery,Vegetables,Samsung,4370.0,-100.0,700,Active
PROD0000229,odio dolores,Fashion,Women,,344.74,9162.91,2320,Inactive
PROD0000230,recusandae architecto,Beauty,Makeup,Apple,358.15,3902.72,3346,Discontinued
PROD0000231,asperiores excepturi,Electronics,Accessories,LG,1186.62,8029.08,727,Discontinued
PROD0000232,nostrum officiis,Beauty,Makeup,Xiaomi,2918.12,1304.89,777,Inactive
PROD0000233,ad voluptates,Grocery,Fruits,LG,4702.31,7325.72,3190,Discontinued
PROD0000234,nisi explicabo,Beauty,Haircare,OnePlus,1483.94,5737.42,1282,Active
PROD0000235,nulla tempora,Home & Kitchen,Appliances,Apple,3812.65,7991.85,2707,Active
PROD0000236,ad quidem,Electronics,Mobiles,,3048.38,2302.85,272,Active
PROD0000237,veritatis optio,Beauty,Makeup,OnePlus,4798.96,-100.0,656,Active
PROD0000238,ullam laborum,Sports,Footwear,Xiaomi,2552.68,3261.19,171,Active
PROD0000239,porro enim,Sports,Apparel,Xiaomi,140.38,4643.95,759,Inactive
PROD0000240,neque at,Fashion,Shoes,Generic,2558.71,2297.34,1852,Discontinued
PROD0000241,nihil alias,Home & Kitchen,Furniture,OnePlus,373.26,3255.48,3855,Discontinued
PROD0000242,assumenda fugiat,Home & Kitchen,Decor,Generic,3713.7,9698.55,1216,Active
PROD0000243,fugit suscipit,Fashion,Men,OnePlus,593.38,4390.59,3427,Active
PROD0000244,voluptates facilis,Home & Kitchen,Furniture,Xiaomi,318.88,700.94,1182,Active
PROD0000245,dicta ex,Beauty,Makeup,Xiaomi,4255.07,4957.79,1700,Discontinued
PROD0000246,repudiandae dignissimos,Home & Kitchen,Appliances,LG,4194.23,8667.89,4156,Inactive
PROD0000247,mollitia exercitationem,Electronics,Mobiles,Sony,1796.44,6440.88,1070,Discontinued
PROD0000248,consequatur aperiam,Home & Kitchen,Furniture,,435.2,4934.53,2701,Inactive
PROD0000249,harum asperiores,Grocery,Dairy,Apple,4551.43,9236.65,1389,Discontinued
PROD0000250,facere fuga,Beauty,Makeup,Samsung,1683.3,5016.77,985,Discontinued
PROD0000251,culpa aliquam,Home & Kitchen,Cookware,LG,3709.57,529.45,1623,Inactive
PROD0000252,accusamus enim,Grocery,Fruits,Samsung,350.12,4003.33,4360,Inactive
PROD0000253,iure veritatis,Home & Kitchen,Decor,Generic,2779.92,9110.27,305,Inactive
PROD0000254,ullam magni,Beauty,Haircare,Apple,3179.64,1178.17,2106,Discontinued
PROD0000255,repellat deleniti,Fashion,Kids,Generic,448.45,6208.64,3246,Discontinued
PROD0000256,assumenda earum,Beauty,Skincare,OnePlus,3072.6,4942.28,4640,Inactive
PROD0000257,aspernatur sapiente,Electronics,Accessories,,844.16,7083.72,2606,Active
PROD0000258,reprehenderit reprehenderit,Sports,Apparel,Samsung,3289.24,1916.52,4884,Inactive
PROD0000259,hic pariatur,Home & Kitchen,Appliances,,1968.13,9672.96,746,Active
PROD0000260,autem error,Sports,Equipment,Generic,1794.32,7158.04,1717,Active
PROD0000261,optio in,Beauty,Skincare,Apple,4933.6,3868.73,4299,Active
PROD0000262,voluptate perferendis,Grocery,Fruits,OnePlus,1116.75,1983.57,2519,Inactive
PROD0000263,commodi consectetur,Grocery,Vegetables,Samsung,1857.86,849.75,1778,Discontinued
PROD0000264,architecto sequi,Home & Kitchen,Appliances,Generic,3914.47,410.37,2685,Discontinued
PROD0000265,consequatur sint,Home & Kitchen,Furniture,,3744.34,822.6,158,Discontinued
PROD0000266,reiciendis est,Grocery,Dairy,OnePlus,3849.4,8845.94,1799,Inactive
PROD0000267,cumque veniam,Sports,Equipment,LG,3659.6,7697.98,2438,Discontinued
PROD0000268,doloribus magnam,Grocery,Snacks,,694.38,1333.98,423,Active
PROD0000269,esse laborum,Electronics,Laptops,LG,1637.49,8591.85,4037,Active
PROD0000270,occaecati itaque,Home & Kitchen,Furniture,OnePlus,1601.99,4595.8,2424,Inactive
PROD0000271,officiis et,Sports,Footwear,Samsung,4154.4,8785.02,1064,Active
PROD0000272,in consequatur,Beauty,Skincare,Samsung,1598.05,5343.54,713,Discontinued
PROD0000273,dolorum dicta,Sports,Footwear,Generic,4008.61,3531.6,1856,Discontinued
PROD0000274,amet sapiente,Sports,Equipment,LG,421.36,1523.79,2337,Active
PROD0000275,eius aliquid,Grocery,Dairy,Samsung,2151.18,4320.46,3354,Discontinued
PROD0000276,odit error,Fashion,Men,Sony,434.82,1214.25,2136,Discontinued
PROD0000277,esse iusto,Sports,Equipment,Samsung,1894.21,5767.44,4500,Discontinued
PROD0000278,facilis architecto,Electronics,Tablets,Xiaomi,4705.64,8249.11,2754,Discontinued
PROD0000279,molestias esse,Sports,Footwear,Generic,3413.49,3797.51,446,Inactive
PROD0000280,iste vel,Home & Kitchen,Decor,Samsung,3316.83,2721.11,1583,Active
PROD0000281,eaque maxime,Fashion,Shoes,Generic,2524.93,2501.38,3234,Discontinued
PROD0000282,nam recusandae,Fashion,Shoes,Samsung,1094.18,999999.0,708,Discontinued
PROD0000283,hic eaque,Fashion,Kids,Samsung,4022.28,6654.13,1796,Inactive
PROD0000284,veniam animi,Home & Kitchen,Cookware,Generic,2802.59,2065.33,3604,Inactive
PROD0000285,veritatis repellat,Sports,Apparel,Samsung,2262.98,8129.21,305,Inactive
PROD0000286,placeat facilis,Sports,Apparel,Apple,1476.3,7366.36,4462,Active
PROD0000287,praesentium inventore,Grocery,Fruits,Samsung,1197.56,7306.17,3816,Discontinued
PROD0000288,ipsum nemo,Home & Kitchen,Cookware,Generic,220.18,7545.16,4880,Inactive
PROD0000289,atque rerum,Sports,Apparel,,949.21,1277.64,2927,Discontinued
PROD0000290,ipsam eaque,Home & Kitchen,Cookware,,254.72,6841.03,2601,Active
PROD0000291,ex et,Electronics,Tablets,Sony,995.79,322.34,1966,Discontinued
PROD0000292,aperiam dolores,Sports,Equipment,Generic,1682.03,1530.33,1855,Active
PROD0000293,libero fuga,Electronics,Laptops,Apple,4680.23,3100.71,4186,Inactive
PROD0000294,delectus assumenda,Home & Kitchen,Appliances,Generic,1541.62,5377.96,1498,Active
PROD0000295,ipsa voluptas,Sports,Apparel,Apple,1334.72,4616.39,2681,Inactive
PROD0000296,maxime impedit,Fashion,Kids,LG,942.91,9147.47,3908,Inactive
PROD0000297,ipsum reiciendis,Sports,Apparel,Sony,291.74,7495.06,3450,Active
PROD0000298,quam quo,Fashion,Women,Generic,2417.19,392.0,385,Inactive
PROD0000299,officia et,Sports,Equipment,LG,1570.64,4487.76,1210,Inactive
PROD0000300,cum necessitatibus,Home & Kitchen,Appliances,LG,1123.54,-500.0,3250,Active
PROD0000301,quisquam iure,Fashion,Kids,Sony,4522.7,8636.79,3669,Active
PROD0000302,vitae nam,Sports,Apparel,Generic,1424.88,7266.42,4197,Discontinued
PROD0000303,nemo amet,Beauty,Skincare,Sony,504.57,5698.35,1711,Inactive
PROD0000304,necessitatibus sed,Fashion,Shoes,Samsung,1326.6,4706.22,1365,Discontinued
PROD0000305,itaque quo,Electronics,Tablets,Xiaomi,4046.69,2908.14,604,Inactive
PROD0000306,illum suscipit,Fashion,Women,Samsung,2480.19,1459.17,1993,Discontinued
PROD0000307,maiores impedit,Sports,Equipment,,2957.38,3007.29,4907,Active
PROD0000308,alias dolor,Home & Kitchen,Appliances,LG,2450.51,3107.85,435,Discontinued
PROD0000309,temporibus ratione,Fashion,Men,Sony,1484.98,2586.1,1310,Discontinued
PROD0000310,officiis quis,Home & Kitchen,Furniture,Generic,2913.2,4575.8,2132,Active
PROD0000311,culpa eos,Fashion,Women,Apple,1734.36,3742.09,2554,Inactive
PROD0000312,asperiores eveniet,Fashion,Shoes,Xiaomi,2519.49,5771.04,929,Discontinued
PROD0000313,sapiente quas,Grocery,Snacks,Xiaomi,2679.31,6434.12,416,Active
PROD0000314,quod laudantium,Home & Kitchen,Appliances,,2715.09,853.45,294,Inactive
PROD0000315,eaque illum,Electronics,Accessories,Xiaomi,2793.85,8797.1,1588,Inactive
PROD0000316,tempora consequatur,Grocery,Snacks,Sony,591.86,5978.75,2755,Discontinued
PROD0000317,est deleniti,Grocery,Fruits,LG,4017.83,3001.44,2192,Active
PROD0000318,debitis maiores,Home & Kitchen,Decor,LG,2504.06,927.04,1546,Inactive
PROD0000319,quo beatae,Electronics,Mobiles,Sony,899.63,4962.73,3274,Discontinued
PROD0000320,pariatur sit,Electronics,Mobiles,,4116.97,1741.15,3120,Inactive
PROD0000321,occaecati officiis,Sports,Equipment,LG,3802.17,5468.74,4523,Active
PROD0000322,exercitationem consequatur,Home & Kitchen,Furniture,Xiaomi,4149.33,2919.52,4464,Active
PROD0000323,inventore ipsum,Electronics,Tablets,Sony,4607.62,4811.48,4081,Discontinued
PROD0000324,iste distinctio,Fashion,Kids,Samsung,1331.21,3806.06,2650,Active
PROD0000325,fugit reiciendis,Beauty,Makeup,Samsung,3211.82,4440.32,3973,Discontinued
PROD0000326,sapiente possimus,Home & Kitchen,Decor,OnePlus,1587.15,979.68,2495,Discontinued
PROD0000327,sed reprehenderit,Home & Kitchen,Appliances,OnePlus,4453.42,6526.83,3445,Inactive
PROD0000328,ea provident,Grocery,Dairy,Sony,503.84,2710.71,4140,Inactive
PROD0000329,in numquam,Home & Kitchen,Furniture,LG,3163.1,8386.65,2761,Discontinued
PROD0000330,doloremque repellendus,Fashion,Men,Sony,4570.76,2549.51,161,Discontinued
PROD0000331,unde asperiores,Electronics,Tablets,OnePlus,2967.15,2941.68,3645,Active
PROD0000332,magni quia,Beauty,Makeup,OnePlus,3387.17,843.11,2810,Discontinued
PROD0000333,rerum excepturi,Home & Kitchen,Decor,,1205.87,6963.46,526,Active
PROD0000334,qui aut,Grocery,Fruits,,3222.93,1134.08,4771,Active
PROD0000335,a consectetur,Electronics,Accessories,Xiaomi,3124.11,9919.92,4094,Inactive
PROD0000336,labore maxime,Grocery,Vegetables,Apple,1511.6,8534.97,2899,Active
PROD0000337,nihil autem,Home & Kitchen,Decor,,1918.07,4982.93,691,Inactive
PROD0000338,vel natus,Fashion,Shoes,LG,3727.36,-500.0,2165,Inactive
PROD0000339,aspernatur saepe,Sports,Footwear,Apple,2140.67,922.52,347,Discontinued
PROD0000340,reiciendis provident,Home & Kitchen,Furniture,OnePlus,3725.14,832.76,4048,Discontinued
PROD0000341,sapiente recusandae,Sports,Footwear,Apple,1390.67,214.34,4031,Discontinued
PROD0000342,unde tenetur,Grocery,Vegetables,Samsung,1358.16,5460.27,4563,Inactive
PROD0000343,dolorem recusandae,Fashion,Shoes,Generic,1945.58,2695.92,4025,Active
PROD0000344,dolores assumenda,Grocery,Fruits,Samsung,4493.85,4554.17,509,Inactive
PROD0000345,iste occaecati,Electronics,Laptops,,2491.4,6355.31,373,Inactive
PROD0000346,atque consequatur,Fashion,Women,Xiaomi,4179.05,6382.61,303,Discontinued
PROD0000347,quaerat eligendi,Fashion,Men,LG,4812.16,4666.91,3839,Active
PROD0000348,asperiores sequi,Sports,Apparel,Samsung,1381.04,2121.97,4175,Active
PROD0000349,architecto iusto,Home & Kitchen,Cookware,Generic,3101.46,8901.14,927,Discontinued
PROD0000350,suscipit accusamus,Home & Kitchen,Cookware,OnePlus,4790.54,1064.56,4104,Inactive
PROD0000351,similique nam,Electronics,Mobiles,Samsung,4227.72,3947.08,1397,Inactive
PROD0000352,odit consequatur,Sports,Equipment,OnePlus,2450.94,7918.35,509,Inactive
PROD0000353,cum recusandae,Fashion,Kids,OnePlus,2966.62,5058.42,701,Inactive
PROD0000354,impedit recusandae,Home & Kitchen,Furniture,Sony,4987.93,2882.21,4860,Inactive
PROD0000355,enim inventore,Beauty,Skincare,,2797.35,8095.46,4304,Inactive
PROD0000356,nisi deleniti,Home & Kitchen,Appliances,LG,92.98,7963.97,814,Active
PROD0000357,libero aliquam,Home & Kitchen,Cookware,Xiaomi,810.53,5362.03,397,Active
PROD0000358,harum in,Home & Kitchen,Cookware,,681.57,3073.89,820,Inactive
PROD0000359,sit est,Sports,Equipment,Samsung,1948.13,8324.01,1360,Inactive
PROD0000360,eos fugit,Sports,Footwear,Apple,2260.95,1667.86,2112,Inactive
PROD0000361,et at,Electronics,Mobiles,OnePlus,1740.14,9094.44,3218,Inactive
PROD0000362,repudiandae veniam,Home & Kitchen,Decor,LG,3246.67,6832.51,1810,Inactive
PROD0000363,commodi ea,Sports,Equipment,Generic,2642.0,586.25,3164,Inactive
PROD0000364,eligendi iusto,Fashion,Kids,Samsung,2009.98,9584.41,3355,Discontinued
PROD0000365,saepe laborum,Electronics,Accessories,Sony,3747.1,7000.98,4423,Active
PROD0000366,harum rerum,Sports,Apparel,OnePlus,4998.22,7077.17,2218,Inactive
PROD0000367,culpa aspernatur,Electronics,Mobiles,Generic,1098.02,2045.54,499,Discontinued
PROD0000368,nisi nesciunt,Grocery,Vegetables,,4021.01,5568.31,1530,Inactive
PROD0000369,debitis laboriosam,Beauty,Skincare,OnePlus,2765.82,8412.22,239,Active
PROD0000370,ad vel,Sports,Footwear,Apple,193.76,7188.02,3163,Active
PROD0000371,eos enim,Sports,Apparel,,4337.6,1586.74,2488,Active
PROD0000372,quia excepturi,Fashion,Men,LG,1434.37,3140.26,681,Active
PROD0000373,earum quibusdam,Electronics,Mobiles,Generic,2599.85,914.53,384,Discontinued
PROD0000374,eveniet laudantium,Electronics,Mobiles,Samsung,4506.17,1461.55,2089,Inactive
PROD0000375,porro temporibus,Home & Kitchen,Decor,Sony,3553.74,3583.04,578,Discontinued
PROD0000376,commodi temporibus,Beauty,Skincare,LG,1708.79,3569.82,792,Discontinued
PROD0000377,consequatur exercitationem,Beauty,Haircare,Apple,4998.33,9324.63,4524,Discontinued
PROD0000378,temporibus quibusdam,Sports,Equipment,Generic,3098.93,2282.9,4044,Discontinued
PROD0000379,enim maiores,Beauty,Haircare,Samsung,4701.08,8791.94,2941,Inactive
PROD0000380,nobis mollitia,Beauty,Makeup,LG,3883.55,8655.74,1165,Inactive
PROD0000381,repellendus doloremque,Home & Kitchen,Appliances,Xiaomi,1472.06,4870.17,1369,Active
PROD0000382,fugiat architecto,Sports,Apparel,Apple,662.83,8265.37,3361,Inactive
PROD0000383,illo facilis,Fashion,Men,Generic,3935.99,6732.23,2513,Active
PROD0000384,tempore numquam,Beauty,Makeup,LG,1207.05,1813.91,710,Inactive
PROD0000385,aperiam doloremque,Electronics,Tablets,OnePlus,2693.71,1981.35,236,Discontinued
PROD0000386,sapiente aliquid,Electronics,Tablets,,994.1,2365.76,4143,Discontinued
PROD0000387,doloremque labore,Fashion,Kids,,2969.86,999999.0,1503,Active
PROD0000388,tempora laborum,Fashion,Men,LG,4663.5,4370.16,1141,Active
PROD0000389,omnis reprehenderit,Beauty,Skincare,Apple,1885.51,1093.92,4019,Active
PROD0000390,repellendus voluptas,Beauty,Skincare,,1766.31,8590.23,1482,Discontinued
PROD0000391,ex praesentium,Fashion,Women,,89.41,4134.7,1773,Active
PROD0000392,porro autem,Grocery,Dairy,Generic,4072.8,2367.59,4679,Inactive
PROD0000393,minima fuga,Beauty,Makeup,Generic,1602.68,3849.85,449,Active
PROD0000394,quae cum,Fashion,Men,Sony,3888.88,5419.86,3588,Inactive
PROD0000395,possimus similique,Grocery,Vegetables,Samsung,3833.14,6142.98,1408,Inactive
PROD0000396,odio exercitationem,Electronics,Accessories,,2370.03,5103.95,2900,Discontinued
PROD0000397,odio vel,Sports,Equipment,LG,2148.02,161.17,1642,Active
PROD0000398,voluptatum tempora,Sports,Equipment,Generic,373.67,6680.77,1910,Inactive
PROD0000399,harum delectus,Electronics,Laptops,,855.15,5840.8,2317,Active
PROD0000400,explicabo alias,Grocery,Snacks,OnePlus,1007.12,700.12,499,Inactive
PROD0000401,ducimus vero,Sports,Apparel,OnePlus,544.14,5760.81,1327,Active
PROD0000402,iusto quis,Fashion,Men,Generic,308.08,3953.76,1283,Inactive
PROD0000403,perspiciatis dolore,Fashion,Shoes,Apple,1416.52,5663.95,1563,Discontinued
PROD0000404,omnis perferendis,Fashion,Shoes,OnePlus,3964.42,9268.61,2762,Discontinued
PROD0000405,inventore laudantium,Fashion,Women,Xiaomi,239.88,2221.62,4944,Discontinued
PROD0000406,iure quo,Fashion,Men,LG,1989.42,1836.7,3656,Inactive
PROD0000407,nostrum delectus,Sports,Equipment,Xiaomi,2343.63,8670.6,407,Inactive
PROD0000408,laboriosam odit,Home & Kitchen,Furniture,Apple,1519.92,9022.78,1016,Inactive
PROD0000409,nihil inventore,Beauty,Skincare,,4831.78,9041.55,1641,Inactive
PROD0000410,explicabo voluptatem,Grocery,Dairy,Generic,2481.36,8342.32,501,Inactive
PROD0000411,atque a,Grocery,Fruits,OnePlus,3533.07,6209.87,1203,Discontinued
PROD0000412,natus dolore,Home & Kitchen,Cookware,Xiaomi,1994.76,7298.75,490,Discontinued
PROD0000413,dignissimos dolorem,Electronics,Laptops,Xiaomi,1204.98,487.06,4895,Active
PROD0000414,minus cum,Sports,Footwear,Generic,4519.57,2120.69,520,Inactive
PROD0000415,eos ut,Electronics,Laptops,Samsung,4775.62,2720.33,1938,Discontinued
PROD0000416,laboriosam quasi,Grocery,Vegetables,Generic,3769.26,9934.93,167,Inactive
PROD0000417,recusandae culpa,Home & Kitchen,Decor,Xiaomi,3940.26,9295.01,2864,Active
PROD0000418,animi eum,Home & Kitchen,Decor,OnePlus,4477.05,2445.66,627,Inactive
PROD0000419,esse saepe,Beauty,Makeup,LG,1803.23,1494.2,502,Inactive
PROD0000420,quam quia,Electronics,Accessories,,1134.91,4511.17,2558,Inactive
PROD0000421,tempora ipsa,Sports,Equipment,Sony,484.06,8826.34,358,Inactive
PROD0000422,blanditiis modi,Home & Kitchen,Appliances,Xiaomi,4330.33,3050.8,1075,Inactive
PROD0000423,eum enim,Sports,Footwear,Samsung,4616.95,8333.27,4302,Active
PROD0000424,provident suscipit,Beauty,Haircare,Samsung,1436.37,1694.38,3371,Discontinued
PROD0000425,fuga at,Electronics,Tablets,Xiaomi,2003.87,1606.61,1074,Inactive
PROD0000426,tempore harum,Sports,Equipment,Generic,2517.3,5551.87,917,Discontinued
PROD0000427,corporis natus,Fashion,Men,OnePlus,420.53,1267.16,352,Active
PROD0000428,dicta labore,Electronics,Laptops,Apple,2036.47,9958.24,2725,Discontinued
PROD0000429,nobis expedita,Grocery,Dairy,OnePlus,451.22,3292.77,2718,Active
PROD0000430,excepturi itaque,Grocery,Dairy,LG,603.06,191.31,4738,Inactive
PROD0000431,accusantium dolorum,Beauty,Skincare,Apple,1788.2,3840.79,3175,Inactive
PROD0000432,suscipit soluta,Sports,Equipment,OnePlus,4385.73,3660.92,616,Inactive
PROD0000433,placeat excepturi,Sports,Apparel,OnePlus,3463.98,5261.87,807,Inactive
PROD0000434,quod enim,Fashion,Men,OnePlus,361.0,5454.58,45,Inactive
PROD0000435,blanditiis fugit,Beauty,Skincare,Samsung,3156.6,2432.56,1197,Inactive
PROD0000436,libero accusantium,Electronics,Accessories,Samsung,1338.56,9515.61,4850,Inactive
PROD0000437,minus expedita,Grocery,Snacks,OnePlus,781.59,5509.97,1907,Discontinued
PROD0000438,quidem sed,Sports,Footwear,,3629.0,3806.78,1539,Active
PROD0000439,similique nobis,Fashion,Kids,,3239.76,7270.39,3906,Inactive
PROD0000440,a et,Beauty,Haircare,Apple,3331.01,251.76,2506,Inactive
PROD0000441,consequuntur pariatur,Grocery,Snacks,Generic,3084.38,7069.3,4423,Discontinued
PROD0000442,laboriosam cumque,Grocery,Snacks,LG,1978.38,6230.53,1305,Discontinued
PROD0000443,vitae numquam,Sports,Apparel,,2766.09,3117.86,2405,Active
PROD0000444,maxime nihil,Home & Kitchen,Appliances,LG,954.19,6143.39,4835,Inactive
PROD0000445,error minima,Sports,Footwear,Samsung,701.37,3651.17,1777,Inactive
PROD0000446,officiis ullam,Electronics,Accessories,Samsung,288.36,1194.49,4555,Inactive
PROD0000447,veritatis incidunt,Beauty,Skincare,Apple,4726.55,6287.29,821,Inactive
PROD0000448,voluptatibus delectus,Home & Kitchen,Cookware,OnePlus,3489.45,1770.81,2198,Inactive
PROD0000449,tempora aperiam,Fashion,Kids,Samsung,2657.67,6764.83,1207,Active
PROD0000450,minus expedita,Fashion,Men,Xiaomi,4483.93,4690.71,3889,Discontinued
PROD0000451,qui reprehenderit,Grocery,Vegetables,,4524.06,5068.97,1669,Discontinued
PROD0000452,error voluptatem,Electronics,Tablets,OnePlus,2990.33,1397.22,3043,Inactive
PROD0000453,voluptatum eligendi,Beauty,Makeup,LG,2474.39,4795.35,4235,Inactive
PROD0000454,animi quaerat,Beauty,Haircare,LG,4260.91,6636.15,4217,Active
PROD0000455,eaque voluptas,Home & Kitchen,Decor,,3626.48,9709.94,4185,Discontinued
PROD0000456,deserunt repellendus,Fashion,Kids,Samsung,695.58,438.46,1187,Inactive
PROD0000457,labore sapiente,Beauty,Skincare,Apple,720.9,7023.55,4088,Discontinued
PROD0000458,ea non,Fashion,Women,OnePlus,3584.55,2206.62,2009,Active
PROD0000459,enim voluptate,Sports,Apparel,Apple,1617.67,2239.49,4122,Inactive
PROD0000460,quae ut,Electronics,Laptops,LG,1529.24,7400.89,1201,Active
PROD0000461,assumenda incidunt,Fashion,Women,Samsung,920.86,3424.61,3006,Discontinued
PROD0000462,asperiores ipsam,Electronics,Laptops,Xiaomi,4424.77,4622.55,3008,Discontinued
PROD0000463,eius tempore,Beauty,Haircare,,1380.68,9264.39,1063,Inactive
PROD0000464,sapiente sapiente,Home & Kitchen,Decor,Xiaomi,1122.71,187.08,2392,Discontinued
PROD0000465,quaerat quod,Electronics,Tablets,OnePlus,4617.26,2660.25,2917,Discontinued
PROD0000466,impedit blanditiis,Home & Kitchen,Decor,,3854.76,2290.98,4882,Inactive
PROD0000467,vel cumque,Electronics,Mobiles,Samsung,4772.39,1251.97,3378,Discontinued
PROD0000468,cum tenetur,Sports,Footwear,OnePlus,4338.48,8367.27,715,Active
PROD0000469,inventore molestias,Home & Kitchen,Appliances,Generic,4130.38,2760.51,272,Discontinued
PROD0000470,voluptate est,Grocery,Vegetables,,2152.32,9705.01,3138,Active
PROD0000471,repellat accusantium,Electronics,Accessories,,293.26,5149.6,600,Active
PROD0000472,at amet,Grocery,Vegetables,Generic,3562.27,6997.31,470,Discontinued
PROD0000473,dolores eius,Grocery,Dairy,LG,1136.51,1107.69,2456,Discontinued
PROD0000474,quaerat voluptatem,Sports,Footwear,Xiaomi,1536.92,7122.61,4603,Discontinued
PROD0000475,minima beatae,Electronics,Laptops,Xiaomi,1103.5,2426.15,4926,Discontinued
PROD0000476,hic corrupti,Fashion,Kids,Apple,586.43,7678.94,458,Inactive
PROD0000477,unde doloribus,Beauty,Haircare,Apple,1453.48,9470.06,4166,Active
PROD0000478,cumque occaecati,Home & Kitchen,Appliances,Generic,4323.98,3885.98,2671,Active
PROD0000479,consequuntur explicabo,Sports,Footwear,LG,328.59,5478.55,2583,Active
PROD0000480,provident vitae,Beauty,Skincare,Generic,4484.24,3419.36,4632,Active
PROD0000481,placeat veniam,Beauty,Skincare,Xiaomi,2863.82,440.99,3992,Inactive
PROD0000482,fugit perferendis,Home & Kitchen,Appliances,OnePlus,4646.6,883.13,2305,Inactive
PROD0000483,ducimus optio,Electronics,Accessories,LG,4110.28,4531.91,1381,Active
PROD0000484,necessitatibus voluptate,Home & Kitchen,Furniture,OnePlus,2037.44,9996.94,1871,Active
PROD0000485,ea voluptatum,Home & Kitchen,Appliances,,564.85,8913.16,544,Discontinued
PROD0000486,iure quibusdam,Electronics,Accessories,OnePlus,2672.47,-500.0,1908,Inactive
PROD0000487,consequatur maiores,Home & Kitchen,Furniture,Samsung,4225.68,9536.76,4188,Active
PROD0000488,laudantium corrupti,Sports,Apparel,Samsung,117.02,2671.88,957,Active
PROD0000489,totam libero,Beauty,Makeup,,291.61,9093.17,675,Discontinued
PROD0000490,totam aspernatur,Beauty,Makeup,Sony,2087.65,999999.0,810,Active
PROD0000491,laudantium deleniti,Beauty,Haircare,LG,3946.44,9326.27,4855,Inactive
PROD0000492,fugiat dolorem,Fashion,Shoes,Sony,4122.37,2337.98,1237,Discontinued
PROD0000493,ipsam soluta,Fashion,Kids,Sony,2157.77,1258.95,4474,Discontinued
PROD0000494,unde culpa,Grocery,Fruits,Apple,744.37,5768.18,3389,Inactive
PROD0000495,possimus debitis,Home & Kitchen,Appliances,Apple,4608.18,2689.63,3106,Active
PROD0000496,quam sapiente,Beauty,Skincare,Samsung,147.35,1364.69,2833,Inactive
PROD0000497,quis ducimus,Electronics,Tablets,,1292.22,4189.92,3286,Active
PROD0000498,libero aliquid,Electronics,Mobiles,,988.71,9443.51,2551,Discontinued
PROD0000499,officiis odit,Beauty,Makeup,Generic,1612.99,9251.07,3680,Discontinued
PROD0000500,tempore debitis,Home & Kitchen,Appliances,Generic,4430.31,341.73,3956,Active
PROD0000501,animi ipsa,Home & Kitchen,Furniture,Xiaomi,129.43,6429.34,883,Inactive
PROD0000502,molestias impedit,Home & Kitchen,Cookware,Xiaomi,4294.79,5622.81,4404,Active
PROD0000503,ipsa ab,Sports,Equipment,Apple,1823.34,7216.61,2383,Discontinued
PROD0000504,quas nihil,Beauty,Haircare,,1445.67,3767.91,3063,Inactive
PROD0000505,ducimus fugit,Beauty,Skincare,Apple,4416.1,-100.0,3222,Inactive
PROD0000506,deserunt veritatis,Sports,Equipment,Apple,430.5,1969.38,2578,Active
PROD0000507,labore sint,Fashion,Shoes,OnePlus,3045.46,7040.66,4057,Discontinued
PROD0000508,laborum deserunt,Fashion,Kids,Apple,2224.88,8308.21,2622,Inactive
PROD0000509,molestiae id,Sports,Equipment,LG,64.32,1473.12,4362,Discontinued
PROD0000510,hic vel,Grocery,Dairy,Samsung,4475.85,-500.0,1976,Discontinued
PROD0000511,similique dignissimos,Electronics,Laptops,Xiaomi,338.53,5405.67,1064,Active
PROD0000512,repellendus reiciendis,Beauty,Makeup,LG,2205.93,4149.14,175,Inactive
PROD0000513,debitis veritatis,Electronics,Accessories,OnePlus,4360.69,2904.97,2922,Active
PROD0000514,nisi quibusdam,Electronics,Accessories,Xiaomi,4082.34,4841.29,626,Inactive
PROD0000515,recusandae magni,Home & Kitchen,Cookware,Generic,1808.11,967.93,2584,Active
PROD0000516,nostrum in,Sports,Apparel,Xiaomi,3625.92,3612.27,2771,Discontinued
PROD0000517,nulla ipsam,Sports,Equipment,Samsung,3515.94,4489.31,1200,Discontinued
PROD0000518,quos provident,Beauty,Haircare,Xiaomi,4669.27,900.02,3802,Discontinued
PROD0000519,error quibusdam,Fashion,Men,,3045.78,9094.3,660,Active
PROD0000520,maxime quibusdam,Fashion,Men,Samsung,1610.1,1378.09,2315,Inactive
PROD0000521,ab vero,Beauty,Haircare,OnePlus,2876.1,5580.97,1575,Inactive
PROD0000522,veniam sequi,Fashion,Kids,Xiaomi,297.9,7510.61,1303,Inactive
PROD0000523,minima consequatur,Grocery,Dairy,Apple,55.89,609.1,1155,Active
PROD0000524,non numquam,Home & Kitchen,Furniture,Xiaomi,297.26,399.74,985,Inactive
PROD0000525,accusamus a,Electronics,Accessories,Generic,1383.68,6096.7,485,Discontinued
PROD0000526,deleniti amet,Grocery,Fruits,,682.86,2742.41,4815,Discontinued
PROD0000527,blanditiis assumenda,Home & Kitchen,Cookware,LG,2693.96,2415.87,3282,Discontinued
PROD0000528,est nostrum,Home & Kitchen,Appliances,Apple,4448.42,6013.82,4912,Active
PROD0000529,quasi aut,Electronics,Accessories,,549.66,9824.18,1997,Discontinued
PROD0000530,tenetur expedita,Electronics,Accessories,Generic,632.21,3109.57,1358,Active
PROD0000531,saepe necessitatibus,Fashion,Shoes,OnePlus,4410.01,8000.33,1,Inactive
PROD0000532,corporis dolorem,Home & Kitchen,Cookware,LG,1207.14,7320.93,2160,Inactive
PROD0000533,atque sint,Grocery,Dairy,LG,4366.98,2600.95,2392,Discontinued
PROD0000534,dolores quis,Sports,Equipment,OnePlus,1078.52,541.04,1957,Inactive
PROD0000535,similique officiis,Electronics,Mobiles,Generic,1520.79,4325.54,4703,Active
PROD0000536,iure aperiam,Electronics,Mobiles,LG,303.13,9452.07,3792,Active
PROD0000537,a eaque,Sports,Footwear,OnePlus,3251.04,100.86,3795,Active
PROD0000538,ad libero,Sports,Equipment,,4561.63,5945.02,528,Inactive
PROD0000539,neque aspernatur,Sports,Apparel,Xiaomi,2509.06,4707.11,2752,Active
PROD0000540,ad ad,Sports,Apparel,Xiaomi,3175.35,6206.54,1631,Active
PROD0000541,modi atque,Fashion,Kids,OnePlus,2584.8,5765.19,4624,Inactive
PROD0000542,beatae sequi,Fashion,Women,Sony,1995.04,1948.02,3588,Inactive
PROD0000543,nam laboriosam,Home & Kitchen,Appliances,Generic,1943.92,6887.13,2063,Discontinued
PROD0000544,aperiam doloribus,Home & Kitchen,Appliances,Apple,3161.1,3777.51,4556,Active
PROD0000545,unde quo,Fashion,Men,Xiaomi,2287.26,1961.79,3243,Inactive
PROD0000546,omnis iste,Grocery,Fruits,OnePlus,2956.49,3300.3,4900,Discontinued
PROD0000547,accusamus culpa,Fashion,Kids,Apple,4487.45,2948.7,2795,Discontinued
PROD0000548,modi maxime,Fashion,Women,,2819.27,2370.51,3718,Discontinued
PROD0000549,molestiae voluptates,Grocery,Dairy,Samsung,2864.9,1141.28,1085,Active
PROD0000550,qui porro,Electronics,Mobiles,,1010.45,9112.96,2991,Inactive
PROD0000551,pariatur culpa,Fashion,Women,LG,4266.5,9973.74,2828,Active
PROD0000552,autem magni,Sports,Apparel,Samsung,2172.29,6742.22,4509,Discontinued
PROD0000553,facilis unde,Sports,Footwear,Apple,494.34,9012.9,110,Active
PROD0000554,aut fugiat,Grocery,Snacks,Samsung,706.25,4825.48,2645,Discontinued
PROD0000555,voluptas sunt,Grocery,Snacks,Generic,750.52,1292.51,1489,Inactive
PROD0000556,recusandae voluptate,Grocery,Fruits,Sony,2140.66,6165.46,671,Inactive
PROD0000557,error soluta,Fashion,Kids,Samsung,3715.17,997.75,2886,Discontinued
PROD0000558,hic dolor,Beauty,Makeup,Apple,925.98,918.06,3042,Active
PROD0000559,explicabo tempore,Fashion,Women,LG,982.05,9595.23,3903,Inactive
PROD0000560,esse corporis,Electronics,Accessories,,1909.17,9013.12,2783,Inactive
PROD0000561,pariatur dicta,Home & Kitchen,Furniture,Samsung,1179.68,7863.51,2735,Inactive
PROD0000562,rem commodi,Fashion,Kids,Sony,1273.31,5819.21,1986,Discontinued
PROD0000563,impedit quis,Home & Kitchen,Furniture,OnePlus,4104.37,7083.51,2134,Active
PROD0000564,alias quos,Fashion,Kids,Apple,2086.26,999999.0,795,Inactive
PROD0000565,commodi sed,Electronics,Accessories,Sony,4129.12,4903.14,4114,Active
PROD0000566,incidunt quam,Sports,Footwear,,616.37,7737.91,2966,Inactive
PROD0000567,praesentium quidem,Fashion,Women,LG,3795.26,5102.12,1889,Inactive
PROD0000568,ipsam maiores,Electronics,Mobiles,Samsung,4216.78,8785.18,3438,Discontinued
PROD0000569,accusamus error,Beauty,Haircare,,1065.53,4246.18,1581,Inactive
PROD0000570,totam rem,Sports,Equipment,,846.41,139.88,824,Active
PROD0000571,a cumque,Electronics,Mobiles,Sony,2854.24,6437.08,865,Discontinued
PROD0000572,explicabo deleniti,Grocery,Fruits,,2444.99,1886.96,4357,Discontinued
PROD0000573,voluptatibus dolores,Grocery,Dairy,Sony,2379.35,4207.67,1091,Discontinued
PROD0000574,quae cumque,Electronics,Tablets,Xiaomi,2532.1,2137.78,2303,Discontinued
PROD0000575,facilis ex,Grocery,Vegetables,Apple,3589.54,7844.7,3647,Inactive
PROD0000576,necessitatibus temporibus,Home & Kitchen,Cookware,OnePlus,1554.58,7058.98,555,Active
PROD0000577,repellendus alias,Electronics,Tablets,Generic,3259.88,7268.62,2234,Inactive
PROD0000578,explicabo molestiae,Beauty,Makeup,Xiaomi,2749.78,4319.91,3068,Discontinued
PROD0000579,dolores porro,Grocery,Fruits,Sony,2958.27,6615.71,2168,Active
PROD0000580,iusto possimus,Beauty,Haircare,Xiaomi,1734.07,862.63,44,Discontinued
PROD0000581,quo ex,Sports,Footwear,Apple,2427.3,2547.13,2344,Inactive
PROD0000582,quibusdam est,Sports,Apparel,Sony,1389.21,1285.25,3713,Active
PROD0000583,exercitationem ea,Electronics,Tablets,Xiaomi,2092.84,7602.94,4806,Inactive
PROD0000584,est iure,Fashion,Men,Sony,200.89,5917.06,4903,Inactive
PROD0000585,aperiam eius,Fashion,Women,Sony,4122.82,1209.42,1407,Active
PROD0000586,incidunt voluptatibus,Grocery,Vegetables,Samsung,349.65,8955.45,2434,Active
PROD0000587,nemo nemo,Home & Kitchen,Decor,Sony,2022.39,4506.89,4617,Active
PROD0000588,delectus inventore,Fashion,Men,Generic,2030.4,5496.41,3629,Active
PROD0000589,commodi veniam,Beauty,Skincare,,2041.9,4676.09,4309,Discontinued
PROD0000590,necessitatibus nihil,Beauty,Skincare,Apple,1947.82,126.25,4203,Active
PROD0000591,accusamus odio,Sports,Footwear,Sony,2087.83,9944.29,366,Active
PROD0000592,doloribus rem,Sports,Equipment,Generic,3335.29,4757.24,4776,Active
PROD0000593,asperiores dicta,Beauty,Haircare,,3948.38,-100.0,3862,Inactive
PROD0000594,voluptates magni,Beauty,Haircare,Samsung,541.03,9011.85,3411,Discontinued
PROD0000595,impedit quos,Beauty,Makeup,LG,3076.56,9761.19,4207,Inactive
PROD0000596,nemo labore,Beauty,Haircare,Xiaomi,3982.93,7901.15,916,Active
PROD0000597,a consectetur,Electronics,Mobiles,Apple,3514.81,4891.85,4902,Inactive
PROD0000598,corporis repellat,Electronics,Tablets,LG,1429.19,8346.81,2639,Inactive
PROD0000599,incidunt praesentium,Electronics,Tablets,Apple,699.01,4992.11,478,Discontinued
PROD0000600,dolor optio,Sports,Apparel,LG,128.83,5209.95,2106,Discontinued
PROD0000601,nesciunt molestias,Grocery,Dairy,Sony,4186.68,5008.54,4510,Active
PROD0000602,sapiente ipsam,Grocery,Fruits,Apple,1981.03,8023.41,3673,Active
PROD0000603,minus corporis,Fashion,Women,Samsung,2825.6,7540.01,1086,Active
PROD0000604,nostrum commodi,Home & Kitchen,Decor,Apple,4094.4,2267.47,2134,Active
PROD0000605,sed eius,Fashion,Women,,1629.66,1081.04,4938,Inactive
PROD0000606,porro quibusdam,Fashion,Kids,Generic,3937.35,3374.15,1519,Inactive
PROD0000607,eaque commodi,Sports,Equipment,Xiaomi,1867.95,2747.43,38,Discontinued
PROD0000608,assumenda nesciunt,Grocery,Snacks,LG,3705.23,1662.35,2128,Active
PROD0000609,nam totam,Beauty,Makeup,Generic,2204.04,366.77,190,Active
PROD0000610,magni quidem,Electronics,Laptops,LG,1526.26,3871.18,2769,Inactive
PROD0000611,vero voluptatum,Fashion,Shoes,Generic,1484.11,355.97,3560,Discontinued
PROD0000612,blanditiis quibusdam,Grocery,Snacks,Xiaomi,1947.35,2109.8,3881,Inactive
PROD0000613,dolore natus,Sports,Footwear,LG,2949.8,725.23,1146,Discontinued
PROD0000614,expedita occaecati,Beauty,Haircare,Sony,4450.77,7777.13,4880,Discontinued
PROD0000615,omnis magnam,Beauty,Skincare,,4819.21,6109.27,3871,Inactive
PROD0000616,dolor quo,Home & Kitchen,Furniture,,2260.31,5119.18,2277,Inactive
PROD0000617,quo veniam,Fashion,Men,Samsung,1091.6,8993.96,3414,Discontinued
PROD0000618,quam illo,Sports,Footwear,Apple,3221.24,2452.74,3804,Discontinued
PROD0000619,veniam deleniti,Electronics,Accessories,Apple,4302.54,8219.63,37,Active
PROD0000620,doloremque dicta,Sports,Apparel,Xiaomi,407.56,4314.95,2627,Inactive
PROD0000621,consectetur rerum,Electronics,Mobiles,LG,1903.86,8924.92,3253,Active
PROD0000622,voluptatem nam,Sports,Equipment,,4488.28,9304.41,4975,Discontinued
PROD0000623,impedit fuga,Sports,Apparel,Generic,3035.46,2069.43,3356,Active
PROD0000624,ratione incidunt,Home & Kitchen,Cookware,Generic,3808.43,5541.48,2579,Active
PROD0000625,asperiores quae,Grocery,Dairy,Xiaomi,4384.86,812.14,1866,Discontinued
PROD0000626,ipsam quasi,Sports,Apparel,LG,666.8,1375.96,2746,Discontinued
PROD0000627,aut optio,Sports,Footwear,LG,1830.66,8880.89,2201,Active
PROD0000628,numquam beatae,Grocery,Dairy,Generic,4202.35,9482.11,3563,Discontinued
PROD0000629,possimus doloremque,Sports,Apparel,Sony,3795.48,6607.14,4747,Active
PROD0000630,debitis commodi,Sports,Apparel,Samsung,2223.45,9971.97,1097,Discontinued
PROD0000631,quam eum,Sports,Footwear,Generic,4562.82,5789.8,1969,Inactive
PROD0000632,pariatur mollitia,Electronics,Laptops,Sony,240.48,7811.17,1518,Active
PROD0000633,recusandae eligendi,Beauty,Haircare,OnePlus,266.6,8929.9,2154,Discontinued
PROD0000634,voluptas dicta,Fashion,Men,,4411.42,9781.53,1017,Active
PROD0000635,quibusdam quam,Sports,Apparel,Generic,1999.11,7138.95,1455,Active
PROD0000636,totam deserunt,Sports,Apparel,Apple,715.91,2656.38,2306,Inactive
PROD0000637,esse magnam,Home & Kitchen,Furniture,OnePlus,426.62,1641.21,4242,Active
PROD0000638,in autem,Electronics,Tablets,Apple,4065.47,1875.84,4748,Active
PROD0000639,ab neque,Beauty,Haircare,,1921.62,9124.06,4782,Discontinued
PROD0000640,inventore similique,Beauty,Haircare,Generic,3449.81,8647.31,4676,Inactive
PROD0000641,reiciendis eius,Electronics,Mobiles,OnePlus,4531.03,988.77,31,Discontinued
PROD0000642,assumenda enim,Electronics,Tablets,Generic,4425.17,4250.98,1353,Active
PROD0000643,ab ratione,Fashion,Men,Samsung,1812.22,263.83,135,Discontinued
PROD0000644,illum odio,Home & Kitchen,Appliances,LG,2315.15,9630.35,2007,Active
PROD0000645,sapiente perferendis,Beauty,Makeup,Generic,3084.58,1254.01,4531,Inactive
PROD0000646,blanditiis iure,Grocery,Vegetables,Samsung,4461.49,9287.11,352,Active
PROD0000647,assumenda non,Fashion,Men,Apple,989.05,5202.7,2742,Active
PROD0000648,at non,Sports,Footwear,LG,2704.95,7944.57,1991,Inactive
PROD0000649,iste deleniti,Grocery,Vegetables,,228.01,9552.74,3616,Discontinued
PROD0000650,quam nostrum,Home & Kitchen,Cookware,Xiaomi,3135.45,6336.46,4470,Inactive
PROD0000651,repudiandae corrupti,Sports,Footwear,Sony,3294.06,2998.66,659,Discontinued
PROD0000652,accusamus maxime,Beauty,Makeup,OnePlus,706.34,7440.38,4427,Active
PROD0000653,eos praesentium,Sports,Footwear,OnePlus,2388.04,830.31,1356,Inactive
PROD0000654,fugiat minus,Fashion,Women,Apple,3080.22,307.77,4073,Discontinued
PROD0000655,possimus perspiciatis,Sports,Equipment,,71.56,1968.59,3293,Inactive
PROD0000656,maxime autem,Fashion,Shoes,,2867.87,7446.85,1057,Discontinued
PROD0000657,necessitatibus sed,Electronics,Laptops,Samsung,3641.86,6028.22,1055,Inactive
PROD0000658,in doloribus,Beauty,Haircare,Generic,2778.36,8679.23,1446,Active
PROD0000659,eius perspiciatis,Beauty,Makeup,Samsung,4933.02,8486.64,2920,Discontinued
PROD0000660,labore amet,Electronics,Laptops,OnePlus,4651.54,3825.77,4003,Discontinued
PROD0000661,assumenda aspernatur,Grocery,Fruits,,2301.42,1927.15,4877,Inactive
PROD0000662,ut minus,Electronics,Tablets,Generic,4792.54,978.31,4280,Active
PROD0000663,accusantium cupiditate,Home & Kitchen,Furniture,Apple,3064.98,4142.62,2604,Inactive
PROD0000664,voluptates iste,Electronics,Mobiles,LG,2557.42,9029.67,2540,Inactive
PROD0000665,necessitatibus ipsum,Home & Kitchen,Cookware,Generic,2118.32,5048.55,229,Active
PROD0000666,aperiam fugiat,Beauty,Makeup,OnePlus,4133.04,5174.4,3348,Discontinued
PROD0000667,amet magni,Electronics,Mobiles,Sony,1685.97,3049.11,4518,Inactive
PROD0000668,non vel,Electronics,Accessories,Sony,3616.08,9739.51,3368,Active
PROD0000669,deserunt dolorem,Fashion,Men,Generic,2850.42,1570.77,1357,Inactive
PROD0000670,consectetur voluptate,Beauty,Makeup,Sony,2443.74,7315.06,2105,Active
PROD0000671,laboriosam corrupti,Grocery,Fruits,Generic,2194.8,4243.26,4989,Inactive
PROD0000672,dolorum in,Sports,Equipment,Xiaomi,1667.57,6830.44,2945,Active
PROD0000673,maxime quis,Fashion,Shoes,LG,881.77,3384.61,1674,Active
PROD0000674,sapiente doloribus,Beauty,Makeup,Apple,4681.61,3274.61,1666,Discontinued
PROD0000675,ab dignissimos,Fashion,Women,Generic,1351.81,8572.42,2837,Inactive
PROD0000676,perferendis sapiente,Home & Kitchen,Appliances,Xiaomi,2792.03,4368.17,3439,Active
PROD0000677,hic nesciunt,Grocery,Snacks,Sony,2290.78,1653.36,4754,Active
PROD0000678,voluptates praesentium,Sports,Equipment,Apple,3891.23,2731.77,304,Inactive
PROD0000679,optio corporis,Beauty,Haircare,Xiaomi,4510.21,246.23,2523,Active
PROD0000680,iste maxime,Electronics,Accessories,Apple,2061.12,2731.35,4226,Discontinued
PROD0000681,nihil officia,Electronics,Tablets,,4202.93,599.66,3232,Inactive
PROD0000682,provident ipsam,Electronics,Accessories,Samsung,3987.26,2010.15,2213,Inactive
PROD0000683,ullam veniam,Grocery,Vegetables,Apple,3140.14,9468.51,2021,Inactive
PROD0000684,esse asperiores,Grocery,Fruits,Apple,4426.83,3178.57,739,Active
PROD0000685,nobis ipsum,Beauty,Skincare,OnePlus,3292.34,7667.86,2593,Active
PROD0000686,laborum veritatis,Grocery,Dairy,Apple,4870.73,4870.53,4799,Active
PROD0000687,aliquid sit,Sports,Footwear,,1965.48,8983.73,1226,Inactive
PROD0000688,totam eum,Fashion,Kids,Samsung,1881.2,5793.94,3840,Active
PROD0000689,voluptates architecto,Fashion,Men,Generic,1350.23,3643.26,2142,Active
PROD0000690,aperiam ab,Home & Kitchen,Cookware,Sony,4853.93,3799.17,4094,Active
PROD0000691,facere autem,Sports,Footwear,LG,4886.43,8372.4,654,Inactive
PROD0000692,suscipit porro,Electronics,Tablets,Generic,3828.03,8265.87,2959,Discontinued
PROD0000693,eveniet voluptatibus,Sports,Footwear,,2432.36,8357.98,174,Discontinued
PROD0000694,praesentium eaque,Sports,Footwear,,2973.16,4635.55,4599,Active
PROD0000695,veritatis est,Fashion,Women,Generic,3063.67,3364.76,3566,Inactive
PROD0000696,minima vitae,Beauty,Makeup,OnePlus,1676.66,4982.5,4765,Active
PROD0000697,ratione inventore,Beauty,Makeup,LG,1453.99,5524.01,4652,Active
PROD0000698,dolorem repudiandae,Grocery,Fruits,Samsung,2381.37,9584.52,3972,Discontinued
PROD0000699,repellat impedit,Sports,Footwear,Samsung,2206.64,5498.38,3606,Active
PROD0000700,nisi quasi,Home & Kitchen,Appliances,OnePlus,4877.39,1351.83,1484,Inactive
PROD0000701,similique ab,Grocery,Vegetables,LG,222.69,5631.85,4084,Inactive
PROD0000702,eum harum,Home & Kitchen,Cookware,Sony,1506.17,7790.33,455,Discontinued
PROD0000703,voluptatibus minus,Electronics,Accessories,Generic,714.37,2538.8,1778,Active
PROD0000704,hic harum,Beauty,Haircare,Generic,395.78,3453.33,1954,Inactive
PROD0000705,cumque natus,Electronics,Tablets,Sony,1251.77,9425.78,4234,Active
PROD0000706,praesentium quidem,Sports,Footwear,Apple,2291.78,9359.97,4521,Discontinued
PROD0000707,illo laudantium,Beauty,Makeup,Apple,3929.0,982.72,1263,Active
PROD0000708,neque quos,Sports,Footwear,Samsung,2282.62,9644.51,4337,Discontinued
PROD0000709,dignissimos cupiditate,Beauty,Skincare,Xiaomi,2934.65,7049.19,2315,Inactive
PROD0000710,ducimus error,Home & Kitchen,Appliances,Sony,4618.69,9144.93,2451,Inactive
PROD0000711,atque maiores,Fashion,Kids,,1997.42,4785.13,4808,Inactive
PROD0000712,ipsa ducimus,Electronics,Accessories,Generic,1702.52,5841.09,1844,Inactive
PROD0000713,doloribus occaecati,Home & Kitchen,Cookware,Generic,332.42,1977.65,4027,Active
PROD0000714,eum nostrum,Electronics,Accessories,Samsung,3508.03,2500.53,4018,Discontinued
PROD0000715,ipsam molestiae,Sports,Equipment,Sony,801.49,1480.47,1529,Discontinued
PROD0000716,officiis exercitationem,Sports,Equipment,OnePlus,680.36,2658.66,288,Discontinued
PROD0000717,assumenda voluptate,Home & Kitchen,Cookware,Samsung,612.22,507.29,2032,Discontinued
PROD0000718,minus ratione,Fashion,Kids,Samsung,4752.41,9683.85,105,Discontinued
PROD0000719,inventore ratione,Fashion,Kids,Generic,1971.56,6749.69,4855,Active
PROD0000720,quis porro,Fashion,Women,Samsung,153.66,651.42,1842,Discontinued
PROD0000721,quos quisquam,Fashion,Men,Samsung,486.39,3534.04,3278,Inactive
PROD0000722,eaque in,Fashion,Shoes,Samsung,2438.39,6270.95,4563,Inactive
PROD0000723,nostrum quasi,Sports,Footwear,Xiaomi,1510.43,4838.63,4944,Discontinued
PROD0000724,excepturi doloribus,Fashion,Shoes,Xiaomi,246.75,473.9,2527,Discontinued
PROD0000725,maiores recusandae,Electronics,Laptops,Apple,895.99,8033.01,1941,Active
PROD0000726,ea occaecati,Fashion,Men,,2890.16,6707.48,876,Active
PROD0000727,libero nulla,Grocery,Dairy,LG,4660.95,5325.12,4425,Active
PROD0000728,dolorem harum,Home & Kitchen,Decor,Apple,2632.4,654.61,809,Inactive
PROD0000729,perferendis ratione,Electronics,Tablets,,465.0,9798.44,584,Active
PROD0000730,corrupti laboriosam,Home & Kitchen,Furniture,,1594.46,2195.43,4364,Discontinued
PROD0000731,corrupti reprehenderit,Grocery,Dairy,LG,181.44,6414.53,2882,Inactive
PROD0000732,ad laborum,Beauty,Skincare,LG,1118.14,4156.4,344,Discontinued
PROD0000733,molestiae non,Grocery,Fruits,OnePlus,3242.18,3165.59,1422,Discontinued
PROD0000734,molestias ea,Sports,Equipment,OnePlus,1837.12,8022.68,904,Discontinued
PROD0000735,saepe debitis,Beauty,Skincare,Apple,3832.43,5171.13,886,Discontinued
PROD0000736,asperiores ratione,Beauty,Makeup,LG,3544.9,7799.14,653,Active
PROD0000737,quis perferendis,Home & Kitchen,Appliances,Sony,3355.04,1708.07,3120,Inactive
PROD0000738,dolorem magni,Beauty,Haircare,,4184.58,6587.5,318,Inactive
PROD0000739,quas quidem,Beauty,Haircare,LG,4400.59,6426.67,4789,Active
PROD0000740,cum nostrum,Sports,Apparel,Xiaomi,2947.0,1719.72,4830,Active
PROD0000741,perspiciatis perspiciatis,Grocery,Fruits,Sony,4360.26,5438.6,4170,Discontinued
PROD0000742,perferendis pariatur,Sports,Apparel,Samsung,897.0,7902.69,3537,Active
PROD0000743,rerum dolores,Grocery,Snacks,,699.95,735.94,2,Active
PROD0000744,et veniam,Fashion,Women,Sony,2733.22,4454.82,3947,Inactive
PROD0000745,deserunt nihil,Sports,Footwear,OnePlus,4946.89,9392.8,2896,Active
PROD0000746,vitae neque,Fashion,Kids,Sony,4302.7,3244.12,1664,Active
PROD0000747,facere ut,Fashion,Men,Samsung,93.11,999999.0,3990,Active
PROD0000748,ea molestias,Grocery,Snacks,Xiaomi,316.91,3059.03,2054,Discontinued
PROD0000749,architecto vel,Grocery,Dairy,Apple,1512.03,9600.6,213,Active
PROD0000750,architecto mollitia,Sports,Footwear,Generic,4183.14,402.08,1219,Discontinued
PROD0000751,cupiditate eligendi,Home & Kitchen,Cookware,OnePlus,4748.66,2694.5,3005,Discontinued
PROD0000752,quaerat dolore,Beauty,Skincare,Generic,4754.83,4014.63,3086,Active
PROD0000753,inventore maxime,Fashion,Kids,,3965.93,6730.18,2247,Inactive
PROD0000754,hic reprehenderit,Fashion,Kids,Apple,1739.0,9087.9,454,Inactive
PROD0000755,at consequuntur,Grocery,Dairy,Xiaomi,1459.93,1560.44,3487,Active
PROD0000756,accusamus voluptatibus,Electronics,Tablets,Samsung,1708.16,1488.7,3446,Active
PROD0000757,commodi explicabo,Sports,Footwear,Apple,1585.38,9424.79,3602,Discontinued
PROD0000758,voluptatem vitae,Sports,Apparel,Samsung,3411.91,7323.5,4467,Discontinued
PROD0000759,vero veniam,Beauty,Skincare,LG,1026.75,3763.94,4924,Discontinued
PROD0000760,enim tempore,Electronics,Laptops,LG,2014.04,3975.03,1541,Active
PROD0000761,dicta consequuntur,Beauty,Skincare,Samsung,4665.76,4921.75,2932,Discontinued
PROD0000762,quam ut,Home & Kitchen,Furniture,Generic,4091.88,2490.12,3124,Inactive
PROD0000763,molestias cumque,Fashion,Kids,LG,2202.84,4497.8,1071,Inactive
PROD0000764,fugiat corrupti,Fashion,Men,,1047.4,3385.04,1547,Inactive
PROD0000765,illo nemo,Grocery,Vegetables,Samsung,3990.61,233.51,3864,Inactive
PROD0000766,aliquam quaerat,Home & Kitchen,Decor,Apple,1823.73,5972.95,1488,Discontinued
PROD0000767,rerum magnam,Beauty,Haircare,LG,95.48,4128.86,334,Discontinued
PROD0000768,eaque accusamus,Home & Kitchen,Cookware,Samsung,3959.07,3411.71,1596,Inactive
PROD0000769,fugit veniam,Sports,Apparel,Samsung,4271.62,1058.35,585,Inactive
PROD0000770,quisquam optio,Grocery,Snacks,Sony,2045.27,4474.79,1521,Active
PROD0000771,saepe dolorum,Fashion,Men,OnePlus,4866.86,6015.44,1939,Inactive
PROD0000772,atque non,Electronics,Laptops,Samsung,4756.51,937.54,302,Inactive
PROD0000773,maxime molestias,Grocery,Snacks,Sony,1664.31,4473.66,3628,Inactive
PROD0000774,molestias expedita,Home & Kitchen,Furniture,Xiaomi,3801.55,5909.36,4137,Discontinued
PROD0000775,omnis iste,Fashion,Men,LG,3236.56,5667.68,2190,Inactive
PROD0000776,ad eos,Grocery,Fruits,OnePlus,3008.01,8084.46,3198,Active
PROD0000777,ipsum ab,Electronics,Mobiles,OnePlus,4782.52,9312.72,3189,Discontinued
PROD0000778,ab ut,Beauty,Skincare,Generic,3976.66,2131.19,4235,Discontinued
PROD0000779,facere dignissimos,Electronics,Laptops,Sony,3447.85,-500.0,3655,Inactive
PROD0000780,cumque dolores,Fashion,Men,Sony,1247.34,7863.0,367,Active
PROD0000781,omnis labore,Beauty,Haircare,Apple,1573.9,7104.69,1997,Active
PROD0000782,laborum soluta,Fashion,Men,OnePlus,1741.58,242.35,2985,Discontinued
PROD0000783,ut occaecati,Home & Kitchen,Furniture,Sony,3430.37,790.51,1128,Active
PROD0000784,beatae consectetur,Beauty,Haircare,OnePlus,2812.5,1449.46,1896,Active
PROD0000785,expedita laborum,Home & Kitchen,Cookware,LG,3879.7,3516.66,1449,Discontinued
PROD0000786,sunt molestiae,Fashion,Women,Samsung,4469.17,9553.39,1736,Active
PROD0000787,repudiandae aspernatur,Fashion,Men,Generic,545.62,9639.18,1640,Discontinued
PROD0000788,minus ipsum,Home & Kitchen,Cookware,Generic,4998.7,8025.23,3308,Discontinued
PROD0000789,veritatis dolore,Sports,Apparel,Generic,1373.15,2487.77,321,Inactive
PROD0000790,ipsum reiciendis,Home & Kitchen,Cookware,Generic,4650.84,2498.55,2236,Inactive
PROD0000791,ipsa qui,Fashion,Men,OnePlus,2072.44,9634.19,1147,Inactive
PROD0000792,explicabo excepturi,Home & Kitchen,Decor,OnePlus,1061.5,8000.01,1802,Inactive
PROD0000793,illo ipsam,Grocery,Snacks,Apple,1525.81,-500.0,957,Active
PROD0000794,fuga nulla,Grocery,Fruits,,2699.08,6317.56,1279,Discontinued
PROD0000795,fugit corrupti,Home & Kitchen,Cookware,Samsung,3487.88,5539.37,1292,Active
PROD0000796,culpa itaque,Sports,Equipment,Generic,1960.37,9786.08,2685,Discontinued
PROD0000797,tempore distinctio,Beauty,Skincare,OnePlus,3016.01,1412.36,1837,Active
PROD0000798,pariatur quibusdam,Beauty,Makeup,Xiaomi,4420.16,4072.76,3454,Active
PROD0000799,labore sapiente,Sports,Apparel,Samsung,576.33,-500.0,1456,Discontinued
PROD0000800,nisi dolorum,Beauty,Makeup,Xiaomi,2357.0,8489.28,287,Active
PROD0000801,accusamus ab,Grocery,Fruits,Sony,2277.37,3842.75,1693,Inactive
PROD0000802,aspernatur sed,Fashion,Kids,LG,2721.11,8558.91,4867,Active
PROD0000803,provident ducimus,Sports,Apparel,Xiaomi,1803.41,5963.24,3857,Inactive
PROD0000804,quis laborum,Grocery,Vegetables,Generic,4277.44,8911.67,1649,Inactive
PROD0000805,eum adipisci,Fashion,Kids,Apple,1075.11,3352.5,4126,Active
PROD0000806,alias ipsam,Fashion,Kids,Xiaomi,1975.2,4053.59,3767,Active
PROD0000807,aliquam nisi,Grocery,Dairy,Samsung,4871.12,2040.98,1826,Active
PROD0000808,veritatis laudantium,Electronics,Accessories,Generic,3086.16,4716.47,131,Active
PROD0000809,reiciendis eveniet,Grocery,Vegetables,Xiaomi,1427.61,9821.96,2186,Discontinued
PROD0000810,laboriosam vitae,Fashion,Women,Apple,1214.46,4063.15,1990,Discontinued
PROD0000811,aut aut,Fashion,Kids,LG,3401.88,6372.64,923,Active
PROD0000812,alias explicabo,Fashion,Kids,Sony,3630.15,1993.21,4186,Discontinued
PROD0000813,repellat ducimus,Electronics,Tablets,LG,900.59,7645.74,312,Discontinued
PROD0000814,voluptas recusandae,Fashion,Shoes,OnePlus,4551.88,6061.15,3356,Discontinued
PROD0000815,dolor voluptas,Fashion,Kids,,1437.44,1844.11,1438,Discontinued
PROD0000816,est ullam,Home & Kitchen,Appliances,Samsung,4063.07,2103.33,2903,Inactive
PROD0000817,laborum nobis,Fashion,Women,OnePlus,1639.17,6227.26,3276,Active
PROD0000818,id laborum,Electronics,Accessories,OnePlus,1715.97,6374.95,2460,Discontinued
PROD0000819,animi magni,Home & Kitchen,Cookware,Samsung,1008.73,6712.57,2308,Inactive
PROD0000820,a aperiam,Fashion,Shoes,Generic,352.54,5574.96,4275,Inactive
PROD0000821,dolore iusto,Fashion,Kids,OnePlus,543.93,6154.3,535,Discontinued
PROD0000822,eaque maiores,Fashion,Kids,Apple,4835.39,3211.14,1391,Active
PROD0000823,ipsum harum,Grocery,Fruits,Generic,134.85,1870.09,3185,Inactive
PROD0000824,beatae quos,Fashion,Men,OnePlus,4822.92,316.68,4223,Active
PROD0000825,placeat porro,Sports,Equipment,OnePlus,4267.47,277.92,790,Discontinued
PROD0000826,sunt modi,Grocery,Snacks,Sony,318.73,564.58,4812,Inactive
PROD0000827,eum nam,Sports,Apparel,OnePlus,104.91,7017.26,1217,Inactive
PROD0000828,error possimus,Electronics,Accessories,Apple,2556.31,3157.0,4466,Active
PROD0000829,eum possimus,Fashion,Men,LG,2619.42,5372.34,1315,Active
PROD0000830,asperiores commodi,Sports,Apparel,Xiaomi,714.21,5328.55,3613,Active
PROD0000831,enim et,Beauty,Haircare,Generic,1931.99,8917.66,1075,Discontinued
PROD0000832,autem porro,Grocery,Snacks,,4361.26,4151.16,3438,Active
PROD0000833,quod cumque,Sports,Equipment,Sony,835.03,2670.69,1450,Inactive
PROD0000834,a velit,Electronics,Accessories,Generic,3247.18,3997.01,826,Active
PROD0000835,non molestias,Grocery,Snacks,Xiaomi,356.78,464.53,4040,Active
PROD0000836,dolor optio,Electronics,Accessories,OnePlus,3637.79,891.33,4068,Inactive
PROD0000837,sed nesciunt,Beauty,Haircare,Apple,1549.61,6761.33,4253,Active
PROD0000838,architecto nihil,Home & Kitchen,Appliances,Generic,1265.33,1012.05,2662,Discontinued
PROD0000839,dolore consectetur,Grocery,Fruits,Generic,4834.01,3680.47,3536,Inactive
PROD0000840,alias cum,Sports,Equipment,Generic,4499.63,4092.01,4590,Inactive
PROD0000841,quo eos,Beauty,Haircare,Apple,4693.93,3759.2,226,Active
PROD0000842,iusto rem,Electronics,Accessories,Xiaomi,261.95,7756.13,3206,Active
PROD0000843,cumque deserunt,Electronics,Laptops,Sony,1383.94,1696.94,4479,Discontinued
PROD0000844,quo dolorem,Fashion,Kids,OnePlus,638.63,3409.77,785,Inactive
PROD0000845,tenetur ratione,Grocery,Dairy,Samsung,2724.53,5090.93,4448,Inactive
PROD0000846,natus molestias,Home & Kitchen,Cookware,Generic,1722.48,2335.26,2799,Inactive
PROD0000847,corrupti consectetur,Beauty,Makeup,Xiaomi,1504.76,484.43,3401,Inactive
PROD0000848,blanditiis laudantium,Electronics,Accessories,OnePlus,3705.78,6651.1,603,Active
PROD0000849,architecto ut,Grocery,Dairy,OnePlus,570.74,8571.05,3939,Discontinued
PROD0000850,ipsam iusto,Grocery,Snacks,Apple,2234.74,6516.42,1240,Active
PROD0000851,molestias sapiente,Home & Kitchen,Appliances,LG,3777.45,2372.99,2948,Active
PROD0000852,nam dolorum,Sports,Footwear,OnePlus,2218.68,2104.94,4039,Active
PROD0000853,velit beatae,Sports,Apparel,Apple,659.45,2917.21,2614,Inactive
PROD0000854,blanditiis velit,Grocery,Snacks,Xiaomi,3357.05,6044.8,4269,Discontinued
PROD0000855,recusandae tempora,Sports,Equipment,Apple,2431.11,9185.24,1517,Discontinued
PROD0000856,ipsum nostrum,Electronics,Laptops,OnePlus,3456.0,9048.32,3299,Discontinued
PROD0000857,placeat natus,Home & Kitchen,Decor,LG,2156.74,2130.0,65,Inactive
PROD0000858,temporibus neque,Home & Kitchen,Appliances,Apple,1525.14,3828.74,1447,Active
PROD0000859,quam vitae,Grocery,Fruits,Apple,1384.25,8536.45,926,Inactive
PROD0000860,ullam qui,Home & Kitchen,Decor,LG,3865.87,9317.48,2870,Active
PROD0000861,earum odio,Electronics,Mobiles,Generic,1994.29,7057.39,1552,Discontinued
PROD0000862,alias animi,Sports,Footwear,Apple,4841.13,7649.46,4100,Discontinued
PROD0000863,molestiae molestiae,Beauty,Haircare,,2120.05,7508.22,4594,Active
PROD0000864,voluptates adipisci,Grocery,Vegetables,Sony,4625.64,1715.7,4676,Inactive
PROD0000865,placeat illo,Electronics,Mobiles,,1008.22,573.19,1943,Active
PROD0000866,cupiditate molestiae,Beauty,Haircare,Xiaomi,4013.66,8468.43,217,Active
PROD0000867,accusantium adipisci,Home & Kitchen,Cookware,Apple,2046.54,2172.73,3023,Inactive
PROD0000868,provident ullam,Beauty,Makeup,Samsung,1133.66,9825.33,469,Active
PROD0000869,fuga enim,Sports,Equipment,Generic,1031.39,8778.99,3169,Discontinued
PROD0000870,cumque eveniet,Beauty,Haircare,Xiaomi,270.38,6895.85,3541,Inactive
PROD0000871,occaecati eveniet,Fashion,Shoes,Sony,4224.25,8572.81,4903,Discontinued
PROD0000872,eveniet doloremque,Grocery,Fruits,Generic,575.2,5869.57,2203,Active
PROD0000873,est veniam,Home & Kitchen,Decor,Sony,1315.0,4921.1,1041,Active
PROD0000874,ea commodi,Fashion,Women,Samsung,3411.89,4464.3,1860,Active
PROD0000875,quia reprehenderit,Beauty,Haircare,Sony,2121.37,9116.16,4626,Active
PROD0000876,quis molestiae,Home & Kitchen,Cookware,,254.41,3770.73,1125,Active
PROD0000877,aliquam libero,Home & Kitchen,Cookware,Samsung,846.39,8021.13,1192,Active
PROD0000878,officiis eligendi,Fashion,Kids,LG,3847.86,8649.82,1442,Discontinued
PROD0000879,corrupti mollitia,Electronics,Laptops,LG,2706.35,2577.38,1197,Discontinued
PROD0000880,voluptatem earum,Home & Kitchen,Furniture,LG,2940.92,6651.04,4753,Discontinued
PROD0000881,quae laborum,Fashion,Shoes,Generic,1434.4,902.5,1771,Active
PROD0000882,omnis molestias,Sports,Apparel,Generic,3034.23,5186.91,1736,Active
PROD0000883,rem ad,Electronics,Laptops,Xiaomi,2678.57,3264.25,4247,Active
PROD0000884,quia impedit,Grocery,Fruits,Xiaomi,2368.36,9647.16,3821,Active
PROD0000885,odio cum,Fashion,Kids,Samsung,1165.27,8977.91,210,Active
PROD0000886,corporis sit,Sports,Apparel,LG,3559.41,607.06,1176,Discontinued
PROD0000887,mollitia cumque,Beauty,Skincare,OnePlus,2744.44,2976.93,1078,Active
PROD0000888,pariatur sed,Grocery,Snacks,OnePlus,2251.34,643.98,3540,Active
PROD0000889,laudantium dolorem,Grocery,Vegetables,LG,3092.54,9722.82,2035,Active
PROD0000890,esse occaecati,Electronics,Laptops,Apple,1825.42,1218.17,4202,Discontinued
PROD0000891,saepe saepe,Electronics,Mobiles,Apple,3625.1,4357.58,3073,Active
PROD0000892,asperiores impedit,Sports,Equipment,OnePlus,4181.32,6386.32,2233,Active
PROD0000893,voluptatibus magnam,Grocery,Fruits,Xiaomi,4685.39,7369.97,4487,Inactive
PROD0000894,accusantium est,Fashion,Men,Xiaomi,1726.72,1293.88,2465,Active
PROD0000895,repellendus quidem,Fashion,Men,LG,2460.5,3024.96,4237,Active
PROD0000896,corrupti nam,Fashion,Shoes,OnePlus,2201.88,9001.35,3016,Inactive
PROD0000897,eaque debitis,Grocery,Fruits,,611.59,4603.24,1750,Discontinued
PROD0000898,quo maxime,Sports,Apparel,,1785.07,1473.29,3924,Active
PROD0000899,animi nulla,Grocery,Snacks,Xiaomi,3975.1,6537.61,837,Inactive
PROD0000900,voluptas atque,Beauty,Haircare,LG,1508.48,1886.68,4474,Active
PROD0000901,odio consequatur,Fashion,Women,LG,1612.12,1997.8,1446,Inactive
PROD0000902,amet eum,Fashion,Kids,,1204.21,6746.09,3598,Inactive
PROD0000903,itaque illo,Home & Kitchen,Appliances,LG,3401.49,3511.08,1447,Discontinued
PROD0000904,doloremque nam,Grocery,Fruits,Apple,2076.65,484.95,782,Discontinued
PROD0000905,possimus quisquam,Grocery,Vegetables,,1045.61,4344.16,555,Discontinued
PROD0000906,iure illum,Sports,Equipment,,4723.23,6192.77,4577,Inactive
PROD0000907,rerum fugit,Sports,Footwear,Generic,3705.5,3501.58,3121,Inactive
PROD0000908,voluptatum quae,Grocery,Snacks,Sony,1844.26,6493.62,437,Active
PROD0000909,doloribus culpa,Electronics,Mobiles,Xiaomi,1655.9,8346.18,951,Discontinued
PROD0000910,voluptates libero,Beauty,Haircare,,4047.85,2167.02,3844,Discontinued
PROD0000911,non harum,Electronics,Laptops,Generic,1242.74,1234.42,2410,Active
PROD0000912,architecto sapiente,Beauty,Skincare,Sony,399.32,6816.41,4699,Active
PROD0000913,eos impedit,Home & Kitchen,Decor,LG,3250.3,4781.55,1202,Inactive
PROD0000914,corrupti illum,Beauty,Skincare,Generic,1453.58,2641.38,3713,Discontinued
PROD0000915,blanditiis magni,Sports,Equipment,Sony,717.34,6357.05,2076,Active
PROD0000916,fugit fuga,Home & Kitchen,Decor,Samsung,4336.91,5527.82,3673,Discontinued
PROD0000917,assumenda assumenda,Sports,Apparel,,4045.17,2863.23,2591,Active
PROD0000918,omnis tenetur,Beauty,Skincare,OnePlus,3057.69,4172.32,3159,Discontinued
PROD0000919,asperiores maiores,Beauty,Haircare,Sony,1534.69,1607.75,3899,Inactive
PROD0000920,perspiciatis suscipit,Fashion,Women,OnePlus,1889.18,9519.48,4023,Active
PROD0000921,placeat sequi,Home & Kitchen,Appliances,Xiaomi,402.86,245.67,3594,Inactive
PROD0000922,reiciendis quo,Beauty,Skincare,Apple,4590.48,-100.0,1142,Active
PROD0000923,ad ab,Electronics,Mobiles,LG,1746.07,4488.6,2692,Active
PROD0000924,architecto quas,Grocery,Fruits,Apple,589.08,368.9,3826,Discontinued
PROD0000925,eos tenetur,Sports,Equipment,Samsung,4125.31,5927.73,1397,Discontinued
PROD0000926,eum beatae,Grocery,Dairy,,4616.57,9479.03,4064,Active
PROD0000927,velit impedit,Electronics,Tablets,Apple,2538.51,1337.54,713,Active
PROD0000928,nihil magni,Home & Kitchen,Appliances,,1323.64,8498.75,319,Inactive
PROD0000929,laboriosam culpa,Grocery,Fruits,Samsung,2734.99,1794.55,3204,Inactive
PROD0000930,occaecati odit,Home & Kitchen,Appliances,Generic,2481.91,9063.95,647,Active
PROD0000931,vel eveniet,Grocery,Dairy,Xiaomi,606.16,3428.25,2201,Inactive
PROD0000932,quas voluptas,Beauty,Makeup,Samsung,3241.73,4501.06,3957,Discontinued
PROD0000933,dolores ipsam,Fashion,Women,Samsung,2421.08,9773.94,1134,Inactive
PROD0000934,aut minima,Home & Kitchen,Furniture,LG,3345.73,9678.75,4517,Discontinued
PROD0000935,architecto cupiditate,Grocery,Snacks,Apple,1461.29,8918.36,3803,Inactive
PROD0000936,dicta necessitatibus,Home & Kitchen,Cookware,Generic,4591.29,5134.28,3250,Active
PROD0000937,numquam suscipit,Sports,Equipment,Xiaomi,2969.25,6125.12,2689,Discontinued
PROD0000938,provident eius,Fashion,Shoes,Sony,3172.3,4257.19,3813,Inactive
PROD0000939,totam earum,Beauty,Haircare,Xiaomi,4251.73,5410.0,748,Active
PROD0000940,adipisci nihil,Electronics,Laptops,Generic,883.7,5663.01,2162,Active
PROD0000941,illo excepturi,Fashion,Women,,4069.25,1757.48,914,Inactive
PROD0000942,velit incidunt,Electronics,Accessories,Samsung,4685.73,5872.2,4420,Discontinued
PROD0000943,repellat quae,Sports,Footwear,LG,2170.72,3956.14,3886,Inactive
PROD0000944,quia ab,Home & Kitchen,Cookware,Samsung,686.75,1529.86,508,Inactive
PROD0000945,et delectus,Home & Kitchen,Appliances,OnePlus,2860.94,3946.14,936,Active
PROD0000946,maxime illum,Fashion,Shoes,Xiaomi,3269.23,503.52,3669,Discontinued
PROD0000947,reiciendis quae,Electronics,Laptops,Sony,3496.12,9933.03,412,Discontinued
PROD0000948,libero natus,Beauty,Makeup,,4859.57,2136.43,551,Active
PROD0000949,facilis eligendi,Fashion,Men,Xiaomi,738.61,8304.24,3702,Inactive
PROD0000950,aliquam saepe,Fashion,Men,Generic,3876.97,1132.26,180,Discontinued
PROD0000951,doloribus fuga,Fashion,Women,Apple,1469.75,9208.03,3815,Inactive
PROD0000952,est enim,Sports,Equipment,LG,4444.2,3606.97,1172,Active
PROD0000953,totam deserunt,Grocery,Fruits,Samsung,3985.17,8743.49,2244,Discontinued
PROD0000954,officia cum,Electronics,Accessories,Sony,1550.72,2470.57,3397,Inactive
PROD0000955,reprehenderit pariatur,Fashion,Kids,Apple,2285.58,9804.88,4629,Discontinued
PROD0000956,blanditiis dolorum,Grocery,Fruits,,410.31,2569.97,4104,Discontinued
PROD0000957,possimus explicabo,Sports,Equipment,Samsung,4851.54,6434.02,1133,Inactive
PROD0000958,consequuntur a,Fashion,Men,Sony,4641.37,2353.5,3559,Discontinued
PROD0000959,est odit,Grocery,Vegetables,,4949.87,4992.41,1325,Discontinued
PROD0000960,ipsam esse,Home & Kitchen,Furniture,LG,4557.05,4807.88,411,Inactive
PROD0000961,officiis quam,Fashion,Kids,OnePlus,327.42,9329.06,4256,Inactive
PROD0000962,officia perspiciatis,Sports,Apparel,,4151.95,3894.98,586,Active
PROD0000963,unde numquam,Grocery,Vegetables,Xiaomi,4866.24,3264.0,1387,Discontinued
PROD0000964,architecto possimus,Home & Kitchen,Appliances,Generic,251.52,5157.23,1450,Active
PROD0000965,et dicta,Grocery,Fruits,Sony,4973.87,4626.52,4596,Active
PROD0000966,dicta perspiciatis,Beauty,Haircare,Sony,3412.09,6551.75,2635,Active
PROD0000967,minus fuga,Electronics,Tablets,Apple,979.03,4415.62,890,Discontinued
PROD0000968,perferendis quas,Grocery,Vegetables,Sony,1070.53,8103.01,3919,Inactive
PROD0000969,minima ullam,Beauty,Makeup,Samsung,4275.26,1571.33,4185,Active
PROD0000970,id iusto,Beauty,Makeup,LG,144.62,6545.57,3894,Discontinued
PROD0000971,a occaecati,Sports,Footwear,Generic,1388.19,4875.11,4009,Discontinued
PROD0000972,quia quo,Electronics,Tablets,OnePlus,2219.6,5793.09,4402,Inactive
PROD0000973,impedit sit,Home & Kitchen,Appliances,LG,2144.82,7423.2,3876,Inactive
PROD0000974,rerum fugiat,Electronics,Mobiles,Xiaomi,201.86,4512.45,4040,Inactive
PROD0000975,occaecati veniam,Electronics,Accessories,Xiaomi,530.71,8233.59,3621,Inactive
PROD0000976,adipisci debitis,Sports,Equipment,Generic,2973.21,3227.63,2334,Discontinued
PROD0000977,dolorum eum,Grocery,Fruits,OnePlus,450.68,6261.93,366,Active
PROD0000978,debitis velit,Fashion,Kids,Xiaomi,2742.3,2528.93,1537,Discontinued
PROD0000979,ipsum deleniti,Grocery,Dairy,,893.99,2987.44,3338,Discontinued
PROD0000980,a minus,Fashion,Shoes,Samsung,3976.56,1934.72,4467,Discontinued
PROD0000981,dolor blanditiis,Fashion,Shoes,Xiaomi,2517.6,6641.61,4694,Discontinued
PROD0000982,ut corrupti,Grocery,Dairy,Xiaomi,3490.04,9600.01,701,Discontinued
PROD0000983,doloribus ad,Fashion,Kids,,3772.15,1947.54,4899,Discontinued
PROD0000984,molestias atque,Electronics,Laptops,Samsung,996.54,3682.63,1168,Active
PROD0000985,perferendis eveniet,Sports,Footwear,Generic,3304.18,859.48,3781,Discontinued
PROD0000986,cum eum,Beauty,Haircare,Generic,3353.51,9079.33,1258,Inactive
PROD0000987,odit maiores,Fashion,Men,Xiaomi,1804.36,1133.69,2163,Inactive
PROD0000988,labore sequi,Sports,Equipment,Samsung,2367.49,2901.9,1361,Inactive
PROD0000989,soluta molestiae,Electronics,Mobiles,Generic,3518.36,1391.3,1380,Discontinued
PROD0000990,asperiores ipsam,Beauty,Skincare,,989.94,9123.31,1540,Active
PROD0000991,eum ut,Home & Kitchen,Furniture,Apple,2640.99,7639.15,1212,Inactive
PROD0000992,itaque expedita,Beauty,Haircare,Generic,2123.95,9328.83,3180,Active
PROD0000993,vitae accusantium,Electronics,Laptops,Samsung,1881.53,518.66,2976,Discontinued
PROD0000994,inventore perspiciatis,Fashion,Kids,Generic,4194.53,6122.45,3543,Inactive
PROD0000995,asperiores molestiae,Fashion,Women,Xiaomi,3193.45,7488.76,3367,Inactive
PROD0000996,aliquam temporibus,Home & Kitchen,Decor,Apple,4598.2,6488.25,3557,Inactive
PROD0000997,illo corrupti,Home & Kitchen,Cookware,,2349.69,2192.95,4427,Inactive
PROD0000998,nam autem,Sports,Footwear,Generic,4557.77,8475.14,2351,Active
PROD0000999,ad aliquid,Beauty,Makeup,Sony,2400.81,7379.94,1475,Active
PROD0001000,provident vero,Beauty,Skincare,OnePlus,3063.82,3628.0,3098,Inactive
PROD0001001,praesentium unde,Fashion,Kids,Samsung,691.29,801.38,2084,Inactive
PROD0001002,neque architecto,Beauty,Makeup,OnePlus,2277.61,1562.95,1283,Inactive
PROD0001003,fugiat excepturi,Grocery,Vegetables,Sony,259.47,5390.91,3221,Discontinued
PROD0001004,tenetur illum,Grocery,Snacks,Apple,1859.95,8125.16,1622,Inactive
PROD0001005,pariatur architecto,Beauty,Makeup,Apple,4288.61,3182.58,765,Inactive
PROD0001006,porro id,Electronics,Laptops,Xiaomi,571.97,7161.42,1820,Inactive
PROD0001007,officiis soluta,Sports,Footwear,Xiaomi,4636.62,9602.71,3320,Active
PROD0001008,fugit ullam,Sports,Footwear,Samsung,1400.73,589.68,2154,Active
PROD0001009,iusto eos,Grocery,Fruits,,653.17,686.91,1627,Discontinued
PROD0001010,saepe corrupti,Beauty,Haircare,LG,3967.46,462.99,1374,Active
PROD0001011,nisi quae,Home & Kitchen,Cookware,,4026.27,8968.58,2325,Active
PROD0001012,recusandae illo,Home & Kitchen,Appliances,Apple,2262.14,4160.47,183,Inactive
PROD0001013,porro temporibus,Beauty,Skincare,Sony,161.72,3596.5,1724,Inactive
PROD0001014,dolorem sequi,Fashion,Shoes,Samsung,910.9,3745.52,3286,Inactive
PROD0001015,labore soluta,Beauty,Makeup,Apple,916.45,3278.04,1957,Active
PROD0001016,id illum,Fashion,Kids,Apple,1943.43,691.87,3558,Discontinued
PROD0001017,mollitia minima,Electronics,Accessories,OnePlus,1219.25,8441.96,1012,Active
PROD0001018,minima sed,Grocery,Fruits,Apple,4627.48,5767.35,1662,Discontinued
PROD0001019,culpa architecto,Electronics,Laptops,Apple,1388.36,1276.37,210,Inactive
PROD0001020,deleniti culpa,Beauty,Makeup,,2803.94,3018.79,46,Inactive
PROD0001021,cumque fugiat,Beauty,Haircare,,1741.31,3736.53,4734,Active
PROD0001022,molestias debitis,Beauty,Skincare,LG,1642.09,5189.69,4186,Discontinued
PROD0001023,quasi aspernatur,Sports,Apparel,OnePlus,3352.71,999999.0,3271,Inactive
PROD0001024,quae eius,Beauty,Makeup,Xiaomi,3997.49,8113.98,1622,Inactive
PROD0001025,quam natus,Electronics,Accessories,LG,3180.05,9240.07,4924,Discontinued
PROD0001026,nihil vitae,Grocery,Snacks,,2861.29,3956.96,2009,Active
PROD0001027,alias nostrum,Electronics,Mobiles,OnePlus,2101.88,6573.17,1415,Discontinued
PROD0001028,ab sapiente,Fashion,Shoes,Samsung,1771.15,7357.73,1464,Inactive
PROD0001029,sint incidunt,Beauty,Makeup,Generic,4273.91,3382.09,932,Inactive
PROD0001030,expedita nesciunt,Electronics,Accessories,OnePlus,4183.56,3118.32,3633,Discontinued
PROD0001031,sunt quas,Home & Kitchen,Appliances,,3538.95,4683.56,944,Inactive
PROD0001032,a odit,Home & Kitchen,Appliances,Xiaomi,2791.19,9580.35,3503,Active
PROD0001033,voluptas eius,Beauty,Skincare,Apple,4622.23,5602.57,3371,Discontinued
PROD0001034,quia temporibus,Home & Kitchen,Appliances,,1189.34,1965.55,2144,Active
PROD0001035,molestiae ea,Fashion,Men,,2979.65,6637.2,1393,Inactive
PROD0001036,perspiciatis numquam,Sports,Equipment,Xiaomi,3350.94,181.58,2984,Active
PROD0001037,odio neque,Fashion,Shoes,Apple,2613.84,5805.43,4775,Active
PROD0001038,dolorum debitis,Home & Kitchen,Appliances,Generic,464.86,2617.89,421,Active
PROD0001039,saepe velit,Beauty,Skincare,Sony,4745.55,5986.9,1642,Inactive
PROD0001040,quod ratione,Fashion,Kids,,1755.4,683.28,3670,Discontinued
PROD0001041,dolorem maxime,Electronics,Tablets,Apple,3086.2,9420.66,377,Discontinued
PROD0001042,ab dolorem,Electronics,Accessories,Generic,2032.84,5284.6,4109,Discontinued
PROD0001043,alias a,Electronics,Laptops,,2451.49,4034.15,1006,Discontinued
PROD0001044,doloremque repellendus,Home & Kitchen,Appliances,LG,3185.15,1476.51,3991,Active
PROD0001045,fugit doloremque,Fashion,Shoes,Sony,3055.74,451.89,1740,Active
PROD0001046,inventore non,Fashion,Women,Generic,1281.67,792.67,352,Discontinued
PROD0001047,sint dolor,Fashion,Women,,167.88,8394.65,794,Inactive
PROD0001048,nihil sit,Home & Kitchen,Furniture,Samsung,3811.1,3963.53,4194,Discontinued
PROD0001049,porro voluptatem,Sports,Apparel,Xiaomi,3612.58,7611.93,1525,Discontinued
PROD0001050,quidem ex,Electronics,Tablets,Sony,3026.81,6023.24,53,Discontinued
PROD0001051,sint odit,Beauty,Haircare,Xiaomi,4642.2,5717.6,76,Inactive
PROD0001052,iure et,Electronics,Tablets,Sony,3933.94,2641.25,4094,Active
PROD0001053,quos explicabo,Electronics,Laptops,Apple,2007.12,862.33,44,Active
PROD0001054,consequuntur repellat,Electronics,Tablets,Samsung,3786.02,5869.11,466,Inactive
PROD0001055,et similique,Grocery,Fruits,Sony,176.28,2676.49,167,Inactive
PROD0001056,similique distinctio,Beauty,Skincare,Generic,1320.26,9361.82,118,Inactive
PROD0001057,cumque ullam,Home & Kitchen,Appliances,LG,4808.45,7342.29,464,Discontinued
PROD0001058,praesentium culpa,Grocery,Fruits,OnePlus,2354.21,-100.0,1331,Inactive
PROD0001059,aliquid quam,Beauty,Makeup,,3765.99,6510.14,4325,Discontinued
PROD0001060,illo quis,Beauty,Makeup,Xiaomi,4652.76,112.2,1966,Inactive
PROD0001061,voluptatibus dolorum,Beauty,Makeup,Xiaomi,2659.0,437.55,4164,Inactive
PROD0001062,cum tempora,Home & Kitchen,Appliances,Sony,1337.87,5039.44,4773,Discontinued
PROD0001063,deserunt iure,Fashion,Kids,Sony,3061.2,8719.02,2103,Active
PROD0001064,doloremque inventore,Sports,Footwear,Samsung,324.12,7763.43,1461,Active
PROD0001065,minima soluta,Beauty,Skincare,Sony,2297.75,546.45,4776,Active
PROD0001066,cupiditate culpa,Electronics,Laptops,OnePlus,3598.72,4645.91,2154,Active
PROD0001067,officia corporis,Home & Kitchen,Appliances,Xiaomi,583.68,6617.33,3404,Discontinued
PROD0001068,laudantium commodi,Sports,Equipment,Xiaomi,3204.0,-500.0,1624,Active
PROD0001069,reiciendis eaque,Grocery,Vegetables,OnePlus,146.77,3035.92,338,Discontinued
PROD0001070,alias repudiandae,Beauty,Skincare,,1427.72,1002.18,3572,Inactive
PROD0001071,velit atque,Grocery,Snacks,Sony,373.03,8918.14,3110,Inactive
PROD0001072,eum explicabo,Grocery,Snacks,Sony,3645.73,439.34,1117,Discontinued
PROD0001073,dolores rerum,Sports,Equipment,Generic,4210.59,7465.78,2510,Discontinued
PROD0001074,cum impedit,Fashion,Women,Samsung,3729.51,3387.67,4200,Discontinued
PROD0001075,nisi error,Grocery,Fruits,LG,1557.34,8856.57,277,Discontinued
PROD0001076,fuga aspernatur,Electronics,Accessories,Samsung,2386.59,3130.17,3415,Discontinued
PROD0001077,aut consequuntur,Beauty,Haircare,Apple,2066.56,9309.42,558,Active
PROD0001078,a autem,Home & Kitchen,Cookware,,740.4,3194.47,3674,Discontinued
PROD0001079,ab laudantium,Grocery,Fruits,Generic,2898.72,2483.45,1787,Discontinued
PROD0001080,expedita corrupti,Fashion,Kids,Samsung,1943.57,8326.26,4280,Discontinued
PROD0001081,libero corrupti,Beauty,Makeup,LG,2288.81,2067.23,152,Inactive
PROD0001082,nihil error,Electronics,Laptops,OnePlus,1241.84,2078.58,453,Active
PROD0001083,harum doloribus,Sports,Apparel,,2171.4,1146.02,2131,Active
PROD0001084,provident dolorem,Fashion,Women,Sony,1632.33,2665.48,2036,Discontinued
PROD0001085,laboriosam corrupti,Grocery,Dairy,,157.38,8170.34,3561,Discontinued
PROD0001086,excepturi eligendi,Electronics,Laptops,Generic,4164.15,5084.38,4211,Discontinued
PROD0001087,molestias cumque,Beauty,Skincare,,2047.06,1786.65,560,Active
PROD0001088,cumque placeat,Fashion,Shoes,Xiaomi,2793.52,2336.92,2326,Inactive
PROD0001089,deserunt consectetur,Electronics,Mobiles,OnePlus,103.37,3228.1,4725,Active
PROD0001090,placeat id,Sports,Footwear,Apple,3727.79,115.67,3516,Discontinued
PROD0001091,veritatis animi,Electronics,Laptops,LG,3392.72,7246.04,1726,Inactive
PROD0001092,culpa non,Grocery,Vegetables,Sony,2800.42,9460.8,4618,Active
PROD0001093,quos reprehenderit,Grocery,Fruits,Sony,759.68,7838.42,4492,Inactive
PROD0001094,eum corrupti,Fashion,Shoes,LG,4399.06,5338.62,4008,Active
PROD0001095,ab provident,Fashion,Men,Generic,4121.0,3654.11,1919,Active
PROD0001096,maxime vero,Home & Kitchen,Furniture,OnePlus,3345.04,9801.71,3083,Discontinued
PROD0001097,dolorum blanditiis,Fashion,Men,Apple,3264.42,2220.4,3704,Inactive
PROD0001098,id ex,Electronics,Mobiles,LG,3773.8,983.72,4232,Active
PROD0001099,nostrum dolorum,Grocery,Fruits,,4294.6,6631.55,4255,Active
PROD0001100,aut recusandae,Electronics,Tablets,Xiaomi,3456.43,5142.44,86,Discontinued
PROD0001101,totam eveniet,Home & Kitchen,Cookware,Xiaomi,4298.35,5402.87,1439,Inactive
PROD0001102,quaerat possimus,Beauty,Makeup,Sony,1634.69,7636.01,4617,Discontinued
PROD0001103,nisi autem,Electronics,Accessories,Generic,3692.64,4506.53,3527,Active
PROD0001104,magni a,Home & Kitchen,Appliances,Apple,2898.54,605.75,3817,Discontinued
PROD0001105,quod nobis,Beauty,Haircare,Samsung,3234.99,1253.92,2474,Inactive
PROD0001106,modi laboriosam,Grocery,Dairy,Apple,4231.98,3629.73,3589,Inactive
PROD0001107,quas maxime,Sports,Footwear,Samsung,513.2,9489.01,1815,Discontinued
PROD0001108,fugiat voluptatum,Beauty,Makeup,Xiaomi,3340.09,8008.75,3437,Inactive
PROD0001109,inventore nemo,Fashion,Shoes,,1312.14,7539.86,2437,Discontinued
PROD0001110,amet voluptas,Grocery,Fruits,Xiaomi,949.62,2173.85,3565,Inactive
PROD0001111,recusandae ipsum,Fashion,Women,Xiaomi,4509.4,7311.86,4079,Active
PROD0001112,quisquam tempore,Fashion,Women,Xiaomi,3899.09,2260.86,2706,Active
PROD0001113,maiores dolorem,Home & Kitchen,Appliances,Apple,1643.4,3231.25,3120,Active
PROD0001114,est recusandae,Beauty,Haircare,Apple,2878.79,8861.04,404,Discontinued
PROD0001115,cumque esse,Sports,Footwear,OnePlus,4033.36,7750.78,2848,Discontinued
PROD0001116,commodi iste,Beauty,Makeup,,2853.41,8159.24,1314,Discontinued
PROD0001117,ea ipsum,Fashion,Men,Xiaomi,1146.03,868.46,1056,Discontinued
PROD0001118,eveniet voluptatem,Electronics,Accessories,Samsung,3669.68,-100.0,2039,Active
PROD0001119,sapiente voluptatum,Beauty,Haircare,,3818.22,3304.33,4955,Active
PROD0001120,esse temporibus,Home & Kitchen,Cookware,,3489.7,9403.45,1744,Inactive
PROD0001121,odit voluptas,Fashion,Kids,OnePlus,586.23,7562.85,3823,Active
PROD0001122,eveniet numquam,Sports,Equipment,Xiaomi,4806.58,4714.0,3884,Inactive
PROD0001123,eos enim,Sports,Equipment,LG,2756.11,6488.1,704,Inactive
PROD0001124,fugiat autem,Home & Kitchen,Decor,Xiaomi,3076.57,4045.61,432,Active
PROD0001125,molestiae ratione,Electronics,Mobiles,Samsung,1267.31,6298.41,2316,Inactive
PROD0001126,non dolore,Grocery,Vegetables,Samsung,2749.23,9593.96,4263,Inactive
PROD0001127,libero consectetur,Grocery,Vegetables,LG,2362.13,6927.23,3803,Discontinued
PROD0001128,explicabo ad,Electronics,Laptops,Xiaomi,2735.88,3243.74,3786,Active
PROD0001129,quae vero,Beauty,Skincare,LG,3960.28,4161.96,12,Inactive
PROD0001130,nostrum facere,Beauty,Haircare,Sony,3663.26,6314.34,2969,Discontinued
PROD0001131,soluta molestiae,Beauty,Makeup,LG,4161.9,8817.49,3100,Active
PROD0001132,dolorem ipsam,Home & Kitchen,Decor,OnePlus,1403.05,2085.69,2531,Active
PROD0001133,minima dolores,Electronics,Accessories,Sony,913.53,4768.72,1082,Inactive
PROD0001134,placeat nesciunt,Beauty,Haircare,Xiaomi,803.84,4320.11,4091,Active
PROD0001135,voluptas quae,Beauty,Makeup,Apple,3756.5,4020.98,3145,Discontinued
PROD0001136,culpa ducimus,Electronics,Laptops,,2425.3,8014.42,3221,Inactive
PROD0001137,ab quod,Home & Kitchen,Cookware,Generic,77.81,1158.47,177,Inactive
PROD0001138,optio quisquam,Electronics,Accessories,Generic,3443.77,6874.99,624,Discontinued
PROD0001139,repudiandae eos,Electronics,Mobiles,Apple,239.9,6513.34,1867,Active
PROD0001140,deleniti reiciendis,Fashion,Kids,OnePlus,534.06,4429.8,2323,Inactive
PROD0001141,impedit vero,Grocery,Fruits,Apple,1661.1,3274.09,625,Inactive
PROD0001142,cupiditate sunt,Grocery,Fruits,Sony,410.2,1734.88,3649,Discontinued
PROD0001143,facere iste,Beauty,Skincare,Generic,1823.1,3721.12,1599,Inactive
PROD0001144,quam libero,Electronics,Mobiles,Sony,3126.62,4920.53,2491,Inactive
PROD0001145,nostrum voluptatibus,Beauty,Skincare,,2759.68,7858.31,398,Discontinued
PROD0001146,neque ex,Electronics,Accessories,,4104.68,3202.7,3341,Active
PROD0001147,rem unde,Electronics,Laptops,OnePlus,2634.0,730.94,2912,Inactive
PROD0001148,cumque suscipit,Grocery,Dairy,Sony,2301.9,1659.78,3130,Inactive
PROD0001149,corrupti consectetur,Sports,Equipment,Samsung,3028.3,9577.66,2504,Inactive
PROD0001150,suscipit totam,Home & Kitchen,Cookware,Samsung,774.21,2976.09,965,Discontinued
PROD0001151,dolor maiores,Electronics,Mobiles,OnePlus,4933.99,1232.86,777,Discontinued
PROD0001152,officia cupiditate,Grocery,Vegetables,Xiaomi,3818.74,1258.63,1990,Active
PROD0001153,autem rem,Electronics,Tablets,Sony,2295.14,7718.39,2836,Inactive
PROD0001154,magnam consectetur,Electronics,Laptops,Apple,2563.91,6629.39,4972,Inactive
PROD0001155,enim sapiente,Home & Kitchen,Furniture,,1007.16,9666.92,4272,Inactive
PROD0001156,nam adipisci,Home & Kitchen,Cookware,Apple,4790.2,5391.76,3390,Discontinued
PROD0001157,libero tempora,Fashion,Women,Generic,1099.71,725.07,2180,Active
PROD0001158,est amet,Home & Kitchen,Furniture,OnePlus,1210.83,6151.75,2236,Active
PROD0001159,ex quasi,Beauty,Skincare,Xiaomi,2813.6,1433.85,1118,Active
PROD0001160,modi tempore,Beauty,Haircare,Sony,2379.59,6393.8,1441,Discontinued
PROD0001161,asperiores architecto,Beauty,Skincare,OnePlus,4244.41,4497.74,784,Discontinued
PROD0001162,similique non,Electronics,Mobiles,Apple,2462.73,7343.18,3781,Active
PROD0001163,dolore mollitia,Grocery,Dairy,OnePlus,4961.9,7038.2,2969,Active
PROD0001164,animi facilis,Sports,Apparel,Apple,2714.08,3469.21,1781,Active
PROD0001165,error facere,Home & Kitchen,Cookware,Generic,3509.51,4739.54,513,Discontinued
PROD0001166,neque laudantium,Home & Kitchen,Cookware,Generic,4994.45,8994.88,121,Inactive
PROD0001167,ratione voluptatum,Electronics,Accessories,,3113.18,9944.7,2586,Inactive
PROD0001168,pariatur asperiores,Fashion,Women,Sony,109.82,4516.69,3043,Inactive
PROD0001169,ratione quia,Sports,Footwear,Apple,2921.84,6687.52,2282,Inactive
PROD0001170,ipsa nam,Beauty,Makeup,Sony,4057.35,632.9,3632,Discontinued
PROD0001171,excepturi provident,Electronics,Tablets,Xiaomi,3472.86,3832.52,3262,Active
PROD0001172,perferendis tempore,Electronics,Mobiles,Samsung,1834.25,3500.73,579,Inactive
PROD0001173,sint provident,Fashion,Shoes,Generic,3100.14,1396.76,512,Inactive
PROD0001174,omnis saepe,Beauty,Haircare,Apple,2486.44,2048.13,2632,Discontinued
PROD0001175,neque sit,Electronics,Tablets,,2976.14,9057.11,147,Inactive
PROD0001176,magni quas,Grocery,Fruits,Xiaomi,3068.97,6777.67,1449,Active
PROD0001177,quia et,Sports,Apparel,,3786.62,1870.77,107,Inactive
PROD0001178,id laborum,Home & Kitchen,Cookware,OnePlus,603.39,6704.22,496,Inactive
PROD0001179,amet facilis,Electronics,Tablets,Apple,378.02,561.14,2950,Inactive
PROD0001180,reiciendis molestiae,Electronics,Tablets,Apple,2110.6,3693.23,2818,Active
PROD0001181,amet adipisci,Beauty,Makeup,Apple,2381.16,1632.11,387,Discontinued
PROD0001182,corporis quam,Electronics,Accessories,LG,4140.68,594.94,2965,Active
PROD0001183,incidunt voluptatem,Grocery,Dairy,Samsung,1119.58,4147.01,1947,Discontinued
PROD0001184,magni quam,Fashion,Shoes,Xiaomi,2843.5,3806.63,1762,Active
PROD0001185,quaerat quaerat,Grocery,Dairy,Samsung,2433.86,5875.8,3522,Discontinued
PROD0001186,commodi culpa,Home & Kitchen,Cookware,Sony,1143.4,3091.09,2132,Discontinued
PROD0001187,eaque itaque,Fashion,Men,Sony,4536.05,3319.73,1672,Active
PROD0001188,assumenda deserunt,Fashion,Kids,Apple,1996.13,7052.55,3712,Active
PROD0001189,sunt esse,Home & Kitchen,Appliances,,228.49,5663.53,2293,Active
PROD0001190,suscipit porro,Grocery,Fruits,Generic,1341.53,5058.1,3783,Inactive
PROD0001191,expedita sequi,Grocery,Dairy,Sony,4935.43,2436.01,3967,Inactive
PROD0001192,voluptas officiis,Home & Kitchen,Decor,LG,497.81,7240.13,4805,Inactive
PROD0001193,rerum ullam,Fashion,Shoes,Apple,4001.52,5855.63,2437,Discontinued
PROD0001194,aperiam aut,Home & Kitchen,Decor,Apple,2193.36,4100.78,783,Inactive
PROD0001195,consequatur omnis,Sports,Footwear,OnePlus,3052.09,4121.04,2588,Active
PROD0001196,iste inventore,Beauty,Haircare,Sony,1506.25,6839.81,57,Inactive
PROD0001197,quidem enim,Beauty,Haircare,,1633.28,7956.27,4301,Discontinued
PROD0001198,cupiditate blanditiis,Sports,Apparel,Xiaomi,1936.14,2500.87,4679,Active
PROD0001199,occaecati sint,Home & Kitchen,Cookware,LG,1335.41,9829.16,630,Inactive
PROD0001200,ad ea,Sports,Equipment,Samsung,3486.23,2616.56,85,Active
PROD0001201,nobis veritatis,Grocery,Vegetables,Apple,2267.71,999999.0,507,Inactive
PROD0001202,molestias inventore,Beauty,Skincare,Xiaomi,1096.74,4772.56,3582,Discontinued
PROD0001203,ipsum dolores,Beauty,Makeup,Apple,653.95,1158.61,2270,Active
PROD0001204,molestias explicabo,Electronics,Laptops,LG,4394.36,252.55,3296,Active
PROD0001205,quia maxime,Fashion,Men,LG,2924.89,3221.32,1755,Inactive
PROD0001206,temporibus sunt,Electronics,Laptops,Xiaomi,4075.49,5214.34,2381,Discontinued
PROD0001207,quisquam adipisci,Home & Kitchen,Appliances,Samsung,2881.23,1019.86,1938,Active
PROD0001208,quidem aspernatur,Beauty,Skincare,LG,2878.48,2584.23,1784,Inactive
PROD0001209,sint maxime,Home & Kitchen,Decor,OnePlus,821.08,9299.7,807,Discontinued
PROD0001210,esse hic,Grocery,Fruits,Samsung,4283.47,8261.52,4750,Active
PROD0001211,dicta qui,Beauty,Makeup,LG,1987.15,3420.16,2405,Active
PROD0001212,tempora alias,Beauty,Skincare,Sony,3177.79,3497.93,4836,Inactive
PROD0001213,facilis repellendus,Grocery,Vegetables,,2496.26,2818.26,3329,Discontinued
PROD0001214,atque saepe,Beauty,Makeup,Sony,4062.49,6625.95,3057,Discontinued
PROD0001215,ipsum eveniet,Grocery,Snacks,Samsung,637.31,368.96,3536,Active
PROD0001216,ab amet,Electronics,Accessories,Sony,3333.33,2608.54,3143,Discontinued
PROD0001217,architecto quod,Fashion,Men,Xiaomi,925.62,6309.29,92,Inactive
PROD0001218,vero magni,Beauty,Haircare,Apple,1927.01,2568.67,2604,Active
PROD0001219,possimus laborum,Fashion,Kids,Xiaomi,220.01,7098.92,2050,Discontinued
PROD0001220,sunt tempora,Sports,Equipment,Generic,3973.87,9175.44,4108,Active
PROD0001221,alias maiores,Grocery,Dairy,Generic,105.2,7500.29,1544,Discontinued
PROD0001222,dignissimos perferendis,Fashion,Kids,Generic,3835.11,7784.33,4855,Active
PROD0001223,officia commodi,Grocery,Dairy,OnePlus,2608.35,6055.48,359,Inactive
PROD0001224,sed amet,Grocery,Vegetables,Xiaomi,2419.9,5311.93,2093,Discontinued
PROD0001225,distinctio officia,Grocery,Vegetables,,2191.36,3806.01,1798,Discontinued
PROD0001226,repellendus libero,Home & Kitchen,Decor,Xiaomi,4123.56,9994.69,4024,Active
PROD0001227,odit tempore,Grocery,Fruits,,2330.18,6364.39,1535,Inactive
PROD0001228,dolor fuga,Electronics,Tablets,LG,3368.21,1854.34,2,Active
PROD0001229,sit nulla,Sports,Equipment,,2297.37,4253.71,4478,Discontinued
PROD0001230,iusto debitis,Home & Kitchen,Decor,Apple,4719.69,5215.31,1119,Inactive
PROD0001231,consectetur nam,Electronics,Tablets,Generic,4647.63,9258.76,690,Inactive
PROD0001232,veritatis impedit,Fashion,Women,,1644.46,4409.75,2730,Active
PROD0001233,reiciendis saepe,Grocery,Dairy,Apple,1044.19,4125.05,734,Active
PROD0001234,a harum,Sports,Footwear,OnePlus,1334.0,8332.01,1440,Inactive
PROD0001235,iure enim,Electronics,Mobiles,Sony,1176.18,5673.84,2339,Active
PROD0001236,sed nostrum,Grocery,Snacks,Generic,870.58,8571.28,4107,Discontinued
PROD0001237,consectetur deleniti,Grocery,Vegetables,Samsung,3512.69,637.31,4269,Active
PROD0001238,itaque qui,Grocery,Fruits,Generic,833.0,676.85,1136,Discontinued
PROD0001239,error earum,Home & Kitchen,Furniture,LG,3059.25,6394.32,416,Discontinued
PROD0001240,cum ut,Beauty,Skincare,Sony,3776.38,8405.31,1038,Discontinued
PROD0001241,dolore provident,Fashion,Men,OnePlus,2696.18,9480.12,3144,Active
PROD0001242,ullam eaque,Home & Kitchen,Appliances,Sony,947.43,5622.86,165,Active
PROD0001243,quaerat deleniti,Home & Kitchen,Decor,,3535.75,542.35,453,Active
PROD0001244,nobis qui,Home & Kitchen,Decor,Apple,1480.65,2141.6,1242,Active
PROD0001245,maiores neque,Electronics,Accessories,Generic,2664.11,8719.25,4664,Discontinued
PROD0001246,et quod,Fashion,Men,OnePlus,3239.79,8692.67,2737,Discontinued
PROD0001247,nam ipsam,Beauty,Skincare,Generic,1601.35,3018.45,4965,Inactive
PROD0001248,corrupti perspiciatis,Fashion,Women,Xiaomi,1343.34,3868.6,2959,Inactive
PROD0001249,doloribus odit,Sports,Equipment,OnePlus,3793.37,3796.7,2750,Inactive
PROD0001250,ipsum animi,Home & Kitchen,Appliances,,850.04,4819.16,2414,Inactive
PROD0001251,molestiae nulla,Beauty,Skincare,OnePlus,996.35,8167.4,2987,Discontinued
PROD0001252,quasi eligendi,Sports,Footwear,Apple,910.41,2820.85,4263,Discontinued
PROD0001253,vero eius,Beauty,Haircare,Xiaomi,1191.9,5098.56,2866,Inactive
PROD0001254,laborum autem,Electronics,Laptops,Samsung,63.44,6749.53,3766,Active
PROD0001255,soluta voluptatibus,Sports,Footwear,,3846.35,1443.4,4092,Inactive
PROD0001256,rem unde,Electronics,Mobiles,Generic,2691.18,3382.59,2483,Inactive
PROD0001257,hic totam,Grocery,Dairy,Xiaomi,608.33,5625.13,4885,Inactive
PROD0001258,beatae delectus,Home & Kitchen,Cookware,LG,281.7,3746.88,4720,Active
PROD0001259,recusandae veritatis,Electronics,Laptops,Generic,2632.26,6394.79,964,Active
PROD0001260,temporibus reprehenderit,Sports,Apparel,Samsung,4876.03,9308.15,4403,Active
PROD0001261,dignissimos vitae,Grocery,Fruits,Apple,4087.74,2146.16,2588,Active
PROD0001262,pariatur vero,Grocery,Dairy,Samsung,3256.15,6729.99,622,Discontinued
PROD0001263,at expedita,Sports,Apparel,Generic,1194.19,7580.92,3379,Discontinued
PROD0001264,sunt aliquam,Electronics,Tablets,Samsung,3948.39,1622.99,2112,Inactive
PROD0001265,alias ex,Electronics,Laptops,Xiaomi,3930.74,1493.56,2277,Discontinued
PROD0001266,a ab,Sports,Apparel,Xiaomi,4621.12,4505.59,2307,Active
PROD0001267,facere recusandae,Sports,Footwear,Generic,4771.77,5879.28,3084,Active
PROD0001268,ullam facilis,Fashion,Women,OnePlus,4229.07,4883.92,3231,Active
PROD0001269,excepturi quo,Fashion,Men,Generic,4801.57,567.14,4897,Discontinued
PROD0001270,reprehenderit ipsam,Electronics,Accessories,OnePlus,256.41,5338.99,2993,Discontinued
PROD0001271,nemo vel,Grocery,Dairy,Generic,1309.82,9739.16,1770,Discontinued
PROD0001272,repellendus cumque,Grocery,Snacks,,1779.47,999999.0,3710,Discontinued
PROD0001273,harum impedit,Beauty,Haircare,Sony,1387.26,3933.29,384,Active
PROD0001274,praesentium pariatur,Sports,Equipment,Generic,4420.78,3381.55,4838,Active
PROD0001275,voluptates ipsam,Home & Kitchen,Furniture,OnePlus,3851.29,6051.56,2536,Inactive
PROD0001276,magnam enim,Grocery,Vegetables,OnePlus,2783.85,5807.9,4060,Active
PROD0001277,beatae in,Fashion,Women,Apple,4025.67,7093.3,2435,Active
PROD0001278,incidunt est,Electronics,Mobiles,Apple,447.4,6920.72,1176,Active
PROD0001279,illum ipsa,Home & Kitchen,Appliances,LG,3974.6,2228.16,239,Discontinued
PROD0001280,et perspiciatis,Sports,Equipment,LG,303.28,9919.85,408,Discontinued
PROD0001281,dolores voluptas,Beauty,Skincare,OnePlus,2045.76,2775.09,283,Inactive
PROD0001282,non in,Home & Kitchen,Appliances,Sony,691.93,770.56,982,Active
PROD0001283,dolorum ex,Sports,Apparel,Xiaomi,4875.99,1076.84,4818,Active
PROD0001284,eius similique,Fashion,Shoes,Apple,410.18,6390.59,4141,Inactive
PROD0001285,ex consectetur,Grocery,Snacks,Sony,3222.82,502.72,217,Inactive
PROD0001286,incidunt libero,Electronics,Mobiles,Generic,1027.05,6314.81,3148,Discontinued
PROD0001287,totam sequi,Electronics,Tablets,Xiaomi,2604.44,4831.44,2766,Discontinued
PROD0001288,dicta quam,Electronics,Laptops,Generic,2555.45,4998.71,864,Inactive
PROD0001289,consequatur officiis,Home & Kitchen,Cookware,OnePlus,1868.43,1326.78,2040,Discontinued
PROD0001290,optio illum,Sports,Equipment,Sony,4689.74,5072.66,3984,Discontinued
PROD0001291,iusto harum,Home & Kitchen,Appliances,Samsung,261.65,9956.88,3264,Inactive
PROD0001292,quidem aliquid,Beauty,Haircare,Xiaomi,3656.16,3187.86,217,Active
PROD0001293,dolores rerum,Beauty,Makeup,LG,4707.36,1721.07,1157,Active
PROD0001294,modi blanditiis,Sports,Footwear,Apple,2375.48,2419.14,491,Active
PROD0001295,eaque quisquam,Home & Kitchen,Appliances,Xiaomi,3444.54,7726.75,3906,Active
PROD0001296,numquam quos,Electronics,Accessories,Sony,3297.61,8252.72,936,Discontinued
PROD0001297,distinctio quae,Sports,Apparel,LG,4723.82,1096.76,2818,Inactive
PROD0001298,ex dolorum,Grocery,Dairy,Samsung,1927.84,9289.39,1778,Discontinued
PROD0001299,unde assumenda,Grocery,Fruits,,3710.73,4893.34,1786,Inactive
PROD0001300,eligendi dignissimos,Grocery,Vegetables,Xiaomi,1280.5,7667.88,1072,Inactive
PROD0001301,quisquam assumenda,Beauty,Skincare,Xiaomi,4392.75,6625.69,3512,Discontinued
PROD0001302,at nesciunt,Home & Kitchen,Decor,Xiaomi,4277.97,5945.45,3628,Active
PROD0001303,dignissimos corrupti,Electronics,Laptops,Apple,2061.51,6159.6,2791,Inactive
PROD0001304,deleniti suscipit,Fashion,Men,Generic,1625.69,8681.15,2144,Inactive
PROD0001305,iure repellendus,Sports,Apparel,Samsung,2947.4,5082.44,2327,Active
PROD0001306,nulla nostrum,Sports,Footwear,,2935.84,8919.1,2174,Inactive
PROD0001307,mollitia nesciunt,Fashion,Women,OnePlus,3014.43,4439.07,1080,Active
PROD0001308,assumenda pariatur,Electronics,Tablets,Sony,279.95,1213.08,4035,Active
PROD0001309,ducimus eligendi,Fashion,Women,OnePlus,239.99,7249.82,4100,Inactive
PROD0001310,optio laborum,Electronics,Accessories,Xiaomi,4971.92,2156.4,4394,Inactive
PROD0001311,saepe reiciendis,Electronics,Mobiles,Generic,4694.85,7600.0,3071,Active
PROD0001312,incidunt adipisci,Fashion,Shoes,,3123.63,7012.47,1991,Active
PROD0001313,dolores doloribus,Beauty,Haircare,OnePlus,3505.29,9282.45,969,Active
PROD0001314,maxime ad,Home & Kitchen,Cookware,Samsung,170.49,2668.12,3578,Active
PROD0001315,distinctio maiores,Beauty,Haircare,Sony,3469.05,4410.23,2605,Discontinued
PROD0001316,provident atque,Beauty,Haircare,LG,3232.52,1132.15,4838,Discontinued
PROD0001317,veritatis at,Grocery,Vegetables,,3550.44,9324.05,1039,Discontinued
PROD0001318,labore possimus,Sports,Footwear,Samsung,1404.78,6280.22,3765,Active
PROD0001319,earum voluptatem,Grocery,Vegetables,LG,2936.07,3404.69,2711,Active
PROD0001320,quo et,Beauty,Makeup,Apple,1006.92,4689.7,495,Discontinued
PROD0001321,fugit architecto,Beauty,Skincare,Xiaomi,1814.65,7196.99,4844,Discontinued
PROD0001322,quasi reiciendis,Electronics,Accessories,Generic,1608.02,852.84,4746,Active
PROD0001323,quaerat consequatur,Beauty,Haircare,,1655.1,8969.82,4566,Inactive
PROD0001324,suscipit fuga,Beauty,Makeup,,930.22,999999.0,3126,Inactive
PROD0001325,excepturi in,Home & Kitchen,Decor,,4640.64,1359.79,1036,Discontinued
PROD0001326,asperiores quod,Home & Kitchen,Decor,OnePlus,1390.03,6179.31,4987,Discontinued
PROD0001327,amet laboriosam,Sports,Footwear,OnePlus,4289.02,6185.64,2742,Discontinued
PROD0001328,qui incidunt,Fashion,Women,OnePlus,3947.04,117.21,3458,Active
PROD0001329,aspernatur quisquam,Grocery,Snacks,Apple,3571.71,3787.64,1469,Active
PROD0001330,atque accusamus,Fashion,Women,OnePlus,409.16,2186.86,1589,Active
PROD0001331,nesciunt neque,Electronics,Mobiles,,658.59,2206.23,1744,Discontinued
PROD0001332,fugiat repudiandae,Grocery,Fruits,,1150.13,6543.23,3111,Discontinued
PROD0001333,assumenda corrupti,Electronics,Tablets,Samsung,2581.7,7412.2,3052,Active
PROD0001334,beatae sit,Fashion,Men,Sony,2361.01,5654.83,4749,Active
PROD0001335,ipsa tempora,Electronics,Mobiles,Apple,395.26,6786.53,2213,Discontinued
PROD0001336,dolores beatae,Home & Kitchen,Cookware,Samsung,1809.24,8176.23,2730,Discontinued
PROD0001337,sequi quibusdam,Electronics,Laptops,Xiaomi,192.65,7678.79,2473,Discontinued
PROD0001338,voluptatem deleniti,Sports,Equipment,Sony,295.24,9914.18,3980,Inactive
PROD0001339,animi pariatur,Electronics,Tablets,Samsung,3356.03,5185.65,977,Active
PROD0001340,sequi non,Electronics,Tablets,LG,2351.04,9136.12,382,Inactive
PROD0001341,aperiam facere,Grocery,Fruits,Apple,643.11,1656.9,3756,Active
PROD0001342,beatae ut,Home & Kitchen,Furniture,Sony,711.01,6797.87,4237,Discontinued
PROD0001343,aliquam doloremque,Home & Kitchen,Decor,,2071.29,1834.07,3110,Discontinued
PROD0001344,maiores asperiores,Sports,Apparel,Sony,603.69,7448.88,2521,Active
PROD0001345,aliquam provident,Grocery,Dairy,OnePlus,560.94,7321.41,2861,Active
PROD0001346,maiores ipsa,Grocery,Dairy,Generic,4101.47,1386.17,1828,Active
PROD0001347,aperiam autem,Home & Kitchen,Decor,Generic,3275.05,1845.5,4853,Active
PROD0001348,repellendus labore,Grocery,Fruits,LG,4670.08,5023.01,3087,Discontinued
PROD0001349,deleniti vel,Electronics,Laptops,Generic,4474.85,9696.79,3019,Discontinued
PROD0001350,et voluptatem,Grocery,Dairy,LG,913.92,2156.22,3724,Inactive
PROD0001351,magni at,Beauty,Makeup,Samsung,2253.83,3378.53,3206,Active
PROD0001352,quae nemo,Electronics,Tablets,,286.61,5074.03,429,Inactive
PROD0001353,et aliquid,Beauty,Haircare,,1125.85,2825.8,4711,Discontinued
PROD0001354,aut minus,Fashion,Men,Sony,2202.12,2335.4,159,Active
PROD0001355,tempora consectetur,Sports,Footwear,,2688.17,9141.24,264,Active
PROD0001356,rem hic,Home & Kitchen,Cookware,LG,4922.76,2124.37,1549,Inactive
PROD0001357,provident voluptatibus,Fashion,Women,Sony,359.34,7433.42,41,Inactive
PROD0001358,laboriosam explicabo,Electronics,Laptops,LG,563.62,4562.71,3809,Active
PROD0001359,odit quam,Fashion,Men,Samsung,1618.83,1992.72,4928,Active
PROD0001360,libero quae,Grocery,Vegetables,Sony,3657.94,8598.16,2666,Inactive
PROD0001361,adipisci labore,Sports,Footwear,Sony,126.96,2150.8,3204,Discontinued
PROD0001362,magni magni,Sports,Apparel,LG,886.71,7610.57,2921,Discontinued
PROD0001363,a laudantium,Grocery,Fruits,Apple,329.99,1416.38,3877,Discontinued
PROD0001364,dignissimos facere,Home & Kitchen,Furniture,Samsung,3642.01,4313.4,3302,Active
PROD0001365,vitae fuga,Home & Kitchen,Furniture,Apple,1903.0,7150.18,3601,Active
PROD0001366,iure asperiores,Fashion,Kids,,1510.79,3089.29,3102,Active
PROD0001367,ducimus optio,Home & Kitchen,Appliances,Apple,1712.03,5676.43,2060,Active
PROD0001368,libero rerum,Beauty,Makeup,Samsung,4765.86,5129.15,310,Active
PROD0001369,corporis illo,Home & Kitchen,Cookware,,1195.24,272.14,4812,Inactive
PROD0001370,aspernatur minima,Electronics,Laptops,Apple,58.3,2615.79,3833,Inactive
PROD0001371,dignissimos consequatur,Beauty,Skincare,Samsung,1246.07,247.78,2244,Active
PROD0001372,praesentium aliquam,Grocery,Snacks,Sony,1251.49,409.61,4690,Discontinued
PROD0001373,facere sapiente,Home & Kitchen,Furniture,Sony,4517.97,3956.53,2845,Inactive
PROD0001374,aliquid laboriosam,Fashion,Women,LG,3726.42,4106.3,3791,Discontinued
PROD0001375,explicabo enim,Home & Kitchen,Cookware,Xiaomi,1826.02,9165.92,688,Active
PROD0001376,repellat eveniet,Fashion,Shoes,Xiaomi,4759.56,9245.47,3790,Inactive
PROD0001377,aliquam hic,Sports,Equipment,Xiaomi,930.6,2464.06,4582,Inactive
PROD0001378,dicta voluptas,Grocery,Fruits,OnePlus,2427.23,5307.23,2161,Inactive
PROD0001379,distinctio repellat,Electronics,Mobiles,Xiaomi,2698.03,2325.23,1819,Discontinued
PROD0001380,nihil culpa,Grocery,Dairy,Apple,594.62,3097.15,2395,Active
PROD0001381,debitis natus,Home & Kitchen,Decor,LG,613.41,4023.62,2569,Inactive
PROD0001382,ad quasi,Beauty,Makeup,OnePlus,2598.91,5566.13,22,Discontinued
PROD0001383,nobis nisi,Fashion,Women,Samsung,205.6,3059.31,3032,Discontinued
PROD0001384,laudantium perspiciatis,Beauty,Makeup,OnePlus,3661.06,1823.18,3642,Discontinued
PROD0001385,hic sit,Home & Kitchen,Cookware,LG,2494.34,3036.13,379,Discontinued
PROD0001386,amet nemo,Fashion,Shoes,,4780.84,8221.71,4833,Inactive
PROD0001387,officiis vel,Sports,Footwear,Xiaomi,2100.71,6133.7,454,Discontinued
PROD0001388,ea adipisci,Home & Kitchen,Appliances,Sony,2690.16,1622.3,1663,Discontinued
PROD0001389,earum unde,Home & Kitchen,Furniture,Sony,2515.66,1855.18,3818,Active
PROD0001390,illo ducimus,Sports,Apparel,Generic,604.53,2094.22,2531,Discontinued
PROD0001391,animi nihil,Beauty,Skincare,LG,4235.02,6602.99,753,Active
PROD0001392,iste maxime,Grocery,Snacks,LG,3363.6,5130.67,2556,Discontinued
PROD0001393,consectetur sint,Electronics,Laptops,OnePlus,3086.94,8696.99,3865,Inactive
PROD0001394,ipsam pariatur,Beauty,Haircare,Generic,3389.5,2039.45,1041,Inactive
PROD0001395,nam recusandae,Electronics,Mobiles,Xiaomi,1804.22,2027.85,1522,Discontinued
PROD0001396,exercitationem odit,Beauty,Haircare,Samsung,2008.66,2796.01,662,Inactive
PROD0001397,vero ex,Sports,Apparel,OnePlus,1112.05,4463.93,783,Discontinued
PROD0001398,quam reiciendis,Electronics,Laptops,Xiaomi,2544.26,5668.3,2249,Inactive
PROD0001399,beatae voluptate,Beauty,Makeup,,4223.43,4665.93,4172,Inactive
PROD0001400,magni nihil,Sports,Apparel,OnePlus,2382.62,7916.99,4729,Discontinued
PROD0001401,quaerat cumque,Home & Kitchen,Furniture,LG,3127.1,3264.53,1384,Inactive
PROD0001402,optio impedit,Home & Kitchen,Furniture,Apple,3117.14,5955.08,4849,Active
PROD0001403,esse accusamus,Beauty,Makeup,Sony,4702.92,2679.87,1950,Active
PROD0001404,ullam ratione,Home & Kitchen,Cookware,LG,1527.39,5000.39,1067,Inactive
PROD0001405,et iusto,Grocery,Vegetables,OnePlus,1248.32,6002.3,4066,Discontinued
PROD0001406,sint veniam,Home & Kitchen,Appliances,Xiaomi,376.65,5799.09,120,Active
PROD0001407,incidunt dignissimos,Home & Kitchen,Cookware,,4544.93,636.16,264,Discontinued
PROD0001408,quibusdam fugit,Electronics,Tablets,Apple,3191.3,4170.53,1853,Active
PROD0001409,consequuntur nisi,Sports,Footwear,OnePlus,4880.28,5129.31,1144,Discontinued
PROD0001410,omnis non,Beauty,Skincare,OnePlus,4314.09,9330.77,4777,Active
PROD0001411,ex itaque,Home & Kitchen,Cookware,Sony,288.12,5392.96,3895,Active
PROD0001412,rem minus,Grocery,Fruits,Samsung,3954.12,6242.62,2028,Discontinued
PROD0001413,ipsa aliquid,Electronics,Tablets,Apple,218.73,340.92,4838,Inactive
PROD0001414,ipsum quo,Fashion,Kids,Samsung,1730.41,8190.82,3100,Inactive
PROD0001415,assumenda sint,Beauty,Skincare,Sony,470.2,9609.13,2341,Inactive
PROD0001416,sit quaerat,Sports,Apparel,Sony,2417.62,5322.94,1574,Inactive
PROD0001417,eum dicta,Grocery,Fruits,Xiaomi,2034.41,3705.53,826,Discontinued
PROD0001418,vitae sed,Beauty,Haircare,Sony,3260.32,1904.04,2223,Active
PROD0001419,recusandae quos,Beauty,Makeup,LG,2779.17,6328.45,2817,Active
PROD0001420,consequuntur eos,Grocery,Snacks,Xiaomi,4537.81,6316.89,1596,Discontinued
PROD0001421,unde sit,Fashion,Women,Generic,1392.79,4985.33,4042,Inactive
PROD0001422,earum accusantium,Fashion,Shoes,Sony,3656.77,8090.84,1500,Discontinued
PROD0001423,occaecati doloribus,Electronics,Accessories,Generic,1605.73,6493.62,319,Active
PROD0001424,similique atque,Fashion,Men,,2110.34,1004.01,169,Inactive
PROD0001425,nemo eos,Electronics,Laptops,Xiaomi,371.63,1660.67,2566,Inactive
PROD0001426,mollitia voluptatibus,Grocery,Vegetables,OnePlus,3259.17,9483.57,4950,Inactive
PROD0001427,quos eligendi,Home & Kitchen,Decor,OnePlus,3787.91,7560.31,375,Active
PROD0001428,illum vitae,Grocery,Fruits,Sony,3271.95,2097.12,4470,Inactive
PROD0001429,cum sit,Grocery,Fruits,Apple,2289.61,647.84,4672,Inactive
PROD0001430,voluptate assumenda,Fashion,Men,Samsung,704.0,2647.46,4547,Inactive
PROD0001431,nesciunt ea,Fashion,Men,OnePlus,1440.67,6649.14,755,Active
PROD0001432,voluptatibus laborum,Sports,Equipment,Generic,1199.37,4737.69,717,Discontinued
PROD0001433,voluptatem accusantium,Grocery,Dairy,OnePlus,4721.14,4022.71,3166,Active
PROD0001434,quae impedit,Fashion,Kids,Generic,257.91,999999.0,4228,Active
PROD0001435,eius eligendi,Fashion,Men,Generic,3242.44,6419.16,1935,Active
PROD0001436,veritatis officiis,Sports,Equipment,LG,3141.52,8716.38,1718,Active
PROD0001437,exercitationem eligendi,Beauty,Makeup,,2944.98,6252.07,1736,Discontinued
PROD0001438,facilis exercitationem,Beauty,Skincare,,829.5,3814.72,2108,Inactive
PROD0001439,quia ab,Grocery,Dairy,OnePlus,4526.93,752.82,4544,Active
PROD0001440,ullam repellendus,Beauty,Skincare,OnePlus,355.46,2610.28,999,Discontinued
PROD0001441,quod perspiciatis,Fashion,Women,Sony,58.58,6443.48,2753,Discontinued
PROD0001442,nihil natus,Fashion,Women,Samsung,3446.29,8046.12,2488,Inactive
PROD0001443,sint consequatur,Grocery,Snacks,Generic,3566.03,7668.35,980,Discontinued
PROD0001444,praesentium quidem,Fashion,Women,Sony,284.86,5535.29,4583,Active
PROD0001445,quidem enim,Home & Kitchen,Appliances,Apple,495.82,8592.01,150,Discontinued
PROD0001446,ab eius,Electronics,Laptops,Xiaomi,4981.53,8495.95,590,Inactive
PROD0001447,qui est,Fashion,Women,Generic,525.62,6665.69,648,Discontinued
PROD0001448,quos deleniti,Home & Kitchen,Decor,Xiaomi,4404.8,3345.97,4028,Inactive
PROD0001449,nobis qui,Sports,Footwear,Xiaomi,378.86,5705.08,3084,Active
PROD0001450,maiores modi,Fashion,Men,,4233.59,3227.87,1965,Inactive
PROD0001451,rem quaerat,Fashion,Kids,OnePlus,4841.09,9556.71,3632,Active
PROD0001452,facere quae,Sports,Footwear,,202.58,7090.17,4742,Inactive
PROD0001453,excepturi dolore,Electronics,Mobiles,Apple,2117.59,265.0,1718,Active
PROD0001454,eveniet vitae,Fashion,Kids,Xiaomi,1297.01,3579.17,1664,Active
PROD0001455,illum voluptate,Fashion,Women,Generic,1465.16,6134.96,4306,Active
PROD0001456,esse enim,Beauty,Makeup,Apple,4432.07,7956.25,2723,Inactive
PROD0001457,inventore unde,Grocery,Fruits,OnePlus,2338.28,6012.31,806,Active
PROD0001458,dolor vel,Fashion,Kids,OnePlus,2911.49,2005.66,157,Active
PROD0001459,eaque libero,Sports,Apparel,,116.25,1805.98,3356,Inactive
PROD0001460,possimus dolores,Fashion,Shoes,LG,4249.72,7039.27,1183,Inactive
PROD0001461,iusto inventore,Electronics,Mobiles,Sony,730.57,3381.53,3832,Discontinued
PROD0001462,qui nesciunt,Electronics,Accessories,Generic,4839.49,7061.35,4013,Inactive
PROD0001463,mollitia perferendis,Sports,Apparel,Generic,3167.74,8465.57,2136,Discontinued
PROD0001464,hic dolorum,Electronics,Tablets,LG,3442.34,842.88,4000,Discontinued
PROD0001465,repellat recusandae,Home & Kitchen,Appliances,Generic,1485.43,5418.39,4540,Active
PROD0001466,maiores sint,Electronics,Accessories,Apple,1378.67,979.11,1575,Discontinued
PROD0001467,minus repudiandae,Fashion,Shoes,LG,3150.85,4703.27,1841,Discontinued
PROD0001468,placeat ea,Home & Kitchen,Appliances,Apple,2597.95,3958.79,2232,Discontinued
PROD0001469,aperiam dolor,Sports,Apparel,Generic,3400.07,-100.0,4795,Inactive
PROD0001470,reiciendis eos,Fashion,Men,Sony,151.52,1956.5,1827,Active
PROD0001471,consequuntur aut,Electronics,Mobiles,Apple,789.52,7751.59,2787,Discontinued
PROD0001472,molestias veritatis,Electronics,Tablets,Apple,4704.26,2996.31,962,Active
PROD0001473,eligendi voluptates,Fashion,Women,OnePlus,2790.68,1715.92,331,Inactive
PROD0001474,maxime error,Home & Kitchen,Furniture,OnePlus,4835.51,2937.96,3509,Discontinued
PROD0001475,qui nisi,Beauty,Haircare,Sony,2894.63,8363.65,2647,Active
PROD0001476,sapiente debitis,Electronics,Laptops,Generic,3958.28,6346.51,980,Inactive
PROD0001477,consequuntur consequatur,Sports,Equipment,Apple,2839.61,6101.13,3359,Active
PROD0001478,unde fuga,Sports,Equipment,OnePlus,2162.43,8245.96,19,Discontinued
PROD0001479,unde molestias,Grocery,Snacks,OnePlus,884.3,5848.34,4818,Active
PROD0001480,rerum corporis,Electronics,Tablets,Xiaomi,1619.22,8453.49,3019,Discontinued
PROD0001481,maiores id,Sports,Equipment,Samsung,4090.72,7351.89,2517,Active
PROD0001482,eligendi laudantium,Electronics,Mobiles,OnePlus,531.2,967.88,265,Inactive
PROD0001483,adipisci et,Electronics,Mobiles,Xiaomi,1468.54,2699.39,3735,Discontinued
PROD0001484,debitis dignissimos,Electronics,Laptops,Samsung,3955.43,5649.88,1357,Discontinued
PROD0001485,iusto odit,Electronics,Accessories,,4174.88,6350.29,870,Inactive
PROD0001486,autem quis,Sports,Equipment,Apple,1863.7,896.52,3994,Active
PROD0001487,accusamus perferendis,Fashion,Shoes,Samsung,1532.02,6743.39,1902,Active
PROD0001488,doloremque ipsa,Electronics,Mobiles,Sony,3553.35,4678.95,172,Inactive
PROD0001489,facere voluptates,Beauty,Skincare,Generic,3687.77,499.04,1033,Discontinued
PROD0001490,eum ea,Home & Kitchen,Appliances,Apple,2456.9,4395.01,672,Discontinued
PROD0001491,illo libero,Electronics,Tablets,Generic,1525.29,-100.0,4605,Active
PROD0001492,minima quae,Grocery,Dairy,OnePlus,1687.74,157.49,8,Inactive
PROD0001493,suscipit exercitationem,Electronics,Accessories,Samsung,2604.47,7756.08,76,Inactive
PROD0001494,eius enim,Electronics,Laptops,,1405.65,3399.81,4975,Inactive
PROD0001495,consequatur magni,Fashion,Shoes,Sony,2829.71,8397.48,861,Active
PROD0001496,odit quae,Fashion,Women,Samsung,85.79,1721.53,4155,Discontinued
PROD0001497,exercitationem ab,Grocery,Fruits,Samsung,1677.15,5263.71,2248,Inactive
PROD0001498,impedit in,Electronics,Accessories,Apple,1031.0,6668.03,2431,Active
PROD0001499,fuga molestiae,Home & Kitchen,Decor,Samsung,4135.58,2310.27,2513,Discontinued
PROD0001500,commodi corporis,Home & Kitchen,Appliances,Xiaomi,893.94,5529.62,2131,Inactive
PROD0001501,culpa alias,Electronics,Tablets,Apple,4346.38,9437.83,4249,Active
PROD0001502,officia eligendi,Electronics,Tablets,Xiaomi,66.79,9520.72,2859,Discontinued
PROD0001503,praesentium harum,Home & Kitchen,Appliances,Sony,2058.31,7354.17,644,Discontinued
PROD0001504,itaque sunt,Sports,Equipment,Samsung,1031.46,404.03,2254,Discontinued
PROD0001505,vero aliquid,Grocery,Snacks,Samsung,2521.47,9900.16,2792,Active
PROD0001506,amet repellat,Beauty,Haircare,Sony,2020.97,5785.21,728,Active
PROD0001507,fuga saepe,Beauty,Makeup,Generic,1169.6,4332.65,4510,Discontinued
PROD0001508,maxime reprehenderit,Electronics,Accessories,OnePlus,4218.05,1058.71,1588,Inactive
PROD0001509,illo molestiae,Sports,Footwear,Apple,3144.55,2196.95,3898,Active
PROD0001510,est modi,Fashion,Women,Xiaomi,3099.18,8527.74,2282,Inactive
PROD0001511,veritatis voluptatum,Fashion,Shoes,,2297.13,9221.71,1922,Active
PROD0001512,natus neque,Sports,Apparel,Sony,2633.64,5613.63,487,Inactive
PROD0001513,incidunt facere,Electronics,Tablets,Apple,980.99,3804.22,1615,Inactive
PROD0001514,accusamus voluptatum,Fashion,Kids,Apple,4252.67,7387.05,3097,Inactive
PROD0001515,deserunt facere,Sports,Equipment,OnePlus,3726.88,3847.91,3862,Inactive
PROD0001516,earum labore,Electronics,Mobiles,,4840.94,1154.14,1828,Discontinued
PROD0001517,ut quisquam,Beauty,Makeup,Samsung,612.97,4955.22,4255,Discontinued
PROD0001518,totam inventore,Grocery,Fruits,OnePlus,3239.83,999999.0,1320,Inactive
PROD0001519,voluptatem aliquid,Sports,Apparel,Generic,2386.72,7104.27,448,Active
PROD0001520,praesentium impedit,Fashion,Shoes,OnePlus,4798.57,5669.87,4852,Active
PROD0001521,at quae,Grocery,Fruits,Apple,3975.8,1281.47,1149,Inactive
PROD0001522,suscipit labore,Grocery,Vegetables,OnePlus,2309.68,1527.17,2711,Inactive
PROD0001523,repellat ab,Beauty,Makeup,Samsung,3420.43,1614.99,2396,Active
PROD0001524,aut corrupti,Sports,Equipment,Apple,1706.94,8760.94,3812,Active
PROD0001525,facere alias,Grocery,Fruits,Sony,4834.37,8404.46,3603,Active
PROD0001526,magnam eius,Fashion,Shoes,Xiaomi,2360.16,4957.52,210,Inactive
PROD0001527,accusamus adipisci,Sports,Apparel,Samsung,1193.08,8743.47,1701,Discontinued
PROD0001528,eaque porro,Grocery,Vegetables,,3814.0,7424.24,455,Active
PROD0001529,optio deleniti,Sports,Equipment,,2082.01,1450.71,492,Active
PROD0001530,voluptates voluptate,Sports,Apparel,Samsung,1742.5,6539.62,1457,Inactive
PROD0001531,placeat doloribus,Sports,Footwear,Sony,1992.2,3287.44,2745,Inactive
PROD0001532,recusandae iure,Home & Kitchen,Furniture,Apple,83.38,5501.95,2260,Inactive
PROD0001533,blanditiis quo,Home & Kitchen,Decor,Generic,284.94,8686.59,2580,Inactive
PROD0001534,velit nisi,Fashion,Men,Samsung,1314.82,2766.93,2516,Active
PROD0001535,quam exercitationem,Fashion,Shoes,,1985.39,3655.53,1608,Discontinued
PROD0001536,assumenda asperiores,Electronics,Laptops,Xiaomi,835.91,6549.88,3789,Inactive
PROD0001537,explicabo tempora,Beauty,Skincare,Apple,71.73,7013.44,250,Active
PROD0001538,eius aut,Beauty,Makeup,LG,222.89,7306.3,2286,Inactive
PROD0001539,culpa consectetur,Home & Kitchen,Appliances,Xiaomi,3828.85,2962.63,1897,Inactive
PROD0001540,consequatur iure,Beauty,Haircare,Apple,175.56,1090.7,1029,Active
PROD0001541,beatae earum,Sports,Footwear,Generic,4024.59,8180.56,1927,Discontinued
PROD0001542,nostrum itaque,Home & Kitchen,Appliances,OnePlus,909.02,2863.75,203,Active
PROD0001543,facilis autem,Sports,Apparel,Samsung,4434.2,2446.66,2006,Active
PROD0001544,sequi autem,Grocery,Vegetables,LG,3689.83,4056.79,1550,Active
PROD0001545,blanditiis asperiores,Beauty,Haircare,Sony,1168.89,4602.16,1652,Inactive
PROD0001546,ex maiores,Sports,Footwear,Apple,145.1,7612.15,3495,Inactive
PROD0001547,molestiae beatae,Home & Kitchen,Decor,Generic,3637.49,8610.67,1081,Active
PROD0001548,vero consequuntur,Home & Kitchen,Appliances,Generic,426.56,9177.33,3853,Discontinued
PROD0001549,repellat officia,Electronics,Mobiles,Generic,4552.82,2564.35,2073,Discontinued
PROD0001550,ex illum,Sports,Footwear,OnePlus,600.81,8070.06,3220,Active
PROD0001551,deserunt earum,Electronics,Accessories,Samsung,4383.63,8936.23,1278,Discontinued
PROD0001552,laborum placeat,Sports,Equipment,Samsung,2726.71,8144.36,755,Inactive
PROD0001553,ipsum ex,Sports,Footwear,Xiaomi,2378.43,358.85,4123,Inactive
PROD0001554,corporis minima,Fashion,Women,Generic,3720.91,9864.53,1955,Discontinued
PROD0001555,porro ullam,Beauty,Makeup,Generic,3012.48,2079.43,1314,Inactive
PROD0001556,odit vitae,Grocery,Snacks,OnePlus,2893.78,6855.36,1341,Discontinued
PROD0001557,aliquid totam,Grocery,Vegetables,OnePlus,3779.75,798.14,3653,Inactive
PROD0001558,iste illum,Beauty,Skincare,Xiaomi,4130.25,217.74,2268,Discontinued
PROD0001559,sapiente reprehenderit,Beauty,Makeup,,264.46,5803.67,1201,Active
PROD0001560,quisquam reiciendis,Home & Kitchen,Appliances,Sony,2535.6,1790.82,2281,Active
PROD0001561,et magni,Sports,Equipment,LG,4095.17,9834.95,1309,Discontinued
PROD0001562,distinctio temporibus,Grocery,Vegetables,Apple,3817.83,4281.79,4003,Active
PROD0001563,libero atque,Fashion,Women,Xiaomi,302.28,8170.55,315,Inactive
PROD0001564,libero sequi,Beauty,Makeup,Generic,2444.57,6980.81,2053,Inactive
PROD0001565,laboriosam tempora,Sports,Apparel,Samsung,3463.51,3577.0,1665,Discontinued
PROD0001566,vitae assumenda,Fashion,Kids,LG,3670.84,3298.25,2823,Inactive
PROD0001567,illo ipsa,Fashion,Shoes,Xiaomi,393.16,7197.66,2355,Inactive
PROD0001568,deserunt suscipit,Grocery,Dairy,Generic,4352.82,8803.13,2336,Inactive
PROD0001569,exercitationem dolores,Grocery,Snacks,Samsung,1205.76,1362.19,152,Active
PROD0001570,qui temporibus,Fashion,Shoes,Samsung,974.86,9385.66,1241,Inactive
PROD0001571,dolor voluptatum,Sports,Equipment,Generic,369.79,2618.94,3236,Inactive
PROD0001572,temporibus mollitia,Electronics,Tablets,Generic,2771.06,2208.25,1856,Inactive
PROD0001573,a quos,Grocery,Dairy,LG,1784.52,4252.19,2681,Active
PROD0001574,inventore magni,Beauty,Skincare,,4629.36,6798.49,4583,Discontinued
PROD0001575,sequi neque,Home & Kitchen,Appliances,Sony,510.23,2864.22,4234,Discontinued
PROD0001576,nam quo,Home & Kitchen,Furniture,OnePlus,4484.36,7083.68,4279,Active
PROD0001577,dolore aperiam,Grocery,Snacks,Xiaomi,2643.18,5898.87,3719,Discontinued
PROD0001578,rerum et,Electronics,Laptops,Apple,2559.2,4497.21,565,Active
PROD0001579,corrupti adipisci,Electronics,Accessories,Apple,2205.86,8164.74,1598,Active
PROD0001580,corporis blanditiis,Electronics,Tablets,Apple,4818.33,5790.53,4101,Active
PROD0001581,nesciunt at,Grocery,Vegetables,Xiaomi,4491.22,8410.33,1969,Discontinued
PROD0001582,voluptate fugit,Grocery,Dairy,OnePlus,4859.9,-500.0,462,Active
PROD0001583,quae vel,Fashion,Shoes,,4169.3,7660.85,2388,Active
PROD0001584,maiores nostrum,Grocery,Vegetables,OnePlus,1609.09,6765.44,1705,Active
PROD0001585,quia sunt,Grocery,Dairy,Sony,3070.39,3946.64,980,Inactive
PROD0001586,minima tenetur,Beauty,Haircare,Xiaomi,2105.46,3688.36,2505,Discontinued
PROD0001587,quia corrupti,Sports,Footwear,OnePlus,2302.78,5369.63,4998,Active
PROD0001588,corporis perferendis,Home & Kitchen,Appliances,Samsung,2684.02,350.16,3180,Active
PROD0001589,officiis maiores,Sports,Apparel,LG,2471.03,2243.44,1288,Inactive
PROD0001590,nisi saepe,Fashion,Women,OnePlus,2947.0,6523.15,4609,Inactive
PROD0001591,quasi quisquam,Sports,Footwear,Xiaomi,605.47,883.64,1402,Discontinued
PROD0001592,animi consectetur,Electronics,Accessories,,4922.44,4643.7,3612,Inactive
PROD0001593,laborum distinctio,Sports,Equipment,LG,4406.72,3228.4,4468,Inactive
PROD0001594,quidem atque,Sports,Apparel,Sony,3261.04,119.52,1910,Inactive
PROD0001595,voluptate veritatis,Fashion,Women,Sony,808.06,768.27,2465,Active
PROD0001596,nesciunt accusamus,Fashion,Men,OnePlus,1751.22,2862.11,136,Discontinued
PROD0001597,consequatur totam,Sports,Footwear,LG,3061.32,7765.64,4744,Active
PROD0001598,nemo sit,Beauty,Haircare,,1394.88,8238.26,3676,Active
PROD0001599,eveniet labore,Grocery,Dairy,Generic,3201.7,8134.82,2659,Discontinued
PROD0001600,corporis dicta,Sports,Apparel,Apple,4090.3,3464.17,3168,Inactive
PROD0001601,nihil eos,Beauty,Skincare,,2256.18,6857.21,1792,Active
PROD0001602,itaque doloribus,Sports,Footwear,Samsung,1505.17,3523.88,3259,Active
PROD0001603,rerum inventore,Sports,Equipment,LG,2892.15,3108.03,2751,Active
PROD0001604,rem consectetur,Sports,Equipment,OnePlus,3518.72,9366.36,2630,Active
PROD0001605,nesciunt itaque,Home & Kitchen,Cookware,Samsung,1122.87,-500.0,2691,Inactive
PROD0001606,nobis quaerat,Sports,Apparel,Generic,1416.77,1371.65,4967,Discontinued
PROD0001607,sit porro,Beauty,Skincare,Xiaomi,3137.85,5705.3,4203,Inactive
PROD0001608,vitae harum,Grocery,Fruits,Sony,337.06,9647.06,4961,Inactive
PROD0001609,doloremque aliquam,Sports,Equipment,LG,651.27,5160.35,1863,Active
PROD0001610,blanditiis vitae,Home & Kitchen,Decor,Generic,4553.37,336.37,3499,Inactive
PROD0001611,laborum expedita,Fashion,Kids,Sony,4301.4,569.36,3503,Active
PROD0001612,molestias voluptatem,Sports,Footwear,Generic,505.05,7564.95,3000,Inactive
PROD0001613,non dolore,Electronics,Accessories,OnePlus,4488.94,7761.83,2325,Discontinued
PROD0001614,sequi commodi,Home & Kitchen,Cookware,Generic,3384.21,9276.04,1506,Discontinued
PROD0001615,quos ullam,Home & Kitchen,Furniture,Generic,4396.9,5363.84,3602,Inactive
PROD0001616,dignissimos laboriosam,Electronics,Laptops,Generic,3954.2,9237.53,2136,Inactive
PROD0001617,laudantium esse,Beauty,Makeup,OnePlus,789.21,404.25,1067,Discontinued
PROD0001618,aspernatur modi,Grocery,Vegetables,Generic,4325.42,7768.02,953,Inactive
PROD0001619,veritatis quia,Beauty,Haircare,Samsung,4889.29,7666.33,2569,Inactive
PROD0001620,atque tenetur,Home & Kitchen,Furniture,LG,4401.69,7842.22,3139,Discontinued
PROD0001621,minima ea,Electronics,Tablets,Generic,1003.9,7710.01,3401,Inactive
PROD0001622,tempore fuga,Grocery,Fruits,Xiaomi,260.36,3812.76,4681,Inactive
PROD0001623,optio tempora,Electronics,Tablets,Apple,4098.86,4779.73,2019,Inactive
PROD0001624,enim quibusdam,Fashion,Shoes,Xiaomi,3826.75,7996.14,1871,Inactive
PROD0001625,laboriosam nisi,Fashion,Men,,4985.39,1125.52,2830,Active
PROD0001626,eos suscipit,Beauty,Skincare,Sony,4631.03,9027.78,4208,Active
PROD0001627,unde incidunt,Fashion,Women,,997.06,9598.64,1687,Active
PROD0001628,ad quo,Home & Kitchen,Furniture,Sony,826.82,9665.84,4045,Discontinued
PROD0001629,praesentium dignissimos,Home & Kitchen,Furniture,LG,2218.05,1778.84,2061,Discontinued
PROD0001630,odit quam,Grocery,Dairy,Samsung,3271.15,3580.05,1348,Inactive
PROD0001631,sunt ab,Grocery,Fruits,LG,1783.27,554.13,1505,Inactive
PROD0001632,velit provident,Grocery,Dairy,Xiaomi,2212.7,3927.19,4605,Active
PROD0001633,voluptas saepe,Grocery,Vegetables,Xiaomi,2468.35,2459.26,4203,Active
PROD0001634,quidem maxime,Sports,Apparel,Generic,1965.28,6104.24,1847,Inactive
PROD0001635,inventore doloribus,Home & Kitchen,Decor,Sony,200.75,4621.14,1775,Active
PROD0001636,sequi eum,Fashion,Shoes,OnePlus,1839.22,6380.1,4155,Discontinued
PROD0001637,minima corrupti,Electronics,Accessories,Sony,1031.83,1401.79,313,Discontinued
PROD0001638,quis sit,Fashion,Men,Samsung,529.32,4436.47,3669,Inactive
PROD0001639,minima expedita,Home & Kitchen,Furniture,Sony,1416.53,4457.5,3853,Discontinued
PROD0001640,consequuntur vitae,Beauty,Haircare,OnePlus,1943.88,3629.31,3408,Discontinued
PROD0001641,dolorum at,Sports,Equipment,LG,150.34,8925.31,4811,Active
PROD0001642,at sed,Grocery,Snacks,,4671.41,290.01,766,Active
PROD0001643,dolor esse,Sports,Apparel,Generic,395.81,6548.68,235,Active
PROD0001644,dolore cupiditate,Home & Kitchen,Furniture,Samsung,1243.5,9004.81,725,Inactive
PROD0001645,est eveniet,Fashion,Women,Samsung,3484.71,271.67,2540,Active
PROD0001646,vitae laborum,Beauty,Haircare,,4911.85,7143.71,136,Inactive
PROD0001647,laborum nihil,Fashion,Kids,OnePlus,4403.84,3987.07,4526,Inactive
PROD0001648,eum aspernatur,Electronics,Tablets,Samsung,578.71,8594.56,4438,Discontinued
PROD0001649,quas aliquid,Fashion,Kids,LG,1452.62,4405.43,1286,Active
PROD0001650,cupiditate aut,Beauty,Haircare,LG,362.21,-100.0,3813,Discontinued
PROD0001651,consectetur eaque,Electronics,Laptops,Samsung,3124.67,5568.27,4464,Inactive
PROD0001652,ea accusantium,Home & Kitchen,Cookware,Sony,4054.73,9129.69,349,Discontinued
PROD0001653,voluptatem pariatur,Electronics,Laptops,OnePlus,1256.93,6327.59,1899,Active
PROD0001654,cumque delectus,Grocery,Dairy,LG,1653.25,8776.81,4159,Discontinued
PROD0001655,dolorem asperiores,Home & Kitchen,Cookware,Samsung,3687.03,7989.45,2590,Active
PROD0001656,voluptates aspernatur,Home & Kitchen,Appliances,LG,1641.11,4014.17,434,Inactive
PROD0001657,voluptatibus debitis,Electronics,Laptops,Xiaomi,1581.86,-500.0,2991,Active
PROD0001658,aspernatur repellendus,Grocery,Fruits,,3265.45,3390.95,464,Active
PROD0001659,pariatur blanditiis,Fashion,Men,Sony,333.16,8763.48,2185,Active
PROD0001660,recusandae quisquam,Sports,Equipment,Sony,3941.88,8178.7,126,Discontinued
PROD0001661,laudantium earum,Beauty,Skincare,OnePlus,584.71,6485.23,4527,Active
PROD0001662,voluptatum autem,Sports,Apparel,Apple,445.02,592.46,2902,Discontinued
PROD0001663,vel expedita,Beauty,Skincare,Sony,2713.59,7585.76,3510,Inactive
PROD0001664,cumque dicta,Home & Kitchen,Decor,Apple,3902.21,2358.55,2421,Discontinued
PROD0001665,ipsa numquam,Beauty,Haircare,LG,2299.93,927.36,2462,Inactive
PROD0001666,architecto cum,Beauty,Skincare,OnePlus,573.05,3883.46,10,Active
PROD0001667,ex molestiae,Grocery,Fruits,Apple,2415.74,6572.29,3087,Discontinued
PROD0001668,ullam dolores,Fashion,Kids,,4726.37,9752.42,1874,Active
PROD0001669,natus nihil,Electronics,Accessories,LG,2995.17,5475.33,1301,Discontinued
PROD0001670,alias cumque,Sports,Apparel,Xiaomi,2521.35,988.09,1598,Active
PROD0001671,dolorem in,Beauty,Makeup,Generic,747.56,8773.78,639,Discontinued
PROD0001672,enim asperiores,Beauty,Haircare,OnePlus,560.79,2876.37,4559,Discontinued
PROD0001673,non nemo,Grocery,Vegetables,Samsung,3860.54,427.05,26,Discontinued
PROD0001674,eos corrupti,Grocery,Snacks,Apple,4097.99,3237.05,3134,Inactive
PROD0001675,odio enim,Home & Kitchen,Decor,Xiaomi,430.9,1721.81,628,Inactive
PROD0001676,a minima,Electronics,Tablets,Xiaomi,4544.09,9472.93,1680,Discontinued
PROD0001677,culpa tempora,Fashion,Shoes,,2768.1,4476.39,797,Active
PROD0001678,expedita eligendi,Beauty,Skincare,Apple,2639.7,6082.34,4867,Discontinued
PROD0001679,laudantium excepturi,Fashion,Kids,Apple,3411.05,6135.06,317,Inactive
PROD0001680,ab sunt,Sports,Apparel,Apple,1848.2,8087.77,4166,Discontinued
PROD0001681,dolore corporis,Home & Kitchen,Appliances,Apple,3923.86,999999.0,4532,Inactive
PROD0001682,excepturi exercitationem,Home & Kitchen,Furniture,Samsung,4382.34,610.42,130,Active
PROD0001683,sit ratione,Electronics,Mobiles,LG,1573.31,4076.95,4404,Discontinued
PROD0001684,similique ipsa,Fashion,Women,Sony,2158.82,6187.51,918,Discontinued
PROD0001685,suscipit inventore,Grocery,Fruits,LG,755.31,958.31,4271,Discontinued
PROD0001686,corrupti architecto,Sports,Apparel,Generic,3946.14,6764.11,1409,Discontinued
PROD0001687,et reprehenderit,Home & Kitchen,Appliances,Generic,1538.56,4239.92,2738,Inactive
PROD0001688,aperiam voluptatum,Beauty,Makeup,Samsung,2523.83,4780.48,3062,Discontinued
PROD0001689,explicabo delectus,Grocery,Fruits,Generic,305.96,147.95,2893,Active
PROD0001690,dolorum delectus,Fashion,Kids,LG,2523.29,1456.62,1816,Inactive
PROD0001691,animi dolorum,Fashion,Women,Samsung,220.31,8497.72,4961,Discontinued
PROD0001692,commodi natus,Beauty,Skincare,LG,1177.56,7209.72,2259,Discontinued
PROD0001693,quis aliquid,Fashion,Shoes,Apple,357.4,568.94,2116,Active
PROD0001694,quae aut,Grocery,Fruits,LG,246.88,6710.06,4596,Discontinued
PROD0001695,quod laboriosam,Sports,Apparel,Apple,860.49,4261.64,2947,Discontinued
PROD0001696,provident esse,Electronics,Laptops,Apple,1978.31,3759.32,1410,Active
PROD0001697,illum tenetur,Sports,Equipment,,1543.76,2945.57,198,Discontinued
PROD0001698,omnis optio,Home & Kitchen,Appliances,OnePlus,1313.28,9546.59,4871,Discontinued
PROD0001699,sapiente tenetur,Beauty,Haircare,,1560.09,-100.0,4229,Discontinued
PROD0001700,quae nisi,Electronics,Laptops,,146.63,6729.88,3156,Discontinued
PROD0001701,quaerat ad,Grocery,Fruits,Xiaomi,4356.61,2966.82,737,Inactive
PROD0001702,error inventore,Home & Kitchen,Cookware,Generic,4927.93,8765.04,4098,Discontinued
PROD0001703,saepe aut,Grocery,Snacks,Apple,276.67,4769.21,1915,Discontinued
PROD0001704,numquam eum,Home & Kitchen,Appliances,Apple,3072.05,4216.95,1533,Discontinued
PROD0001705,libero possimus,Electronics,Accessories,,4525.42,1202.57,4050,Discontinued
PROD0001706,ipsum sunt,Home & Kitchen,Decor,Sony,3435.08,9988.99,3121,Active
PROD0001707,sed accusantium,Home & Kitchen,Cookware,Xiaomi,794.44,8240.36,3599,Discontinued
PROD0001708,cupiditate architecto,Fashion,Women,,3848.32,999999.0,4477,Discontinued
PROD0001709,earum eum,Sports,Apparel,LG,4635.28,-100.0,1275,Inactive
PROD0001710,repellat quibusdam,Beauty,Skincare,Apple,2280.66,9818.93,1412,Active
PROD0001711,laudantium odio,Fashion,Women,Apple,3511.84,400.77,2885,Inactive
PROD0001712,ea voluptates,Electronics,Tablets,,3106.13,349.98,103,Discontinued
PROD0001713,natus deleniti,Electronics,Tablets,OnePlus,3852.56,3064.88,4914,Active
PROD0001714,aut officia,Electronics,Accessories,LG,1202.19,6252.75,1368,Active
PROD0001715,enim illum,Beauty,Haircare,Generic,2247.84,334.91,173,Inactive
PROD0001716,tempore porro,Sports,Equipment,Generic,1024.43,9014.63,2567,Discontinued
PROD0001717,nulla ratione,Electronics,Mobiles,Samsung,2764.99,2842.08,906,Inactive
PROD0001718,iste inventore,Home & Kitchen,Decor,Sony,930.69,2031.31,127,Active
PROD0001719,quibusdam itaque,Home & Kitchen,Appliances,Sony,4739.81,6106.86,3781,Inactive
PROD0001720,aperiam ad,Electronics,Accessories,Xiaomi,3245.37,5532.55,45,Discontinued
PROD0001721,commodi eveniet,Home & Kitchen,Furniture,Samsung,4465.08,948.79,549,Inactive
PROD0001722,exercitationem distinctio,Electronics,Laptops,Samsung,2601.52,1280.13,82,Inactive
PROD0001723,quos doloribus,Home & Kitchen,Appliances,Sony,4423.31,848.79,4203,Active
PROD0001724,voluptates dolore,Home & Kitchen,Decor,Sony,346.86,3574.83,3166,Discontinued
PROD0001725,quam aspernatur,Grocery,Snacks,Xiaomi,4234.95,9637.58,2177,Active
PROD0001726,illum incidunt,Grocery,Fruits,LG,2904.12,8873.93,796,Active
PROD0001727,vel rem,Grocery,Vegetables,Xiaomi,2187.48,2546.89,4836,Inactive
PROD0001728,eius esse,Home & Kitchen,Furniture,LG,4516.55,6451.24,2946,Active
PROD0001729,in consequuntur,Fashion,Kids,Samsung,1598.5,5486.71,1356,Active
PROD0001730,porro voluptas,Fashion,Women,LG,238.65,5720.45,2987,Active
PROD0001731,temporibus dicta,Sports,Footwear,,1213.01,4082.01,1888,Inactive
PROD0001732,dignissimos quis,Fashion,Kids,OnePlus,1015.0,8042.69,787,Active
PROD0001733,modi quibusdam,Electronics,Laptops,,404.28,1471.76,2293,Active
PROD0001734,quia dignissimos,Sports,Apparel,OnePlus,1557.03,8000.46,856,Discontinued
PROD0001735,aspernatur corrupti,Sports,Footwear,Apple,4418.13,5315.91,2180,Active
PROD0001736,rem pariatur,Grocery,Fruits,Xiaomi,4544.94,8825.27,1529,Active
PROD0001737,dolorum aut,Home & Kitchen,Appliances,,4687.82,148.61,4974,Active
PROD0001738,architecto quam,Beauty,Makeup,Samsung,4450.7,1991.97,2490,Discontinued
PROD0001739,laborum sapiente,Grocery,Dairy,Samsung,3843.91,8757.62,4402,Inactive
PROD0001740,odit optio,Beauty,Skincare,Sony,2717.12,8243.42,737,Active
PROD0001741,reiciendis aliquam,Grocery,Snacks,Sony,2801.73,7978.52,3984,Discontinued
PROD0001742,iure cumque,Grocery,Fruits,Sony,2182.23,2907.36,431,Inactive
PROD0001743,laborum vitae,Beauty,Haircare,Samsung,4223.36,6677.46,149,Active
PROD0001744,delectus fugit,Grocery,Fruits,Xiaomi,3797.16,6503.26,1417,Inactive
PROD0001745,placeat fuga,Grocery,Snacks,,1506.39,3593.49,3634,Inactive
PROD0001746,ea expedita,Home & Kitchen,Decor,OnePlus,4508.14,5891.71,1208,Active
PROD0001747,voluptas earum,Fashion,Men,Apple,2865.04,2910.82,640,Discontinued
PROD0001748,consequuntur modi,Electronics,Laptops,Apple,2145.07,2283.92,1200,Active
PROD0001749,architecto laboriosam,Beauty,Makeup,Generic,3176.91,5068.64,3570,Inactive
PROD0001750,perferendis et,Fashion,Shoes,Sony,2561.32,-100.0,2901,Inactive
PROD0001751,animi ipsa,Electronics,Mobiles,OnePlus,4682.02,5810.26,1837,Active
PROD0001752,magnam vero,Sports,Equipment,LG,1000.88,5820.47,2539,Inactive
PROD0001753,reiciendis consequuntur,Fashion,Shoes,Apple,432.4,9491.53,150,Inactive
PROD0001754,consectetur maxime,Home & Kitchen,Decor,Sony,362.95,9613.37,3920,Active
PROD0001755,doloremque sit,Fashion,Kids,Samsung,1326.39,9128.8,1299,Inactive
PROD0001756,mollitia quos,Fashion,Women,,4998.13,4603.54,1961,Active
PROD0001757,repellendus ratione,Grocery,Snacks,Generic,3798.34,9534.94,4478,Active
PROD0001758,aperiam dicta,Home & Kitchen,Cookware,LG,2677.57,1658.54,4442,Active
PROD0001759,possimus reprehenderit,Home & Kitchen,Furniture,Sony,825.79,4404.48,3243,Discontinued
PROD0001760,harum sequi,Beauty,Haircare,Xiaomi,786.22,2388.58,50,Active
PROD0001761,adipisci ex,Home & Kitchen,Appliances,Generic,2132.14,9999.19,680,Inactive
PROD0001762,ad odit,Grocery,Fruits,Xiaomi,1486.68,3405.27,3745,Active
PROD0001763,fugiat perspiciatis,Beauty,Skincare,LG,2974.23,9363.68,622,Discontinued
PROD0001764,dicta vero,Beauty,Skincare,Generic,2006.85,4160.21,4137,Active
PROD0001765,quam ut,Home & Kitchen,Decor,Sony,3686.88,5390.66,3863,Discontinued
PROD0001766,voluptates similique,Sports,Apparel,,3165.78,7430.38,2103,Discontinued
PROD0001767,ipsa provident,Home & Kitchen,Furniture,Samsung,2515.87,7596.32,4915,Active
PROD0001768,mollitia repellat,Fashion,Women,Xiaomi,3325.76,2489.92,886,Active
PROD0001769,nemo enim,Grocery,Fruits,OnePlus,1289.29,1334.28,4629,Discontinued
PROD0001770,aliquam soluta,Home & Kitchen,Furniture,LG,4842.16,4550.0,3255,Inactive
PROD0001771,vel rem,Fashion,Kids,LG,3726.44,452.15,3832,Active
PROD0001772,voluptas sapiente,Grocery,Dairy,Apple,2507.95,7199.62,2701,Active
PROD0001773,in fugiat,Home & Kitchen,Appliances,LG,1020.58,2569.35,3149,Active
PROD0001774,provident vitae,Sports,Apparel,Xiaomi,82.47,4849.96,2724,Inactive
PROD0001775,porro tempora,Beauty,Haircare,OnePlus,147.89,8194.3,4601,Active
PROD0001776,aliquam repudiandae,Grocery,Vegetables,Apple,1305.71,5020.39,3912,Active
PROD0001777,neque dolore,Home & Kitchen,Decor,Generic,2720.4,9197.86,4415,Discontinued
PROD0001778,dolores aliquam,Fashion,Women,Apple,1194.81,8361.9,2365,Active
PROD0001779,quam architecto,Beauty,Skincare,Samsung,2549.53,4759.45,2250,Discontinued
PROD0001780,minus accusantium,Home & Kitchen,Decor,Sony,1614.88,784.19,231,Active
PROD0001781,odio eius,Fashion,Kids,OnePlus,1829.02,8376.75,3642,Discontinued
PROD0001782,suscipit quos,Beauty,Makeup,,4210.19,5189.12,2963,Inactive
PROD0001783,praesentium doloribus,Grocery,Vegetables,Generic,924.04,1080.35,4853,Inactive
PROD0001784,consequuntur corrupti,Fashion,Kids,LG,4619.6,5521.2,2457,Inactive
PROD0001785,nulla ad,Home & Kitchen,Appliances,Apple,3836.41,1165.05,4501,Discontinued
PROD0001786,vel in,Home & Kitchen,Decor,Xiaomi,3827.32,3152.78,1212,Discontinued
PROD0001787,similique dicta,Fashion,Women,Apple,4526.92,8313.94,2423,Active
PROD0001788,aperiam fugiat,Sports,Equipment,Xiaomi,4231.13,7874.83,3085,Active
PROD0001789,modi culpa,Beauty,Makeup,Samsung,359.62,2746.21,2724,Active
PROD0001790,harum inventore,Sports,Equipment,Generic,4557.98,6880.89,1097,Discontinued
PROD0001791,sapiente amet,Grocery,Dairy,OnePlus,3146.88,4235.0,4917,Inactive
PROD0001792,facere explicabo,Fashion,Shoes,Samsung,2250.26,1594.05,1589,Discontinued
PROD0001793,distinctio pariatur,Grocery,Fruits,Apple,141.23,3088.25,4786,Discontinued
PROD0001794,ipsum repellendus,Grocery,Dairy,OnePlus,4394.08,7121.62,3855,Active
PROD0001795,voluptate accusantium,Home & Kitchen,Appliances,Sony,4116.66,3967.27,376,Discontinued
PROD0001796,laudantium aliquid,Sports,Equipment,OnePlus,2860.8,9110.67,1490,Inactive
PROD0001797,id ex,Fashion,Women,Generic,692.34,406.7,1418,Inactive
PROD0001798,est corporis,Home & Kitchen,Furniture,Xiaomi,2626.82,3640.46,916,Inactive
PROD0001799,dolor cum,Fashion,Kids,OnePlus,2003.03,1341.32,2543,Inactive
PROD0001800,architecto modi,Sports,Footwear,OnePlus,2842.52,1033.67,1693,Active
PROD0001801,vitae magni,Beauty,Haircare,Apple,798.06,1816.36,1416,Inactive
PROD0001802,quas quas,Home & Kitchen,Cookware,Xiaomi,2476.09,2904.12,3028,Discontinued
PROD0001803,occaecati sequi,Fashion,Men,Apple,3648.52,2622.49,1570,Active
PROD0001804,architecto nemo,Electronics,Tablets,LG,2334.82,927.29,223,Inactive
PROD0001805,ducimus non,Sports,Equipment,Apple,3966.84,8361.02,755,Discontinued
PROD0001806,inventore ipsum,Fashion,Shoes,Apple,1620.88,906.91,2929,Inactive
PROD0001807,voluptas veritatis,Sports,Footwear,LG,454.88,5843.9,3732,Inactive
PROD0001808,sapiente accusamus,Home & Kitchen,Cookware,Generic,2731.23,9785.58,4031,Inactive
PROD0001809,sed ad,Home & Kitchen,Appliances,Sony,4683.19,3104.46,4411,Discontinued
PROD0001810,eligendi quo,Fashion,Men,LG,3042.92,6932.45,802,Inactive
PROD0001811,officia cumque,Grocery,Fruits,Apple,2285.0,3341.47,4936,Inactive
PROD0001812,odit unde,Grocery,Fruits,OnePlus,2063.0,6139.29,3002,Inactive
PROD0001813,quod ab,Fashion,Men,Generic,3853.84,3299.76,2051,Active
PROD0001814,veritatis excepturi,Home & Kitchen,Decor,Samsung,3093.35,5995.36,34,Active
PROD0001815,repellendus est,Electronics,Laptops,Apple,3740.35,332.95,692,Inactive
PROD0001816,ut est,Grocery,Snacks,LG,556.9,3500.64,4284,Discontinued
PROD0001817,maiores consectetur,Home & Kitchen,Decor,Sony,4240.06,8300.78,3657,Discontinued
PROD0001818,qui error,Beauty,Makeup,,4740.06,3596.98,1206,Discontinued
PROD0001819,voluptates iusto,Sports,Footwear,Apple,1962.41,2195.31,769,Inactive
PROD0001820,labore natus,Grocery,Vegetables,Sony,2740.94,446.74,3818,Active
PROD0001821,eum cumque,Grocery,Fruits,Sony,322.7,4325.15,4206,Discontinued
PROD0001822,necessitatibus molestias,Fashion,Men,OnePlus,4822.89,3904.28,1432,Discontinued
PROD0001823,fugit maxime,Fashion,Kids,,3435.58,5878.91,4428,Inactive
PROD0001824,fuga deserunt,Sports,Equipment,OnePlus,244.51,5879.04,3483,Inactive
PROD0001825,alias sit,Home & Kitchen,Cookware,Samsung,1663.62,3718.47,1230,Discontinued
PROD0001826,quae inventore,Sports,Equipment,Samsung,2109.89,4479.47,2163,Discontinued
PROD0001827,accusamus doloremque,Beauty,Skincare,Generic,2091.56,9721.99,1592,Inactive
PROD0001828,nam ex,Fashion,Kids,Apple,954.27,5772.52,4074,Inactive
PROD0001829,ratione at,Home & Kitchen,Cookware,Xiaomi,4324.43,7735.65,4598,Inactive
PROD0001830,dolores omnis,Sports,Footwear,,82.84,5651.74,4084,Active
PROD0001831,laudantium maiores,Home & Kitchen,Appliances,Xiaomi,52.9,7134.01,785,Inactive
PROD0001832,nobis nostrum,Grocery,Fruits,Xiaomi,3931.08,8976.79,1430,Active
PROD0001833,modi dicta,Fashion,Shoes,Apple,334.71,8544.83,3237,Inactive
PROD0001834,culpa id,Fashion,Shoes,OnePlus,4704.77,4945.75,1574,Active
PROD0001835,sapiente fugiat,Sports,Equipment,Generic,4877.57,8326.83,4,Inactive
PROD0001836,in facere,Electronics,Accessories,Generic,834.01,8165.87,879,Discontinued
PROD0001837,eligendi consequuntur,Fashion,Kids,Sony,4801.29,3916.0,4203,Inactive
PROD0001838,soluta molestiae,Beauty,Haircare,Apple,4013.14,4873.18,2591,Discontinued
PROD0001839,assumenda voluptas,Grocery,Fruits,LG,3119.97,252.05,4731,Active
PROD0001840,sunt rerum,Beauty,Skincare,Samsung,98.34,1941.66,2688,Inactive
PROD0001841,odio pariatur,Home & Kitchen,Cookware,OnePlus,4069.02,3153.86,3765,Inactive
PROD0001842,architecto nobis,Sports,Equipment,Apple,2047.13,8170.94,4834,Discontinued
PROD0001843,quod dolor,Home & Kitchen,Furniture,Generic,3992.59,7891.39,3614,Discontinued
PROD0001844,ipsa et,Fashion,Shoes,OnePlus,4832.31,386.04,2525,Active
PROD0001845,molestiae recusandae,Sports,Apparel,Sony,1235.89,6922.04,1585,Discontinued
PROD0001846,voluptatibus eligendi,Grocery,Fruits,Xiaomi,3490.88,7810.48,2197,Discontinued
PROD0001847,voluptate asperiores,Home & Kitchen,Appliances,Samsung,2975.98,5098.5,4607,Active
PROD0001848,enim vero,Grocery,Vegetables,,4415.1,9010.37,749,Inactive
PROD0001849,vel vel,Grocery,Fruits,,2636.12,4916.96,1728,Discontinued
PROD0001850,illum quos,Grocery,Vegetables,Samsung,2380.91,4426.37,3224,Discontinued
PROD0001851,quae id,Fashion,Kids,Apple,1217.38,8581.88,4263,Active
PROD0001852,distinctio non,Home & Kitchen,Furniture,LG,2901.56,1707.46,3490,Inactive
PROD0001853,eaque sed,Fashion,Shoes,Xiaomi,4481.52,4671.54,3779,Active
PROD0001854,et error,Grocery,Snacks,Generic,3894.1,8830.41,1884,Active
PROD0001855,blanditiis quidem,Home & Kitchen,Cookware,,2533.51,2541.12,1122,Discontinued
PROD0001856,quod illum,Sports,Apparel,Xiaomi,2499.19,3199.15,1080,Active
PROD0001857,illum quibusdam,Fashion,Shoes,Xiaomi,181.82,9868.92,2498,Active
PROD0001858,exercitationem consequatur,Beauty,Skincare,Generic,3844.79,1664.57,782,Inactive
PROD0001859,voluptate laboriosam,Electronics,Tablets,Generic,4272.49,3390.0,4790,Discontinued
PROD0001860,quos enim,Sports,Footwear,,2210.8,8101.08,3871,Active
PROD0001861,quo nostrum,Fashion,Kids,Generic,4702.39,4700.9,2808,Inactive
PROD0001862,maxime temporibus,Electronics,Tablets,,2897.42,4719.0,2478,Inactive
PROD0001863,velit ipsam,Sports,Footwear,Xiaomi,1188.64,3062.14,3625,Inactive
PROD0001864,maiores aut,Sports,Apparel,,1936.39,8134.94,2125,Active
PROD0001865,voluptas atque,Home & Kitchen,Furniture,Sony,3765.7,1911.62,560,Active
PROD0001866,alias fugiat,Sports,Apparel,Generic,1251.66,4772.42,2866,Active
PROD0001867,earum consectetur,Grocery,Dairy,,2885.1,3778.62,3800,Inactive
PROD0001868,id itaque,Electronics,Laptops,Sony,1035.82,3621.55,4834,Discontinued
PROD0001869,cum iure,Beauty,Haircare,OnePlus,2885.82,9465.51,4914,Inactive
PROD0001870,dolor autem,Grocery,Snacks,Sony,1123.73,610.66,3517,Inactive
PROD0001871,rerum labore,Fashion,Women,Samsung,2075.23,-500.0,2241,Inactive
PROD0001872,quis qui,Sports,Apparel,Apple,1973.98,5270.41,439,Active
PROD0001873,nulla recusandae,Beauty,Skincare,Xiaomi,875.2,8186.17,1390,Discontinued
PROD0001874,eaque inventore,Electronics,Mobiles,LG,2126.95,1767.22,3278,Active
PROD0001875,reiciendis perspiciatis,Home & Kitchen,Decor,Generic,323.36,2607.63,4217,Discontinued
PROD0001876,ipsum tempore,Sports,Equipment,LG,4938.89,4419.63,3682,Inactive
PROD0001877,eligendi neque,Sports,Equipment,OnePlus,1317.29,999999.0,4326,Discontinued
PROD0001878,fugiat fugiat,Sports,Equipment,Samsung,3610.71,8510.68,4179,Active
PROD0001879,nemo a,Fashion,Women,Generic,3575.07,4021.27,4001,Active
PROD0001880,mollitia perspiciatis,Home & Kitchen,Furniture,Xiaomi,3468.99,4665.48,2032,Active
PROD0001881,cumque sed,Fashion,Shoes,Sony,4528.8,5016.53,831,Discontinued
PROD0001882,repudiandae adipisci,Grocery,Snacks,Generic,559.27,2740.77,4366,Inactive
PROD0001883,perspiciatis illo,Home & Kitchen,Appliances,LG,289.73,5249.68,2612,Inactive
PROD0001884,sed dolor,Electronics,Tablets,Generic,262.02,6028.75,2864,Discontinued
PROD0001885,maiores vel,Sports,Footwear,LG,2450.41,793.24,2853,Active
PROD0001886,at incidunt,Electronics,Accessories,LG,4576.4,1604.47,2497,Active
PROD0001887,possimus in,Home & Kitchen,Furniture,Sony,2836.77,312.47,4556,Inactive
PROD0001888,saepe in,Fashion,Men,Xiaomi,1849.43,4549.09,646,Discontinued
PROD0001889,quis qui,Grocery,Snacks,OnePlus,2364.82,2248.96,780,Inactive
PROD0001890,odit illo,Electronics,Accessories,Apple,1262.15,9894.22,3379,Active
PROD0001891,maiores praesentium,Grocery,Fruits,,3664.21,6399.73,3554,Discontinued
PROD0001892,deleniti adipisci,Beauty,Makeup,LG,3894.12,6905.21,2532,Discontinued
PROD0001893,placeat in,Electronics,Laptops,,1285.2,2148.18,4925,Active
PROD0001894,voluptatem delectus,Grocery,Fruits,Generic,3929.09,1009.22,3908,Active
PROD0001895,sint impedit,Fashion,Kids,,1227.22,6581.16,1738,Discontinued
PROD0001896,cum amet,Sports,Equipment,Sony,1941.22,9452.59,4535,Discontinued
PROD0001897,sint delectus,Fashion,Shoes,OnePlus,301.15,8627.81,1104,Active
PROD0001898,earum sint,Home & Kitchen,Appliances,Apple,709.03,6154.75,3612,Discontinued
PROD0001899,eligendi natus,Fashion,Men,Apple,1552.15,8074.4,457,Inactive
PROD0001900,non est,Electronics,Accessories,Xiaomi,2538.76,2777.74,2286,Active
PROD0001901,occaecati reiciendis,Fashion,Kids,Apple,4314.14,4348.59,88,Inactive
PROD0001902,reiciendis dicta,Fashion,Shoes,Apple,4093.62,4809.06,4718,Discontinued
PROD0001903,doloribus corporis,Sports,Footwear,LG,3716.8,9392.95,1779,Discontinued
PROD0001904,adipisci eius,Electronics,Accessories,Samsung,1606.03,5859.06,3365,Discontinued
PROD0001905,officia asperiores,Beauty,Haircare,LG,3760.92,753.29,4570,Active
PROD0001906,deserunt quos,Home & Kitchen,Furniture,Samsung,3327.8,6910.1,2642,Active
PROD0001907,eius perferendis,Grocery,Vegetables,,2063.32,125.35,13,Inactive
PROD0001908,nihil in,Fashion,Shoes,Apple,3873.11,324.11,1557,Discontinued
PROD0001909,molestias quae,Fashion,Men,Samsung,3275.94,1112.06,4568,Inactive
PROD0001910,error voluptate,Fashion,Men,,2145.9,8123.04,1772,Inactive
PROD0001911,natus omnis,Grocery,Snacks,Generic,1865.72,3228.75,482,Inactive
PROD0001912,quam provident,Fashion,Women,Samsung,3884.62,7774.24,4589,Discontinued
PROD0001913,laboriosam quia,Fashion,Women,OnePlus,209.82,3062.93,969,Discontinued
PROD0001914,rerum assumenda,Sports,Footwear,OnePlus,792.1,728.55,2921,Active
PROD0001915,temporibus pariatur,Grocery,Vegetables,Generic,465.13,8061.66,3443,Inactive
PROD0001916,veritatis iure,Sports,Equipment,Sony,4640.08,6530.0,4935,Inactive
PROD0001917,officia totam,Electronics,Accessories,,722.82,5004.46,1906,Active
PROD0001918,nisi hic,Sports,Equipment,Sony,2849.67,4440.84,1954,Inactive
PROD0001919,veritatis numquam,Beauty,Skincare,OnePlus,4194.06,5659.86,4617,Inactive
PROD0001920,reprehenderit quia,Sports,Apparel,Xiaomi,3010.51,360.56,4757,Active
PROD0001921,voluptatem neque,Beauty,Haircare,,1126.39,8523.55,4207,Inactive
PROD0001922,laboriosam praesentium,Electronics,Accessories,Xiaomi,2018.58,1583.74,98,Active
PROD0001923,commodi nobis,Electronics,Laptops,Sony,4276.28,-500.0,4759,Inactive
PROD0001924,soluta iusto,Electronics,Tablets,Xiaomi,4202.91,4204.96,227,Discontinued
PROD0001925,excepturi quis,Fashion,Shoes,Samsung,4216.32,6852.84,73,Active
PROD0001926,vero modi,Fashion,Men,Xiaomi,2711.12,6854.89,2687,Discontinued
PROD0001927,magni atque,Grocery,Fruits,LG,2419.64,796.34,4221,Active
PROD0001928,natus pariatur,Electronics,Laptops,,2039.5,1003.77,2771,Inactive
PROD0001929,ipsum voluptas,Grocery,Vegetables,OnePlus,824.29,7880.45,2903,Inactive
PROD0001930,perferendis dolore,Home & Kitchen,Furniture,Apple,561.29,1970.16,1433,Inactive
PROD0001931,qui dicta,Sports,Footwear,OnePlus,1122.79,3135.67,1270,Inactive
PROD0001932,deleniti veritatis,Home & Kitchen,Appliances,LG,985.3,5615.11,1888,Inactive
PROD0001933,accusantium voluptas,Fashion,Kids,Samsung,4472.57,4968.06,4197,Inactive
PROD0001934,fugit fugit,Fashion,Women,Sony,3702.11,6981.64,3351,Inactive
PROD0001935,et minus,Sports,Equipment,LG,1617.55,4117.3,804,Active
PROD0001936,dolore et,Grocery,Vegetables,LG,2457.18,387.61,3128,Active
PROD0001937,accusantium sed,Electronics,Accessories,LG,3746.68,4986.28,4694,Inactive
PROD0001938,quam temporibus,Beauty,Makeup,Generic,4349.86,9394.43,1279,Discontinued
PROD0001939,temporibus tenetur,Home & Kitchen,Cookware,Xiaomi,1693.85,3761.51,1060,Discontinued
PROD0001940,quaerat suscipit,Fashion,Kids,OnePlus,2803.93,6434.8,1584,Inactive
PROD0001941,debitis laboriosam,Home & Kitchen,Furniture,LG,1075.06,9839.44,1401,Inactive
PROD0001942,in facere,Grocery,Vegetables,Apple,612.58,7401.35,4759,Discontinued
PROD0001943,illo voluptatum,Grocery,Snacks,Sony,1242.34,264.14,4633,Discontinued
PROD0001944,atque suscipit,Electronics,Accessories,Apple,3032.77,5639.77,4305,Inactive
PROD0001945,fuga repudiandae,Home & Kitchen,Appliances,Sony,565.56,4633.73,3430,Discontinued
PROD0001946,expedita vel,Home & Kitchen,Appliances,Xiaomi,724.5,9398.92,1149,Inactive
PROD0001947,quam necessitatibus,Sports,Equipment,LG,2450.12,8491.95,2253,Discontinued
PROD0001948,hic dolorem,Sports,Footwear,OnePlus,3903.17,7446.76,973,Inactive
PROD0001949,quisquam similique,Fashion,Men,Apple,508.04,4049.18,2617,Discontinued
PROD0001950,maiores veritatis,Home & Kitchen,Cookware,,881.04,4530.93,1617,Active
PROD0001951,nulla fugiat,Grocery,Dairy,Apple,379.47,7805.81,715,Active
PROD0001952,quasi est,Grocery,Dairy,Apple,2368.56,2880.08,1671,Active
PROD0001953,vero at,Fashion,Kids,LG,3311.59,3045.71,4304,Active
PROD0001954,quam id,Electronics,Tablets,,4494.45,2843.04,2111,Inactive
PROD0001955,aliquid sit,Beauty,Skincare,Xiaomi,893.17,7408.78,2339,Inactive
PROD0001956,repellendus nemo,Sports,Footwear,OnePlus,4186.97,3686.37,3299,Inactive
PROD0001957,labore voluptate,Beauty,Makeup,Generic,3017.48,9280.69,1726,Active
PROD0001958,ex sequi,Beauty,Makeup,,4543.53,9521.65,3108,Inactive
PROD0001959,quasi doloribus,Sports,Apparel,Xiaomi,2147.82,1937.62,3892,Discontinued
PROD0001960,autem fugit,Grocery,Dairy,,2021.28,6027.71,4086,Active
PROD0001961,laborum harum,Beauty,Skincare,Samsung,1954.71,5986.97,12,Active
PROD0001962,illum ratione,Electronics,Mobiles,OnePlus,3505.87,4334.27,4657,Discontinued
PROD0001963,mollitia aspernatur,Home & Kitchen,Furniture,,989.69,3378.93,519,Inactive
PROD0001964,totam atque,Sports,Apparel,Xiaomi,517.78,9492.43,561,Discontinued
PROD0001965,perferendis rem,Beauty,Makeup,Samsung,2037.07,2445.13,2813,Discontinued
PROD0001966,eaque similique,Fashion,Women,Samsung,1923.66,8487.04,4747,Discontinued
PROD0001967,eveniet dicta,Beauty,Haircare,Sony,932.39,4261.18,3843,Active
PROD0001968,natus eos,Sports,Equipment,Sony,687.16,6047.22,3690,Discontinued
PROD0001969,aperiam maxime,Beauty,Skincare,,363.08,8828.0,697,Inactive
PROD0001970,iusto quos,Beauty,Haircare,OnePlus,554.34,5485.33,1319,Active
PROD0001971,voluptate consequuntur,Electronics,Mobiles,Samsung,3607.42,3495.6,1162,Active
PROD0001972,labore odio,Electronics,Mobiles,Samsung,1004.4,7298.78,321,Inactive
PROD0001973,doloremque soluta,Sports,Footwear,,558.45,2225.84,3365,Active
PROD0001974,inventore dolor,Grocery,Vegetables,Sony,1518.9,4498.18,2805,Inactive
PROD0001975,harum consequuntur,Grocery,Fruits,Xiaomi,1121.2,4505.66,818,Active
PROD0001976,nulla explicabo,Electronics,Accessories,Xiaomi,62.21,9041.2,979,Active
PROD0001977,beatae rem,Fashion,Kids,Samsung,1891.78,6579.02,1063,Active
PROD0001978,natus nisi,Electronics,Laptops,,97.5,8770.97,3148,Active
PROD0001979,debitis dolorum,Sports,Footwear,Samsung,203.68,1759.08,3869,Inactive
PROD0001980,eum illo,Electronics,Tablets,Samsung,3878.88,4928.78,3892,Discontinued
PROD0001981,doloribus laborum,Grocery,Dairy,Samsung,1665.74,1130.92,2669,Discontinued
PROD0001982,consequuntur fugiat,Beauty,Haircare,OnePlus,2190.33,8853.11,4887,Discontinued
PROD0001983,libero iste,Home & Kitchen,Furniture,OnePlus,3060.95,6412.42,1486,Discontinued
PROD0001984,beatae autem,Fashion,Men,Xiaomi,1096.54,5494.25,2567,Discontinued
PROD0001985,nam est,Electronics,Mobiles,Xiaomi,3731.12,5207.3,4745,Active
PROD0001986,quo voluptates,Sports,Apparel,Apple,1966.72,9249.77,2863,Discontinued
PROD0001987,ducimus laboriosam,Home & Kitchen,Cookware,Xiaomi,4562.23,9871.96,2959,Discontinued
PROD0001988,ipsam repellat,Home & Kitchen,Decor,,455.7,6523.47,3663,Inactive
PROD0001989,natus ex,Fashion,Men,LG,1142.66,7999.99,616,Active
PROD0001990,ut repellat,Beauty,Makeup,LG,139.0,8033.44,2727,Discontinued
PROD0001991,aperiam eius,Grocery,Dairy,Xiaomi,532.77,4447.7,2464,Discontinued
PROD0001992,possimus nostrum,Home & Kitchen,Appliances,Apple,2371.39,9938.58,4853,Discontinued
PROD0001993,sint voluptates,Home & Kitchen,Decor,Generic,2403.06,9144.79,4882,Active
PROD0001994,sit fugiat,Grocery,Vegetables,Sony,924.5,3663.21,1857,Active
PROD0001995,a neque,Fashion,Shoes,OnePlus,2350.98,4795.82,2073,Discontinued
PROD0001996,pariatur modi,Fashion,Women,OnePlus,2539.75,7554.05,4854,Active
PROD0001997,nesciunt quam,Grocery,Fruits,Generic,4989.48,8947.11,4991,Active
PROD0001998,minima tenetur,Electronics,Tablets,,4926.18,7611.78,4003,Active
PROD0001999,ut quae,Electronics,Laptops,Generic,4138.77,8457.92,2245,Active
PROD0002000,amet magnam,Home & Kitchen,Appliances,Generic,4689.93,1164.87,1663,Inactive
PROD0002001,officia eos,Beauty,Makeup,Samsung,3977.62,4639.94,1140,Active
PROD0002002,odio fugit,Sports,Footwear,Xiaomi,2389.66,506.76,529,Discontinued
PROD0002003,praesentium maiores,Home & Kitchen,Decor,OnePlus,1088.49,6831.61,4590,Discontinued
PROD0002004,quos ullam,Home & Kitchen,Furniture,Xiaomi,4080.21,9139.04,3539,Active
PROD0002005,occaecati animi,Beauty,Makeup,,1845.8,6668.96,3906,Inactive
PROD0002006,eius aliquam,Fashion,Men,Xiaomi,2094.6,7403.6,3452,Discontinued
PROD0002007,error vitae,Fashion,Women,LG,3417.52,7763.73,2599,Discontinued
PROD0002008,nobis nam,Sports,Equipment,Sony,4576.5,8641.09,3241,Discontinued
PROD0002009,illum quisquam,Beauty,Skincare,,1704.49,1345.41,463,Inactive
PROD0002010,similique velit,Fashion,Shoes,LG,4548.29,9512.52,4219,Inactive
PROD0002011,necessitatibus reiciendis,Grocery,Fruits,Samsung,4403.3,6788.87,2592,Inactive
PROD0002012,earum optio,Fashion,Men,,3984.23,221.19,1273,Discontinued
PROD0002013,provident provident,Home & Kitchen,Furniture,OnePlus,4160.82,5121.02,155,Active
PROD0002014,veniam impedit,Fashion,Shoes,Generic,1886.05,3241.58,135,Inactive
PROD0002015,temporibus ex,Beauty,Makeup,Generic,3258.94,774.77,1013,Discontinued
PROD0002016,delectus quas,Sports,Equipment,OnePlus,4720.55,5225.15,1928,Active
PROD0002017,suscipit a,Sports,Footwear,Xiaomi,4116.4,737.91,4518,Active
PROD0002018,earum totam,Home & Kitchen,Appliances,OnePlus,1039.29,1791.44,1012,Active
PROD0002019,unde quod,Electronics,Tablets,Xiaomi,4714.46,719.13,1896,Inactive
PROD0002020,temporibus voluptate,Beauty,Skincare,Sony,4799.6,5675.34,2531,Inactive
PROD0002021,dignissimos rerum,Sports,Equipment,OnePlus,4413.5,900.19,150,Active
PROD0002022,deserunt porro,Home & Kitchen,Furniture,OnePlus,4635.23,5929.6,3634,Discontinued
PROD0002023,voluptatem minus,Beauty,Skincare,Apple,3589.09,6743.77,3671,Discontinued
PROD0002024,doloremque sit,Fashion,Kids,Apple,1639.23,7278.2,4701,Inactive
PROD0002025,vel ratione,Fashion,Men,Apple,969.92,7250.48,667,Active
PROD0002026,eos placeat,Electronics,Tablets,,2752.67,8681.55,688,Inactive
PROD0002027,excepturi mollitia,Sports,Apparel,LG,1554.82,8202.16,4174,Discontinued
PROD0002028,repellendus totam,Grocery,Snacks,OnePlus,1422.54,8014.22,765,Discontinued
PROD0002029,voluptatum doloremque,Grocery,Fruits,Samsung,2410.74,1984.28,3112,Discontinued
PROD0002030,cumque incidunt,Grocery,Dairy,LG,176.99,3932.47,3187,Discontinued
PROD0002031,dignissimos inventore,Fashion,Shoes,LG,3436.65,1988.76,2272,Active
PROD0002032,blanditiis maiores,Grocery,Snacks,LG,2400.42,9017.49,1537,Discontinued
PROD0002033,deserunt dolor,Beauty,Skincare,,3408.18,3360.07,938,Active
PROD0002034,aperiam dolore,Home & Kitchen,Furniture,Samsung,3429.93,6678.14,2086,Active
PROD0002035,asperiores hic,Fashion,Kids,OnePlus,1429.48,4635.94,599,Active
PROD0002036,similique voluptate,Electronics,Mobiles,Xiaomi,1565.01,-100.0,1615,Discontinued
PROD0002037,nobis placeat,Home & Kitchen,Furniture,Generic,879.18,9517.32,63,Discontinued
PROD0002038,consequuntur delectus,Sports,Footwear,LG,2297.1,3679.92,1314,Inactive
PROD0002039,dignissimos provident,Beauty,Haircare,LG,4897.2,1539.05,1895,Discontinued
PROD0002040,dignissimos tenetur,Home & Kitchen,Cookware,Samsung,3874.64,6493.56,4287,Inactive
PROD0002041,quibusdam ab,Grocery,Snacks,Apple,279.56,5393.79,3181,Discontinued
PROD0002042,dolor quaerat,Grocery,Dairy,LG,1630.72,172.32,2011,Discontinued
PROD0002043,hic temporibus,Fashion,Kids,Samsung,1186.72,6480.3,2223,Inactive
PROD0002044,omnis nulla,Beauty,Makeup,OnePlus,1382.25,3755.54,4097,Active
PROD0002045,cumque quasi,Sports,Apparel,Generic,2854.96,1568.66,1470,Active
PROD0002046,consequuntur perferendis,Beauty,Skincare,Xiaomi,1075.72,2266.38,1237,Discontinued
PROD0002047,pariatur id,Home & Kitchen,Furniture,Generic,669.55,6578.75,3245,Active
PROD0002048,quaerat maiores,Sports,Equipment,,2598.56,4060.31,2918,Active
PROD0002049,fugiat maiores,Fashion,Kids,,3752.01,8299.49,3473,Active
PROD0002050,pariatur repellendus,Grocery,Fruits,Xiaomi,3823.59,1146.93,3241,Inactive
PROD0002051,repellat in,Beauty,Makeup,Generic,3591.2,8361.62,262,Active
PROD0002052,repellendus error,Sports,Equipment,Apple,1993.4,6102.43,4805,Inactive
PROD0002053,numquam eveniet,Grocery,Vegetables,Generic,4895.57,8550.37,1135,Discontinued
PROD0002054,quia animi,Grocery,Snacks,Generic,3774.79,7858.35,4767,Inactive
PROD0002055,doloremque necessitatibus,Sports,Footwear,Xiaomi,552.32,6225.49,874,Inactive
PROD0002056,optio deserunt,Electronics,Laptops,Apple,3798.91,6005.35,4880,Active
PROD0002057,recusandae aliquam,Beauty,Makeup,Samsung,4647.77,2299.7,3025,Discontinued
PROD0002058,assumenda eum,Sports,Apparel,Samsung,4024.61,2646.92,2647,Active
PROD0002059,reprehenderit id,Grocery,Snacks,Xiaomi,2963.4,9137.36,3914,Discontinued
PROD0002060,nisi repudiandae,Sports,Footwear,Apple,1545.62,1852.95,2392,Inactive
PROD0002061,alias cum,Grocery,Fruits,LG,2897.53,9906.7,2294,Discontinued
PROD0002062,error magnam,Beauty,Skincare,Apple,4456.78,-500.0,3110,Discontinued
PROD0002063,natus expedita,Home & Kitchen,Decor,Generic,3503.05,6089.96,3667,Active
PROD0002064,inventore ipsam,Electronics,Tablets,Xiaomi,3410.47,8340.39,2616,Active
PROD0002065,unde eaque,Grocery,Dairy,OnePlus,1351.9,4696.57,513,Inactive
PROD0002066,soluta quibusdam,Fashion,Men,Apple,2746.23,7657.41,344,Active
PROD0002067,eius autem,Sports,Footwear,,3216.88,2327.3,2513,Active
PROD0002068,recusandae consectetur,Fashion,Women,,60.71,1921.66,1065,Active
PROD0002069,veniam repudiandae,Home & Kitchen,Furniture,,205.09,4666.76,1981,Active
PROD0002070,a quaerat,Fashion,Shoes,LG,3464.79,7615.3,1160,Active
PROD0002071,ab omnis,Electronics,Mobiles,Generic,686.82,5392.68,4018,Discontinued
PROD0002072,rem repudiandae,Grocery,Fruits,OnePlus,883.8,7341.17,900,Discontinued
PROD0002073,quaerat distinctio,Electronics,Mobiles,LG,3904.27,8587.36,127,Inactive
PROD0002074,dolorum animi,Fashion,Kids,,1955.4,4843.36,438,Discontinued
PROD0002075,facere eveniet,Sports,Apparel,Sony,2315.71,5994.32,2256,Inactive
PROD0002076,esse et,Beauty,Skincare,Apple,934.23,3156.26,2429,Discontinued
PROD0002077,soluta nulla,Home & Kitchen,Appliances,Generic,4431.12,7479.28,4076,Inactive
PROD0002078,debitis nulla,Beauty,Skincare,,4395.91,8761.86,4556,Discontinued
PROD0002079,doloremque rerum,Sports,Apparel,OnePlus,2909.36,2511.02,3322,Inactive
PROD0002080,quisquam aut,Beauty,Makeup,Apple,3155.56,6041.65,3312,Active
PROD0002081,praesentium hic,Beauty,Makeup,OnePlus,1402.28,6557.58,2688,Active
PROD0002082,facilis dolorem,Beauty,Haircare,OnePlus,4916.55,1379.71,1347,Inactive
PROD0002083,recusandae dolore,Beauty,Haircare,Generic,3642.02,3347.52,2005,Active
PROD0002084,voluptatibus quibusdam,Sports,Equipment,Sony,4519.89,2444.14,1655,Active
PROD0002085,voluptatem soluta,Sports,Footwear,Apple,3205.41,4394.6,2704,Discontinued
PROD0002086,cumque labore,Sports,Equipment,Apple,2967.49,9729.49,4097,Inactive
PROD0002087,nobis accusantium,Electronics,Accessories,LG,1808.72,4813.75,2297,Discontinued
PROD0002088,voluptatem ea,Sports,Equipment,OnePlus,4414.23,1379.06,4638,Discontinued
PROD0002089,amet nihil,Beauty,Skincare,Xiaomi,456.61,999999.0,737,Inactive
PROD0002090,beatae fugit,Beauty,Haircare,Samsung,3760.07,-500.0,3877,Active
PROD0002091,officia id,Beauty,Haircare,OnePlus,1730.34,9829.41,3697,Discontinued
PROD0002092,dolorum tenetur,Sports,Apparel,Xiaomi,3061.83,9098.03,4600,Active
PROD0002093,molestiae veritatis,Grocery,Vegetables,LG,1560.77,726.82,1,Discontinued
PROD0002094,excepturi ullam,Beauty,Haircare,Xiaomi,3468.39,6672.36,3547,Active
PROD0002095,praesentium eveniet,Grocery,Snacks,LG,3716.39,6372.31,2019,Active
PROD0002096,amet corporis,Electronics,Accessories,,271.48,143.12,3318,Discontinued
PROD0002097,nesciunt distinctio,Home & Kitchen,Furniture,Xiaomi,435.54,9113.18,1742,Active
PROD0002098,porro similique,Fashion,Men,Xiaomi,3698.79,8586.04,4923,Active
PROD0002099,modi necessitatibus,Fashion,Women,Apple,2776.31,9993.76,2529,Active
PROD0002100,quis placeat,Fashion,Men,Generic,2676.59,727.61,3182,Discontinued
PROD0002101,possimus numquam,Grocery,Snacks,Xiaomi,2854.26,4605.61,1811,Active
PROD0002102,ratione suscipit,Home & Kitchen,Decor,Xiaomi,1623.77,1712.0,3972,Discontinued
PROD0002103,maiores exercitationem,Grocery,Dairy,,1262.84,7791.65,3657,Inactive
PROD0002104,sint quaerat,Beauty,Skincare,Generic,103.61,4693.45,1162,Active
PROD0002105,autem cumque,Sports,Equipment,,879.53,9039.82,1415,Discontinued
PROD0002106,soluta quae,Grocery,Snacks,Sony,3890.76,7772.33,3805,Active
PROD0002107,molestias odio,Beauty,Haircare,OnePlus,4947.72,5020.48,904,Discontinued
PROD0002108,maxime vero,Grocery,Fruits,Generic,1704.35,1326.64,4000,Active
PROD0002109,consectetur provident,Sports,Footwear,Sony,4547.43,5916.41,3205,Active
PROD0002110,itaque porro,Sports,Footwear,LG,179.42,6864.55,902,Discontinued
PROD0002111,nihil ipsa,Home & Kitchen,Cookware,OnePlus,4496.59,3930.06,910,Discontinued
PROD0002112,iusto perferendis,Sports,Footwear,Apple,3051.03,2428.55,2490,Active
PROD0002113,reiciendis quas,Home & Kitchen,Appliances,Xiaomi,3712.25,3840.07,892,Discontinued
PROD0002114,placeat corporis,Electronics,Mobiles,LG,3821.99,6150.66,879,Discontinued
PROD0002115,perspiciatis quasi,Electronics,Laptops,LG,2383.39,6642.91,1946,Active
PROD0002116,eaque laboriosam,Home & Kitchen,Furniture,Samsung,4787.15,-500.0,274,Active
PROD0002117,suscipit magni,Electronics,Mobiles,LG,329.19,847.93,259,Inactive
PROD0002118,soluta voluptatibus,Electronics,Tablets,LG,90.34,7096.04,1058,Active
PROD0002119,amet nobis,Sports,Footwear,Samsung,4046.59,9022.11,4012,Discontinued
PROD0002120,voluptate placeat,Beauty,Makeup,Apple,1189.14,6104.04,306,Inactive
PROD0002121,dolor hic,Home & Kitchen,Cookware,OnePlus,4501.1,6489.12,4308,Discontinued
PROD0002122,error officia,Electronics,Laptops,Samsung,4562.61,4240.86,498,Discontinued
PROD0002123,eos tenetur,Grocery,Snacks,Apple,1324.97,8852.45,1876,Active
PROD0002124,cum non,Beauty,Makeup,OnePlus,948.71,5685.02,1937,Active
PROD0002125,maxime totam,Electronics,Laptops,Xiaomi,3617.66,4037.41,3466,Discontinued
PROD0002126,cum nemo,Fashion,Women,LG,3061.36,5017.38,2695,Inactive
PROD0002127,fuga sapiente,Home & Kitchen,Appliances,Samsung,1964.62,627.84,2453,Discontinued
PROD0002128,facilis est,Grocery,Fruits,Xiaomi,1607.64,7798.37,3417,Active
PROD0002129,maxime quisquam,Grocery,Dairy,Generic,3089.44,1088.48,1473,Discontinued
PROD0002130,aliquam quibusdam,Beauty,Skincare,LG,4680.03,4225.74,2370,Inactive
PROD0002131,similique omnis,Home & Kitchen,Cookware,Sony,1946.33,4816.83,361,Inactive
PROD0002132,praesentium omnis,Fashion,Women,Apple,1935.79,6661.2,1492,Inactive
PROD0002133,aperiam aliquam,Electronics,Laptops,Xiaomi,288.05,3760.43,268,Inactive
PROD0002134,perferendis sed,Electronics,Laptops,Generic,3851.88,868.33,3622,Inactive
PROD0002135,sed quibusdam,Fashion,Men,Sony,1322.81,422.8,1755,Inactive
PROD0002136,hic nam,Grocery,Fruits,Samsung,2354.2,8102.54,724,Inactive
PROD0002137,quae mollitia,Electronics,Tablets,,4719.4,2556.23,4707,Active
PROD0002138,velit doloremque,Sports,Equipment,Generic,1302.43,1993.1,2741,Active
PROD0002139,nobis aperiam,Sports,Footwear,Xiaomi,3514.36,7562.64,1304,Active
PROD0002140,voluptatum magni,Sports,Equipment,Xiaomi,1885.16,4770.8,3551,Active
PROD0002141,quam alias,Beauty,Haircare,Apple,1999.84,8477.89,2094,Inactive
PROD0002142,asperiores aliquid,Electronics,Mobiles,Samsung,3413.93,9676.53,4534,Active
PROD0002143,non error,Beauty,Skincare,Samsung,811.82,4951.81,3764,Discontinued
PROD0002144,saepe cum,Electronics,Tablets,Xiaomi,183.61,1712.32,1701,Discontinued
PROD0002145,officiis eaque,Home & Kitchen,Decor,OnePlus,1786.26,4390.36,1391,Inactive
PROD0002146,ipsa ipsa,Beauty,Haircare,Sony,3708.29,2702.61,2350,Discontinued
PROD0002147,assumenda hic,Home & Kitchen,Cookware,Xiaomi,2062.8,2028.18,1899,Inactive
PROD0002148,odio quam,Beauty,Skincare,Apple,620.79,4356.61,1785,Discontinued
PROD0002149,excepturi accusantium,Sports,Apparel,Apple,2853.35,7993.68,3581,Discontinued
PROD0002150,labore quia,Sports,Footwear,Apple,194.75,9402.91,2471,Discontinued
PROD0002151,eaque voluptatem,Sports,Apparel,,1507.07,4223.31,3313,Discontinued
PROD0002152,assumenda ex,Fashion,Shoes,Samsung,1212.39,2588.46,3294,Active
PROD0002153,asperiores quas,Grocery,Vegetables,LG,2004.34,211.6,3914,Inactive
PROD0002154,quae dignissimos,Home & Kitchen,Decor,Sony,3790.28,3762.76,4493,Inactive
PROD0002155,totam praesentium,Home & Kitchen,Furniture,Generic,1852.87,7635.37,1108,Active
PROD0002156,quidem hic,Sports,Apparel,Xiaomi,2294.37,692.81,2640,Discontinued
PROD0002157,inventore incidunt,Fashion,Kids,Sony,1382.08,3166.62,272,Discontinued
PROD0002158,reiciendis sit,Grocery,Dairy,Apple,3229.03,9119.47,4839,Inactive
PROD0002159,nihil omnis,Beauty,Haircare,OnePlus,2203.52,1262.53,2834,Active
PROD0002160,praesentium totam,Beauty,Haircare,LG,4146.59,4245.39,68,Inactive
PROD0002161,ipsum omnis,Sports,Equipment,LG,4053.05,7680.53,1212,Discontinued
PROD0002162,reprehenderit voluptatum,Home & Kitchen,Appliances,Sony,73.95,2576.24,3642,Discontinued
PROD0002163,laboriosam atque,Electronics,Laptops,Xiaomi,1197.49,7852.29,1584,Active
PROD0002164,rerum unde,Sports,Apparel,Generic,4614.45,9800.7,3155,Active
PROD0002165,doloribus labore,Fashion,Shoes,LG,4615.02,842.39,3581,Active
PROD0002166,tenetur praesentium,Fashion,Kids,Generic,2560.09,8888.98,651,Discontinued
PROD0002167,doloribus minima,Beauty,Skincare,LG,3009.9,3717.59,4335,Discontinued
PROD0002168,id porro,Beauty,Makeup,Generic,83.76,2344.13,1422,Inactive
PROD0002169,voluptatem veniam,Sports,Footwear,,1557.59,6601.94,1383,Active
PROD0002170,ut facere,Beauty,Haircare,Xiaomi,2934.1,7979.81,428,Inactive
PROD0002171,ut voluptatum,Electronics,Tablets,Sony,3656.56,371.54,2440,Inactive
PROD0002172,magnam nobis,Sports,Apparel,Generic,4904.67,2658.27,3519,Inactive
PROD0002173,iste quisquam,Beauty,Skincare,OnePlus,4464.32,512.36,211,Active
PROD0002174,cupiditate dignissimos,Sports,Equipment,Apple,2475.97,717.86,334,Inactive
PROD0002175,rerum exercitationem,Beauty,Makeup,Generic,525.69,6880.54,4525,Discontinued
PROD0002176,sapiente vero,Beauty,Haircare,Sony,1886.03,5840.67,1224,Discontinued
PROD0002177,at tenetur,Sports,Equipment,Xiaomi,4712.33,4136.07,4171,Inactive
PROD0002178,dolores a,Home & Kitchen,Furniture,LG,3823.94,4394.06,3686,Active
PROD0002179,laudantium beatae,Grocery,Dairy,Sony,2412.93,1203.36,176,Active
PROD0002180,sed illum,Home & Kitchen,Furniture,LG,1555.83,4324.91,4215,Inactive
PROD0002181,aut deleniti,Sports,Apparel,Sony,138.73,-100.0,1891,Active
PROD0002182,et voluptates,Home & Kitchen,Decor,,4178.38,8270.53,3148,Active
PROD0002183,ratione dignissimos,Grocery,Snacks,OnePlus,755.42,7580.64,2124,Discontinued
PROD0002184,provident illo,Sports,Equipment,LG,4017.84,3675.02,1330,Discontinued
PROD0002185,dolores quae,Beauty,Haircare,Apple,1167.0,8310.8,2550,Inactive
PROD0002186,porro repellendus,Beauty,Skincare,Samsung,60.7,6973.75,3097,Active
PROD0002187,aut est,Beauty,Skincare,LG,4705.96,6841.45,2795,Active
PROD0002188,maxime perspiciatis,Sports,Apparel,,3873.62,4753.83,3869,Discontinued
PROD0002189,asperiores hic,Home & Kitchen,Appliances,Generic,2200.02,-500.0,2783,Discontinued
PROD0002190,reiciendis porro,Beauty,Skincare,Sony,3301.25,9743.84,4929,Active
PROD0002191,provident minus,Beauty,Haircare,Apple,3659.87,1627.83,4565,Discontinued
PROD0002192,non consequatur,Grocery,Snacks,Xiaomi,3590.24,7704.33,66,Discontinued
PROD0002193,blanditiis magnam,Sports,Footwear,Samsung,209.86,3608.51,197,Inactive
PROD0002194,cumque sint,Sports,Equipment,LG,2387.25,8629.79,1067,Inactive
PROD0002195,quisquam eaque,Fashion,Women,Xiaomi,2055.49,5843.77,4632,Discontinued
PROD0002196,adipisci labore,Beauty,Makeup,Sony,2263.72,8006.28,4310,Active
PROD0002197,nobis officia,Fashion,Kids,,884.18,8504.02,1885,Active
PROD0002198,est nostrum,Beauty,Skincare,Xiaomi,645.05,9619.42,2404,Inactive
PROD0002199,suscipit odit,Electronics,Laptops,OnePlus,1638.47,7296.99,921,Inactive
PROD0002200,delectus quos,Electronics,Accessories,Xiaomi,4823.36,2981.43,3133,Discontinued
PROD0002201,mollitia itaque,Electronics,Laptops,Xiaomi,4411.25,3300.43,1464,Active
PROD0002202,laborum ex,Home & Kitchen,Cookware,LG,2719.13,6755.7,1113,Active
PROD0002203,deserunt maxime,Home & Kitchen,Cookware,OnePlus,2911.64,2324.21,864,Discontinued
PROD0002204,quia ad,Sports,Footwear,Samsung,3173.43,5667.58,4975,Active
PROD0002205,vero hic,Beauty,Makeup,Generic,1440.0,6877.46,459,Inactive
PROD0002206,pariatur quos,Beauty,Makeup,Samsung,4190.15,-500.0,237,Inactive
PROD0002207,itaque officiis,Home & Kitchen,Furniture,Samsung,1506.62,4403.33,4660,Active
PROD0002208,laudantium fuga,Sports,Footwear,,2272.36,4247.13,2624,Inactive
PROD0002209,nobis occaecati,Sports,Apparel,Xiaomi,1748.05,4628.6,1025,Inactive
PROD0002210,aut tempore,Electronics,Mobiles,Samsung,1740.84,1588.36,3907,Discontinued
PROD0002211,nihil atque,Fashion,Men,Xiaomi,4410.08,3647.84,4065,Active
PROD0002212,blanditiis porro,Fashion,Shoes,Apple,2281.64,5679.83,1723,Inactive
PROD0002213,non qui,Sports,Apparel,LG,899.67,-100.0,615,Active
PROD0002214,ratione architecto,Electronics,Mobiles,OnePlus,2730.31,6610.11,4533,Discontinued
PROD0002215,excepturi maiores,Fashion,Kids,,818.76,648.83,1870,Inactive
PROD0002216,aliquam sequi,Electronics,Accessories,Xiaomi,1077.55,833.1,3265,Discontinued
PROD0002217,quod minima,Beauty,Skincare,LG,2466.34,1265.51,876,Active
PROD0002218,accusamus aliquid,Sports,Footwear,Samsung,2691.93,1733.45,2220,Inactive
PROD0002219,ea aspernatur,Home & Kitchen,Furniture,Xiaomi,2884.3,9870.92,977,Inactive
PROD0002220,aspernatur maiores,Sports,Apparel,Apple,4514.44,2250.42,2769,Discontinued
PROD0002221,beatae amet,Grocery,Dairy,LG,1253.47,7590.44,4831,Active
PROD0002222,accusantium quam,Fashion,Women,,380.02,4738.63,3160,Active
PROD0002223,magni porro,Grocery,Fruits,LG,2178.96,4391.85,2504,Active
PROD0002224,nam commodi,Beauty,Makeup,Sony,3814.91,969.5,1877,Discontinued
PROD0002225,rerum minima,Fashion,Kids,Xiaomi,1540.07,7511.84,4399,Active
PROD0002226,a neque,Fashion,Men,OnePlus,3052.68,1235.55,1152,Inactive
PROD0002227,atque iste,Home & Kitchen,Cookware,,4648.16,5517.89,27,Inactive
PROD0002228,placeat molestiae,Fashion,Kids,,4144.5,3080.26,2354,Active
PROD0002229,beatae veniam,Beauty,Skincare,OnePlus,2234.2,7593.7,2226,Discontinued
PROD0002230,unde ex,Sports,Footwear,Sony,4090.24,8193.8,1597,Inactive
PROD0002231,odit suscipit,Sports,Apparel,OnePlus,2500.4,9593.0,943,Active
PROD0002232,adipisci quaerat,Grocery,Snacks,Apple,3804.05,6851.55,56,Discontinued
PROD0002233,voluptatibus modi,Beauty,Makeup,Xiaomi,3413.24,1805.66,4281,Discontinued
PROD0002234,corrupti rerum,Home & Kitchen,Furniture,Generic,3320.86,8397.05,274,Discontinued
PROD0002235,sunt facere,Fashion,Men,,4734.98,2832.06,492,Discontinued
PROD0002236,repellendus aspernatur,Grocery,Fruits,Xiaomi,2703.54,8789.47,2996,Inactive
PROD0002237,quasi voluptatibus,Beauty,Haircare,LG,2638.6,3831.0,2297,Inactive
PROD0002238,magni mollitia,Beauty,Skincare,,1584.93,9959.98,4134,Active
PROD0002239,ea deserunt,Electronics,Accessories,Samsung,990.56,974.59,923,Inactive
PROD0002240,occaecati quod,Home & Kitchen,Appliances,OnePlus,4209.94,7190.36,4985,Discontinued
PROD0002241,modi deleniti,Grocery,Snacks,Samsung,1497.64,7814.28,1155,Inactive
PROD0002242,dicta voluptas,Fashion,Men,OnePlus,3270.61,7225.65,1968,Inactive
PROD0002243,unde at,Electronics,Laptops,Xiaomi,2116.58,4266.44,3380,Inactive
PROD0002244,ea neque,Sports,Apparel,Apple,3999.61,1053.07,1471,Active
PROD0002245,ducimus quis,Grocery,Fruits,Generic,3843.44,7841.29,235,Active
PROD0002246,voluptates perspiciatis,Home & Kitchen,Appliances,LG,3639.39,5310.18,3484,Active
PROD0002247,sed iusto,Grocery,Vegetables,Generic,641.34,5340.92,1478,Active
PROD0002248,consequatur numquam,Home & Kitchen,Appliances,Generic,3758.02,999999.0,2026,Inactive
PROD0002249,nisi consequatur,Sports,Apparel,Xiaomi,1993.5,2768.5,4815,Inactive
PROD0002250,atque recusandae,Electronics,Laptops,Apple,4360.26,3387.41,3038,Discontinued
PROD0002251,ipsa culpa,Home & Kitchen,Decor,LG,2972.76,8706.71,4519,Active
PROD0002252,deleniti voluptatibus,Beauty,Makeup,OnePlus,848.69,6638.92,2704,Discontinued
PROD0002253,quas quia,Electronics,Tablets,Samsung,1989.13,9656.79,3975,Discontinued
PROD0002254,magnam ad,Fashion,Shoes,OnePlus,4504.58,5887.96,1712,Active
PROD0002255,possimus sint,Grocery,Snacks,Sony,3918.65,6443.74,774,Discontinued
PROD0002256,iure quia,Electronics,Laptops,Sony,2580.53,7466.67,3757,Active
PROD0002257,neque ipsa,Electronics,Mobiles,OnePlus,146.84,3327.71,3115,Discontinued
PROD0002258,fugit eius,Grocery,Snacks,,3237.73,6024.88,3601,Active
PROD0002259,ad quibusdam,Fashion,Kids,Generic,3880.74,8270.38,1655,Discontinued
PROD0002260,sed dolor,Sports,Footwear,OnePlus,339.9,4297.04,2600,Discontinued
PROD0002261,unde minima,Grocery,Fruits,Generic,378.6,9729.46,3295,Inactive
PROD0002262,dolor eveniet,Beauty,Makeup,LG,1773.97,4109.96,3679,Active
PROD0002263,voluptatum non,Grocery,Fruits,Samsung,1431.57,3881.65,2460,Discontinued
PROD0002264,praesentium laborum,Sports,Apparel,,408.98,6420.83,4865,Discontinued
PROD0002265,reprehenderit nostrum,Beauty,Skincare,Sony,3816.12,4777.48,4983,Inactive
PROD0002266,sed at,Electronics,Tablets,Generic,1776.8,9956.06,4643,Inactive
PROD0002267,exercitationem illo,Beauty,Skincare,OnePlus,1304.2,1386.2,3730,Active
PROD0002268,sapiente quos,Electronics,Accessories,Generic,4112.38,1250.55,1957,Inactive
PROD0002269,omnis repellendus,Beauty,Makeup,OnePlus,2498.71,362.28,3322,Inactive
PROD0002270,minima ea,Electronics,Laptops,Apple,970.19,9469.61,2446,Inactive
PROD0002271,molestiae tempore,Home & Kitchen,Furniture,OnePlus,778.22,5961.74,4554,Active
PROD0002272,omnis qui,Electronics,Laptops,LG,80.98,8188.33,1742,Discontinued
PROD0002273,dignissimos aliquid,Home & Kitchen,Furniture,OnePlus,1276.73,8482.48,4484,Inactive
PROD0002274,accusamus id,Home & Kitchen,Cookware,,1676.92,6759.42,1316,Discontinued
PROD0002275,libero eum,Electronics,Mobiles,Samsung,3816.54,2891.14,230,Inactive
PROD0002276,atque porro,Beauty,Makeup,Generic,3800.3,9874.58,1611,Inactive
PROD0002277,officia recusandae,Sports,Footwear,Generic,1740.19,3046.17,2336,Inactive
PROD0002278,non porro,Electronics,Laptops,LG,3936.82,4783.67,3250,Discontinued
PROD0002279,sapiente fugiat,Sports,Apparel,OnePlus,54.85,7338.23,2396,Active
PROD0002280,explicabo ut,Beauty,Makeup,Sony,4094.03,474.7,876,Inactive
PROD0002281,incidunt alias,Fashion,Shoes,Xiaomi,4145.65,757.99,3910,Inactive
PROD0002282,repellendus incidunt,Electronics,Accessories,Samsung,856.46,9800.83,956,Discontinued
PROD0002283,necessitatibus officiis,Home & Kitchen,Decor,Apple,1142.28,4135.76,1868,Active
PROD0002284,possimus officia,Home & Kitchen,Decor,Sony,1023.4,7485.28,1740,Active
PROD0002285,tempora architecto,Home & Kitchen,Cookware,Apple,1590.68,2981.82,2041,Inactive
PROD0002286,saepe libero,Grocery,Vegetables,Xiaomi,4505.17,1037.35,2059,Active
PROD0002287,expedita at,Sports,Apparel,Sony,1351.54,9967.75,762,Discontinued
PROD0002288,ea similique,Home & Kitchen,Furniture,Sony,871.96,4059.17,1508,Inactive
PROD0002289,commodi numquam,Sports,Footwear,Sony,2714.89,9488.49,4417,Discontinued
PROD0002290,illo ullam,Fashion,Shoes,LG,1931.21,9147.19,218,Discontinued
PROD0002291,eum officia,Grocery,Fruits,Sony,4703.58,6521.64,2656,Inactive
PROD0002292,aliquam neque,Electronics,Laptops,Generic,1316.44,8619.24,987,Active
PROD0002293,impedit at,Electronics,Mobiles,,4750.44,1128.52,1846,Discontinued
PROD0002294,distinctio tenetur,Home & Kitchen,Cookware,OnePlus,699.16,1836.56,243,Discontinued
PROD0002295,perspiciatis rerum,Sports,Footwear,,2115.78,9950.8,1178,Discontinued
PROD0002296,corrupti laborum,Beauty,Makeup,Xiaomi,2390.29,7799.99,3583,Discontinued
PROD0002297,blanditiis id,Electronics,Mobiles,Xiaomi,3422.62,5161.02,1603,Inactive
PROD0002298,unde magnam,Electronics,Tablets,OnePlus,2972.4,4354.88,1231,Discontinued
PROD0002299,commodi dicta,Grocery,Fruits,,4472.89,211.03,1538,Discontinued
PROD0002300,est officiis,Home & Kitchen,Furniture,OnePlus,2539.39,4482.11,2937,Discontinued
PROD0002301,culpa commodi,Fashion,Kids,Apple,2259.65,5875.71,986,Discontinued
PROD0002302,adipisci dicta,Fashion,Women,,694.14,2441.18,4546,Discontinued
PROD0002303,earum laboriosam,Sports,Equipment,Sony,424.75,9783.33,2218,Discontinued
PROD0002304,iure nisi,Sports,Apparel,Generic,947.13,7264.43,1324,Active
PROD0002305,praesentium dolorem,Fashion,Kids,Xiaomi,997.11,2026.31,1843,Inactive
PROD0002306,voluptatibus temporibus,Sports,Apparel,,4198.59,4378.09,454,Inactive
PROD0002307,aperiam maiores,Electronics,Tablets,Apple,2822.24,2928.43,22,Active
PROD0002308,perferendis voluptatem,Electronics,Mobiles,Apple,4333.41,4982.83,752,Active
PROD0002309,est porro,Beauty,Skincare,Sony,4513.52,6998.74,4196,Discontinued
PROD0002310,similique doloremque,Home & Kitchen,Decor,OnePlus,514.54,7130.73,2703,Discontinued
PROD0002311,facere laudantium,Grocery,Snacks,OnePlus,2472.44,-100.0,2762,Active
PROD0002312,dolores dolore,Grocery,Dairy,OnePlus,2184.66,3908.57,2221,Active
PROD0002313,porro nesciunt,Sports,Apparel,OnePlus,2232.16,177.62,3199,Active
PROD0002314,quisquam et,Electronics,Accessories,Sony,3099.29,3227.29,2526,Inactive
PROD0002315,pariatur corporis,Home & Kitchen,Decor,Xiaomi,4943.33,1381.32,3705,Inactive
PROD0002316,nam ut,Beauty,Haircare,LG,72.67,7025.29,4147,Active
PROD0002317,autem quasi,Home & Kitchen,Cookware,,4201.1,8980.27,3466,Active
PROD0002318,tempore neque,Grocery,Vegetables,Samsung,3963.79,7146.06,1342,Discontinued
PROD0002319,totam laudantium,Sports,Apparel,OnePlus,3341.26,9461.73,3911,Discontinued
PROD0002320,expedita nulla,Sports,Apparel,LG,239.17,8492.97,1281,Active
PROD0002321,exercitationem deleniti,Home & Kitchen,Cookware,Xiaomi,3557.9,2397.83,1955,Discontinued
PROD0002322,voluptates earum,Sports,Equipment,Xiaomi,1309.73,5907.97,387,Active
PROD0002323,eum aliquam,Grocery,Fruits,Sony,1903.45,6199.83,1050,Active
PROD0002324,neque earum,Electronics,Accessories,Generic,3849.51,7053.36,1612,Discontinued
PROD0002325,harum autem,Beauty,Skincare,LG,640.14,3072.41,3075,Discontinued
PROD0002326,dolore incidunt,Grocery,Snacks,Samsung,1777.44,7375.56,1245,Discontinued
PROD0002327,sed possimus,Fashion,Shoes,Sony,212.29,928.46,2705,Discontinued
PROD0002328,voluptatem quaerat,Fashion,Kids,Samsung,184.83,427.88,2346,Inactive
PROD0002329,voluptatum voluptatem,Grocery,Snacks,Generic,4160.13,995.2,1550,Discontinued
PROD0002330,ab expedita,Fashion,Kids,OnePlus,4759.97,5508.85,4177,Active
PROD0002331,amet magnam,Grocery,Fruits,Sony,1319.78,8825.55,2460,Inactive
PROD0002332,minima atque,Sports,Equipment,Samsung,3197.8,5701.61,99,Inactive
PROD0002333,quibusdam labore,Fashion,Kids,Sony,4842.81,2752.74,3952,Discontinued
PROD0002334,quisquam impedit,Beauty,Haircare,Xiaomi,2837.01,2284.4,1089,Discontinued
PROD0002335,tempora nihil,Sports,Equipment,Apple,3991.3,5307.94,1590,Inactive
PROD0002336,aspernatur voluptates,Fashion,Kids,,2612.95,6277.42,2519,Discontinued
PROD0002337,eligendi hic,Fashion,Men,,2965.14,2531.82,190,Active
PROD0002338,alias pariatur,Beauty,Haircare,Generic,2746.72,6710.48,4794,Inactive
PROD0002339,aperiam dolorem,Home & Kitchen,Appliances,OnePlus,4594.28,999999.0,2507,Inactive
PROD0002340,sequi quaerat,Beauty,Makeup,LG,4050.42,288.44,149,Active
PROD0002341,cum mollitia,Grocery,Fruits,Generic,3921.42,122.0,1635,Inactive
PROD0002342,fuga eveniet,Grocery,Dairy,Apple,697.78,2313.85,2914,Active
PROD0002343,veritatis tempora,Sports,Equipment,,1799.57,1141.29,4468,Discontinued
PROD0002344,vero maxime,Fashion,Shoes,Apple,4644.85,7088.96,948,Active
PROD0002345,excepturi delectus,Sports,Equipment,Sony,1285.13,7315.45,3233,Active
PROD0002346,quas temporibus,Grocery,Dairy,Sony,4414.01,4916.05,2699,Inactive
PROD0002347,deleniti nihil,Fashion,Women,Apple,3215.93,5567.83,550,Discontinued
PROD0002348,ad nisi,Home & Kitchen,Furniture,Generic,3008.98,471.26,2176,Active
PROD0002349,incidunt perferendis,Electronics,Mobiles,Generic,791.38,1553.97,4101,Discontinued
PROD0002350,delectus consequuntur,Grocery,Fruits,Samsung,4524.32,865.45,99,Discontinued
PROD0002351,explicabo quasi,Electronics,Laptops,Xiaomi,2236.18,6464.92,1591,Active
PROD0002352,sequi itaque,Beauty,Haircare,LG,71.26,6681.11,2965,Discontinued
PROD0002353,adipisci repudiandae,Sports,Apparel,LG,122.55,9400.35,2399,Discontinued
PROD0002354,maiores illum,Grocery,Snacks,Sony,556.02,7857.72,3247,Inactive
PROD0002355,perferendis perspiciatis,Sports,Apparel,OnePlus,4397.01,1850.49,4507,Active
PROD0002356,voluptates odio,Grocery,Dairy,Xiaomi,2545.31,1406.87,1992,Active
PROD0002357,laboriosam numquam,Sports,Footwear,Apple,2214.88,3730.48,344,Active
PROD0002358,laudantium magni,Sports,Footwear,Generic,4989.99,3895.46,2233,Active
PROD0002359,at odit,Sports,Apparel,OnePlus,350.88,3153.07,893,Discontinued
PROD0002360,odio libero,Home & Kitchen,Decor,,1545.97,810.06,1560,Inactive
PROD0002361,qui quos,Sports,Equipment,Apple,1440.62,9387.44,1776,Inactive
PROD0002362,cum temporibus,Home & Kitchen,Appliances,Sony,2141.88,5429.81,123,Inactive
PROD0002363,dignissimos doloribus,Grocery,Vegetables,Sony,2098.67,5928.28,1282,Active
PROD0002364,earum quos,Beauty,Skincare,Generic,4123.89,2099.64,1286,Discontinued
PROD0002365,totam praesentium,Fashion,Shoes,Xiaomi,1709.95,9675.64,1512,Active
PROD0002366,sit quasi,Fashion,Women,Xiaomi,344.78,552.45,1734,Inactive
PROD0002367,autem ad,Electronics,Tablets,,3001.77,9944.98,4850,Discontinued
PROD0002368,voluptatibus illo,Home & Kitchen,Furniture,LG,4141.89,6378.7,3250,Discontinued
PROD0002369,repudiandae aperiam,Sports,Equipment,,1414.55,8318.95,292,Active
PROD0002370,aliquam architecto,Home & Kitchen,Cookware,Apple,420.99,9625.18,358,Discontinued
PROD0002371,cupiditate quod,Grocery,Fruits,OnePlus,703.82,3566.02,4587,Active
PROD0002372,corrupti dolorum,Grocery,Vegetables,Sony,4684.82,7730.21,4622,Active
PROD0002373,unde totam,Grocery,Dairy,Apple,2673.29,2682.98,2051,Active
PROD0002374,quia quis,Home & Kitchen,Appliances,Generic,2187.08,7462.68,1434,Discontinued
PROD0002375,consequatur commodi,Fashion,Women,LG,926.84,831.09,4305,Discontinued
PROD0002376,minima soluta,Home & Kitchen,Appliances,Apple,1291.67,9539.41,1032,Active
PROD0002377,doloremque a,Sports,Equipment,Generic,4404.97,9793.33,3480,Inactive
PROD0002378,ipsum ut,Home & Kitchen,Cookware,,3770.32,2465.88,2130,Active
PROD0002379,explicabo deserunt,Grocery,Dairy,Xiaomi,292.12,3403.23,1037,Discontinued
PROD0002380,vero dolorum,Sports,Equipment,Generic,2804.06,6154.52,4029,Inactive
PROD0002381,ex eius,Electronics,Tablets,Sony,2327.49,5988.44,3342,Active
PROD0002382,corporis id,Home & Kitchen,Appliances,OnePlus,3897.71,5175.77,2106,Inactive
PROD0002383,distinctio eveniet,Sports,Footwear,Xiaomi,2516.9,2134.57,975,Discontinued
PROD0002384,veniam incidunt,Home & Kitchen,Decor,Sony,302.54,7397.46,2486,Active
PROD0002385,consectetur perferendis,Fashion,Shoes,OnePlus,2125.33,2120.86,4758,Active
PROD0002386,blanditiis sit,Grocery,Fruits,Apple,4696.45,9182.17,2157,Discontinued
PROD0002387,aspernatur ullam,Fashion,Women,LG,3835.55,8719.78,1464,Active
PROD0002388,molestiae distinctio,Fashion,Kids,OnePlus,4756.52,7838.62,1402,Inactive
PROD0002389,voluptatem itaque,Electronics,Tablets,OnePlus,1885.97,7609.73,1394,Discontinued
PROD0002390,sed quis,Sports,Footwear,,407.19,2846.9,4232,Inactive
PROD0002391,harum iusto,Sports,Equipment,,3314.34,6786.93,3588,Discontinued
PROD0002392,assumenda deserunt,Fashion,Kids,LG,3426.52,3804.92,1849,Discontinued
PROD0002393,iure cupiditate,Home & Kitchen,Decor,Xiaomi,4666.04,2056.51,2475,Discontinued
PROD0002394,in occaecati,Beauty,Haircare,OnePlus,4262.94,7190.87,2307,Active
PROD0002395,est vitae,Home & Kitchen,Cookware,LG,3873.72,4167.82,1666,Inactive
PROD0002396,laboriosam tempora,Grocery,Vegetables,Samsung,4589.79,4070.63,4728,Inactive
PROD0002397,at veritatis,Electronics,Accessories,Generic,2719.75,9552.01,1456,Discontinued
PROD0002398,tempore molestias,Home & Kitchen,Decor,Sony,4156.02,9941.77,2852,Active
PROD0002399,vitae commodi,Fashion,Shoes,Apple,859.48,2309.9,2743,Active
PROD0002400,ex quibusdam,Beauty,Haircare,Xiaomi,1343.58,5555.95,1770,Active
PROD0002401,assumenda accusantium,Fashion,Kids,Generic,4572.36,5698.23,433,Inactive
PROD0002402,enim voluptas,Electronics,Mobiles,LG,566.77,1027.91,1793,Discontinued
PROD0002403,facilis doloribus,Fashion,Kids,OnePlus,2220.74,3706.33,967,Active
PROD0002404,quam non,Electronics,Accessories,Xiaomi,3376.91,2717.55,3508,Discontinued
PROD0002405,nulla voluptates,Beauty,Makeup,Apple,3373.32,9261.85,4380,Discontinued
PROD0002406,eligendi libero,Fashion,Women,Apple,1855.94,9041.08,4951,Discontinued
PROD0002407,suscipit impedit,Electronics,Tablets,Xiaomi,4372.85,3955.98,2497,Inactive
PROD0002408,exercitationem sapiente,Home & Kitchen,Appliances,Generic,3599.98,1541.59,754,Active
PROD0002409,temporibus temporibus,Fashion,Kids,OnePlus,1746.98,1584.65,315,Discontinued
PROD0002410,dolorum modi,Beauty,Skincare,OnePlus,1144.59,9364.21,521,Inactive
PROD0002411,harum error,Grocery,Dairy,Generic,4729.75,4825.5,2544,Inactive
PROD0002412,voluptatum deserunt,Electronics,Mobiles,Sony,1452.35,2052.84,974,Discontinued
PROD0002413,praesentium animi,Sports,Apparel,Apple,3434.65,5129.58,1345,Discontinued
PROD0002414,unde cupiditate,Grocery,Vegetables,Generic,1172.12,7927.69,1535,Active
PROD0002415,at debitis,Beauty,Haircare,OnePlus,3691.73,3663.35,527,Active
PROD0002416,totam modi,Fashion,Kids,OnePlus,3221.28,7315.17,2100,Inactive
PROD0002417,blanditiis veritatis,Grocery,Fruits,Generic,656.23,-100.0,417,Active
PROD0002418,est neque,Sports,Footwear,Generic,578.6,5228.16,4641,Discontinued
PROD0002419,tenetur quae,Electronics,Laptops,Samsung,3018.87,8233.8,4651,Discontinued
PROD0002420,doloribus ipsa,Home & Kitchen,Cookware,Sony,665.17,7028.23,3352,Discontinued
PROD0002421,libero assumenda,Grocery,Vegetables,Generic,2241.9,999999.0,952,Inactive
PROD0002422,maxime quia,Fashion,Kids,,2571.58,7664.72,345,Active
PROD0002423,sunt alias,Electronics,Tablets,Generic,4295.39,318.73,2460,Active
PROD0002424,odio culpa,Grocery,Snacks,LG,127.69,7731.54,4673,Active
PROD0002425,officia fugit,Home & Kitchen,Appliances,Generic,1537.98,6980.58,1564,Active
PROD0002426,distinctio natus,Home & Kitchen,Cookware,Sony,3906.92,2121.36,2005,Inactive
PROD0002427,velit libero,Sports,Footwear,Apple,4830.98,3040.33,2190,Active
PROD0002428,alias amet,Beauty,Makeup,OnePlus,4096.49,4534.38,4267,Inactive
PROD0002429,eum porro,Grocery,Snacks,Apple,309.0,6885.09,189,Discontinued
PROD0002430,nam perspiciatis,Beauty,Haircare,OnePlus,1610.45,8518.34,4113,Discontinued
PROD0002431,ipsam maiores,Home & Kitchen,Decor,LG,1703.46,9059.87,2805,Inactive
PROD0002432,voluptatibus rerum,Beauty,Haircare,Sony,1585.47,9909.45,3988,Discontinued
PROD0002433,neque blanditiis,Beauty,Makeup,Sony,2631.08,1956.61,573,Discontinued
PROD0002434,autem culpa,Beauty,Makeup,Apple,4487.58,2908.59,4493,Discontinued
PROD0002435,quibusdam rem,Electronics,Accessories,OnePlus,2867.01,9507.15,2235,Inactive
PROD0002436,dolorum voluptate,Fashion,Shoes,LG,3339.84,7999.4,1158,Active
PROD0002437,magnam iure,Electronics,Tablets,,541.61,1789.09,427,Discontinued
PROD0002438,consequuntur vitae,Fashion,Kids,Apple,1472.95,2044.65,4041,Inactive
PROD0002439,recusandae nisi,Sports,Footwear,OnePlus,260.15,1060.87,4077,Active
PROD0002440,recusandae illo,Home & Kitchen,Appliances,,2478.13,1968.62,200,Active
PROD0002441,odit nihil,Fashion,Women,LG,4611.82,3490.02,2080,Discontinued
PROD0002442,doloremque cumque,Grocery,Vegetables,Generic,175.34,7169.81,785,Discontinued
PROD0002443,occaecati fugit,Home & Kitchen,Furniture,Generic,1825.59,9383.8,3760,Active
PROD0002444,earum sequi,Sports,Footwear,Apple,490.42,9321.23,4804,Discontinued
PROD0002445,vero facilis,Electronics,Accessories,Samsung,4693.54,8067.73,4206,Inactive
PROD0002446,asperiores maxime,Sports,Footwear,Generic,2946.55,2432.35,2378,Discontinued
PROD0002447,blanditiis placeat,Sports,Equipment,Sony,3751.76,2488.46,4409,Discontinued
PROD0002448,laboriosam aut,Grocery,Snacks,Generic,4770.45,5428.26,630,Inactive
PROD0002449,voluptatum velit,Sports,Equipment,Generic,1612.38,1216.36,2566,Inactive
PROD0002450,culpa itaque,Fashion,Women,Sony,1225.29,8492.36,3479,Discontinued
PROD0002451,id aspernatur,Sports,Apparel,,3679.22,-500.0,1706,Active
PROD0002452,dicta sapiente,Fashion,Kids,,1671.46,7298.39,563,Discontinued
PROD0002453,ut dignissimos,Fashion,Women,Apple,1805.8,849.54,2173,Discontinued
PROD0002454,facere veniam,Home & Kitchen,Decor,Xiaomi,3485.99,1323.81,2090,Inactive
PROD0002455,aliquid reprehenderit,Fashion,Shoes,,3440.2,3928.41,252,Active
PROD0002456,cupiditate beatae,Home & Kitchen,Appliances,Xiaomi,3136.85,6424.3,3791,Active
PROD0002457,maiores totam,Beauty,Skincare,Xiaomi,2975.05,5706.13,766,Active
PROD0002458,accusantium recusandae,Grocery,Fruits,OnePlus,831.67,7614.86,3289,Inactive
PROD0002459,ad reiciendis,Electronics,Accessories,Sony,3781.3,5335.61,2192,Active
PROD0002460,illum maxime,Fashion,Kids,,1703.4,5242.59,64,Discontinued
PROD0002461,tempora tempore,Fashion,Women,,1154.93,8743.46,1986,Active
PROD0002462,consectetur sequi,Grocery,Dairy,Samsung,2934.52,8226.1,4828,Inactive
PROD0002463,totam nam,Sports,Equipment,Sony,975.7,2857.52,2484,Discontinued
PROD0002464,qui rerum,Fashion,Shoes,LG,3270.53,7809.89,4980,Inactive
PROD0002465,dignissimos ipsam,Beauty,Haircare,Apple,3698.62,5391.45,2049,Discontinued
PROD0002466,adipisci ipsam,Home & Kitchen,Cookware,Xiaomi,3147.29,8833.7,4488,Inactive
PROD0002467,repellendus saepe,Grocery,Vegetables,,2185.28,1160.21,3765,Active
PROD0002468,nemo cumque,Grocery,Dairy,LG,880.07,4909.38,549,Discontinued
PROD0002469,nisi a,Beauty,Haircare,,3229.68,999999.0,3205,Discontinued
PROD0002470,voluptates totam,Grocery,Snacks,LG,939.7,9318.34,1631,Inactive
PROD0002471,nemo officiis,Sports,Equipment,LG,2975.32,154.32,1188,Inactive
PROD0002472,repellat cumque,Grocery,Dairy,Samsung,1699.45,4280.1,4540,Active
PROD0002473,qui praesentium,Fashion,Shoes,Xiaomi,3305.04,4203.38,2951,Discontinued
PROD0002474,aut distinctio,Sports,Apparel,,4395.13,4251.47,697,Inactive
PROD0002475,iste laboriosam,Grocery,Snacks,Sony,2191.51,9708.53,293,Discontinued
PROD0002476,iste temporibus,Fashion,Women,Apple,2442.96,785.38,3388,Inactive
PROD0002477,quaerat numquam,Beauty,Skincare,LG,2002.24,886.9,1143,Active
PROD0002478,qui atque,Fashion,Men,Apple,2982.76,5780.47,1497,Discontinued
PROD0002479,dolorem dolor,Electronics,Tablets,Generic,2398.62,5085.0,2356,Active
PROD0002480,tenetur modi,Electronics,Tablets,LG,499.59,406.36,3851,Active
PROD0002481,voluptate nihil,Sports,Footwear,Sony,312.92,8019.11,20,Inactive
PROD0002482,distinctio accusamus,Electronics,Laptops,OnePlus,4133.43,5215.07,887,Active
PROD0002483,sequi labore,Fashion,Women,Generic,4495.95,1574.5,1465,Discontinued
PROD0002484,illum culpa,Electronics,Mobiles,Samsung,4023.59,2050.08,3862,Inactive
PROD0002485,explicabo voluptatum,Grocery,Fruits,Xiaomi,664.54,8915.48,4205,Discontinued
PROD0002486,minima aut,Beauty,Skincare,OnePlus,4787.74,6189.11,909,Discontinued
PROD0002487,architecto quis,Beauty,Skincare,Sony,3208.39,2517.97,706,Discontinued
PROD0002488,fuga quam,Beauty,Haircare,Samsung,1093.07,8280.9,4667,Active
PROD0002489,quod dolorum,Beauty,Haircare,Samsung,706.04,3833.77,4951,Active
PROD0002490,voluptates enim,Sports,Footwear,,3776.82,2462.6,1806,Active
PROD0002491,veniam placeat,Electronics,Tablets,Sony,1496.99,6348.06,577,Discontinued
PROD0002492,repudiandae veritatis,Home & Kitchen,Appliances,Generic,2893.15,6513.48,1839,Active
PROD0002493,non odio,Sports,Equipment,LG,1282.29,7436.62,2830,Inactive
PROD0002494,laudantium dolorum,Home & Kitchen,Appliances,,424.75,4353.7,4342,Discontinued
PROD0002495,aspernatur autem,Sports,Equipment,Generic,2084.9,1218.49,4061,Inactive
PROD0002496,impedit sapiente,Home & Kitchen,Appliances,Sony,3692.34,2618.66,3866,Active
PROD0002497,suscipit temporibus,Beauty,Skincare,Xiaomi,3632.94,1524.21,577,Active
PROD0002498,excepturi laboriosam,Electronics,Laptops,Generic,978.09,273.16,4894,Inactive
PROD0002499,sapiente commodi,Fashion,Shoes,Generic,1309.5,506.23,4912,Inactive
PROD0002500,ut ut,Fashion,Men,Samsung,2170.99,9294.41,3149,Active
PROD0002501,in nostrum,Sports,Equipment,Samsung,3968.9,6529.44,366,Active
PROD0002502,reprehenderit eaque,Home & Kitchen,Appliances,,3462.77,7694.42,3180,Active
PROD0002503,iusto officia,Electronics,Tablets,OnePlus,3657.58,2770.08,2314,Discontinued
PROD0002504,voluptas commodi,Fashion,Women,OnePlus,1861.53,1352.4,3006,Discontinued
PROD0002505,temporibus deleniti,Electronics,Mobiles,Generic,4295.41,9672.36,2053,Inactive
PROD0002506,iusto quis,Grocery,Vegetables,Samsung,4147.12,9432.21,2181,Inactive
PROD0002507,corrupti vel,Fashion,Women,OnePlus,897.62,1109.54,1752,Inactive
PROD0002508,provident alias,Electronics,Mobiles,,1898.67,8392.43,1728,Active
PROD0002509,nihil similique,Fashion,Kids,,3758.05,6972.95,4146,Inactive
PROD0002510,dignissimos magnam,Home & Kitchen,Decor,Sony,3101.67,2194.59,4525,Discontinued
PROD0002511,nulla illo,Fashion,Kids,Samsung,3776.5,3453.46,4842,Inactive
PROD0002512,eaque debitis,Beauty,Makeup,Apple,3212.37,7407.93,4559,Inactive
PROD0002513,error aut,Fashion,Shoes,Apple,1894.39,6873.15,3489,Inactive
PROD0002514,quibusdam magni,Grocery,Fruits,Sony,962.11,6288.59,4326,Active
PROD0002515,recusandae consectetur,Beauty,Skincare,Sony,2560.44,8784.3,3307,Inactive
PROD0002516,eaque impedit,Home & Kitchen,Cookware,Sony,1875.93,9900.26,4648,Active
PROD0002517,debitis magnam,Sports,Apparel,,793.04,3373.3,1354,Active
PROD0002518,saepe veniam,Sports,Apparel,Apple,2053.05,3703.31,0,Discontinued
PROD0002519,quo provident,Electronics,Tablets,Apple,2940.81,999999.0,1941,Inactive
PROD0002520,nostrum fugit,Fashion,Women,LG,3602.35,418.72,2039,Inactive
PROD0002521,placeat expedita,Grocery,Fruits,Sony,1111.99,2824.88,1776,Discontinued
PROD0002522,nemo corrupti,Fashion,Men,LG,4034.93,328.42,1063,Discontinued
PROD0002523,assumenda quas,Beauty,Makeup,Generic,1658.75,1409.3,3047,Discontinued
PROD0002524,similique laudantium,Grocery,Snacks,Generic,1299.27,8616.32,3763,Discontinued
PROD0002525,temporibus aliquam,Beauty,Makeup,Samsung,1689.58,-100.0,334,Discontinued
PROD0002526,amet vitae,Electronics,Tablets,Sony,3733.15,3517.15,2654,Active
PROD0002527,id at,Home & Kitchen,Appliances,Apple,3248.92,2528.93,4217,Active
PROD0002528,sapiente ut,Grocery,Snacks,OnePlus,2589.57,1621.76,3063,Inactive
PROD0002529,nulla minus,Sports,Apparel,Apple,1933.53,2581.44,3312,Inactive
PROD0002530,fugit deleniti,Beauty,Makeup,Xiaomi,4001.88,9531.07,3994,Discontinued
PROD0002531,voluptas consectetur,Home & Kitchen,Furniture,Apple,458.09,8253.91,3242,Discontinued
PROD0002532,alias ab,Sports,Equipment,OnePlus,794.96,3014.73,357,Active
PROD0002533,porro quod,Sports,Footwear,Apple,361.46,8588.71,4691,Discontinued
PROD0002534,nostrum possimus,Fashion,Kids,Generic,1763.51,1017.9,2367,Active
PROD0002535,dicta aut,Sports,Equipment,Xiaomi,3887.59,7371.95,2483,Active
PROD0002536,veniam aliquam,Grocery,Fruits,OnePlus,4909.19,1575.83,4096,Active
PROD0002537,perferendis repellendus,Home & Kitchen,Appliances,OnePlus,4440.07,4825.56,1701,Discontinued
PROD0002538,soluta dolor,Sports,Equipment,Xiaomi,1496.42,5741.12,1121,Inactive
PROD0002539,cupiditate minima,Beauty,Makeup,Apple,3408.49,3056.2,2461,Discontinued
PROD0002540,ipsam repudiandae,Home & Kitchen,Cookware,LG,1652.73,1057.68,4596,Inactive
PROD0002541,fugit cum,Sports,Equipment,Samsung,1114.52,6204.1,2025,Discontinued
PROD0002542,numquam voluptate,Electronics,Tablets,LG,231.2,8742.73,3383,Inactive
PROD0002543,similique sint,Electronics,Mobiles,Xiaomi,1633.29,6954.21,1612,Active
PROD0002544,tenetur eligendi,Home & Kitchen,Decor,Apple,1189.59,7909.98,86,Active
PROD0002545,repellat nihil,Beauty,Makeup,Samsung,566.3,6011.61,532,Inactive
PROD0002546,sunt dolorem,Grocery,Snacks,Xiaomi,4977.3,4061.99,3408,Discontinued
PROD0002547,quisquam eum,Sports,Footwear,Apple,201.25,3919.5,4946,Discontinued
PROD0002548,dolores eos,Beauty,Skincare,Apple,3375.38,5079.42,3207,Active
PROD0002549,quas maxime,Fashion,Women,Generic,2869.17,9055.75,3,Active
PROD0002550,quam ducimus,Home & Kitchen,Decor,Sony,1569.08,9298.64,4730,Discontinued
PROD0002551,nisi reiciendis,Fashion,Women,Sony,3402.19,2792.92,3807,Discontinued
PROD0002552,aliquam tempore,Home & Kitchen,Cookware,Samsung,2856.58,3183.08,3468,Discontinued
PROD0002553,recusandae suscipit,Home & Kitchen,Decor,Xiaomi,2663.2,6739.57,4799,Discontinued
PROD0002554,dolore nisi,Sports,Equipment,Sony,4792.48,7407.5,4261,Discontinued
PROD0002555,magnam alias,Beauty,Makeup,Generic,2608.33,5249.36,1171,Active
PROD0002556,voluptate fugiat,Beauty,Skincare,Xiaomi,4111.71,7082.77,4605,Inactive
PROD0002557,eius non,Beauty,Haircare,OnePlus,2641.69,7844.2,4219,Inactive
PROD0002558,commodi mollitia,Fashion,Kids,,4300.9,6249.17,3009,Inactive
PROD0002559,perferendis architecto,Electronics,Laptops,LG,1283.02,1938.58,3602,Inactive
PROD0002560,nobis odit,Beauty,Makeup,,3523.55,3389.52,336,Inactive
PROD0002561,neque quas,Grocery,Fruits,Apple,785.6,4945.89,3492,Discontinued
PROD0002562,molestias eum,Sports,Footwear,LG,2780.43,8596.18,4599,Inactive
PROD0002563,impedit dolor,Home & Kitchen,Furniture,LG,4588.91,2908.92,2599,Active
PROD0002564,eaque fuga,Grocery,Dairy,Generic,234.65,4475.8,4962,Discontinued
PROD0002565,natus voluptates,Electronics,Laptops,Generic,1260.01,8814.96,3058,Discontinued
PROD0002566,voluptatum recusandae,Beauty,Haircare,Xiaomi,4948.75,225.07,3646,Active
PROD0002567,culpa maxime,Electronics,Accessories,Xiaomi,4816.01,1807.26,2647,Inactive
PROD0002568,cupiditate optio,Electronics,Tablets,Sony,1000.02,332.2,281,Active
PROD0002569,delectus omnis,Sports,Equipment,Xiaomi,1750.44,1827.98,3499,Discontinued
PROD0002570,laudantium mollitia,Home & Kitchen,Appliances,LG,4954.78,5393.64,3750,Inactive
PROD0002571,ipsum esse,Electronics,Tablets,Apple,3125.44,1604.84,729,Inactive
PROD0002572,optio voluptatum,Fashion,Kids,,1239.95,7050.13,4808,Inactive
PROD0002573,illum maiores,Beauty,Haircare,Samsung,3336.99,3164.47,727,Active
PROD0002574,dicta beatae,Home & Kitchen,Furniture,Generic,2820.59,4199.59,3052,Active
PROD0002575,labore incidunt,Sports,Apparel,Sony,3463.1,2188.97,725,Discontinued
PROD0002576,quasi reiciendis,Grocery,Vegetables,Sony,2693.32,7766.59,451,Active
PROD0002577,perferendis autem,Electronics,Laptops,Apple,4813.22,5417.01,2427,Active
PROD0002578,doloribus laborum,Grocery,Snacks,OnePlus,4887.63,5762.55,4569,Discontinued
PROD0002579,distinctio accusamus,Home & Kitchen,Appliances,,1466.82,6997.85,4108,Inactive
PROD0002580,veritatis quo,Electronics,Accessories,LG,2712.4,8962.62,1014,Discontinued
PROD0002581,sapiente magni,Sports,Footwear,Xiaomi,1767.86,7106.87,3191,Discontinued
PROD0002582,fugiat adipisci,Fashion,Men,LG,209.14,4397.37,642,Active
PROD0002583,excepturi facilis,Sports,Footwear,OnePlus,626.32,8501.13,5000,Discontinued
PROD0002584,voluptas blanditiis,Grocery,Vegetables,Xiaomi,2654.45,8930.99,3373,Active
PROD0002585,vitae illo,Fashion,Shoes,Apple,2131.53,2017.5,77,Inactive
PROD0002586,reprehenderit incidunt,Grocery,Vegetables,Apple,3486.99,2384.41,1191,Active
PROD0002587,exercitationem impedit,Home & Kitchen,Appliances,Generic,2146.84,7242.46,3027,Inactive
PROD0002588,maiores vero,Fashion,Shoes,Generic,205.23,7357.96,1085,Discontinued
PROD0002589,saepe saepe,Electronics,Laptops,LG,1969.23,9541.43,3448,Discontinued
PROD0002590,nisi ea,Grocery,Vegetables,Generic,280.46,5229.81,499,Active
PROD0002591,nisi consectetur,Grocery,Snacks,,3496.75,8047.45,560,Inactive
PROD0002592,ea error,Grocery,Snacks,Xiaomi,2803.8,8726.99,4359,Active
PROD0002593,nostrum consequuntur,Grocery,Dairy,Apple,4322.26,981.7,4001,Inactive
PROD0002594,sint placeat,Grocery,Fruits,Apple,4071.58,7939.98,1560,Discontinued
PROD0002595,sapiente molestias,Home & Kitchen,Furniture,Sony,3226.19,7911.52,1799,Inactive
PROD0002596,odit voluptatibus,Fashion,Men,Samsung,4355.69,1130.83,3373,Discontinued
PROD0002597,dolore hic,Grocery,Fruits,LG,291.26,4439.22,4268,Active
PROD0002598,quod vero,Sports,Equipment,LG,660.56,3009.18,501,Inactive
PROD0002599,modi ipsam,Sports,Apparel,LG,266.55,7400.68,598,Inactive
PROD0002600,ad animi,Electronics,Accessories,Xiaomi,1267.56,3591.1,2730,Discontinued
PROD0002601,fugit dolore,Beauty,Haircare,LG,1736.21,2797.38,520,Discontinued
PROD0002602,veniam repudiandae,Home & Kitchen,Decor,Xiaomi,2427.27,1716.48,3368,Discontinued
PROD0002603,ipsam sequi,Sports,Footwear,Samsung,927.81,2112.64,3166,Active
PROD0002604,dignissimos vel,Beauty,Haircare,LG,4069.68,2070.11,1254,Discontinued
PROD0002605,quasi nesciunt,Grocery,Vegetables,Generic,958.95,3261.51,4565,Discontinued
PROD0002606,cupiditate amet,Fashion,Kids,,2937.99,9837.03,3200,Inactive
PROD0002607,itaque minima,Sports,Equipment,Generic,2829.08,8190.03,2914,Active
PROD0002608,similique sit,Electronics,Accessories,Apple,2550.75,8748.83,3137,Inactive
PROD0002609,culpa doloremque,Electronics,Tablets,Samsung,4735.32,3107.65,1273,Active
PROD0002610,eos voluptatibus,Home & Kitchen,Furniture,LG,2457.9,678.17,4569,Discontinued
PROD0002611,aliquam sit,Sports,Apparel,Xiaomi,2946.89,2343.09,162,Inactive
PROD0002612,tenetur error,Home & Kitchen,Furniture,Generic,3220.46,7349.25,1333,Inactive
PROD0002613,voluptate enim,Grocery,Fruits,Xiaomi,3130.92,3924.51,4471,Inactive
PROD0002614,delectus libero,Beauty,Makeup,LG,3619.1,6961.37,2579,Inactive
PROD0002615,possimus sunt,Home & Kitchen,Cookware,Generic,3805.96,527.69,1526,Active
PROD0002616,ipsam quos,Fashion,Men,Apple,4448.12,8090.21,2012,Discontinued
PROD0002617,esse neque,Electronics,Accessories,Xiaomi,400.87,7301.5,1122,Discontinued
PROD0002618,quaerat vel,Sports,Apparel,Sony,3875.37,8592.46,1452,Inactive
PROD0002619,expedita molestiae,Beauty,Skincare,Xiaomi,2306.2,4955.67,1585,Inactive
PROD0002620,quam similique,Fashion,Women,,1659.42,3272.87,2569,Active
PROD0002621,repellat enim,Electronics,Mobiles,OnePlus,661.3,1106.41,1709,Active
PROD0002622,pariatur voluptate,Beauty,Makeup,Sony,4298.52,5143.88,51,Inactive
PROD0002623,quas unde,Sports,Apparel,OnePlus,4790.5,7564.34,3806,Active
PROD0002624,maxime architecto,Electronics,Laptops,Xiaomi,2325.56,6674.77,804,Discontinued
PROD0002625,cumque quidem,Sports,Footwear,OnePlus,4480.54,8918.17,1100,Active
PROD0002626,nemo numquam,Beauty,Haircare,Apple,1027.71,5752.82,2108,Discontinued
PROD0002627,reiciendis unde,Grocery,Snacks,LG,3779.86,1538.83,3456,Discontinued
PROD0002628,ea nulla,Fashion,Men,Samsung,3610.61,5242.45,412,Inactive
PROD0002629,ipsam saepe,Beauty,Skincare,Apple,1558.52,6593.85,1940,Active
PROD0002630,et tempora,Beauty,Makeup,,1656.65,1347.01,4467,Discontinued
PROD0002631,corporis esse,Grocery,Vegetables,Samsung,2510.35,4989.64,4267,Inactive
PROD0002632,maxime eius,Electronics,Mobiles,,1231.85,2005.72,19,Inactive
PROD0002633,totam sequi,Sports,Apparel,Apple,3832.92,5893.23,1601,Active
PROD0002634,consequuntur minus,Fashion,Men,OnePlus,4667.36,5201.87,281,Active
PROD0002635,ipsam animi,Sports,Footwear,OnePlus,3497.92,3647.2,1420,Inactive
PROD0002636,nulla nesciunt,Beauty,Haircare,,523.29,8898.29,1164,Discontinued
PROD0002637,dolores et,Fashion,Shoes,LG,2514.77,1356.72,4914,Inactive
PROD0002638,expedita iusto,Beauty,Skincare,Apple,1927.15,4933.98,4247,Inactive
PROD0002639,ea modi,Grocery,Dairy,Generic,1209.1,1136.06,2307,Discontinued
PROD0002640,voluptatibus cupiditate,Fashion,Shoes,,1781.59,8495.98,3375,Discontinued
PROD0002641,ut veritatis,Fashion,Shoes,Samsung,142.74,9243.89,3490,Active
PROD0002642,aperiam deserunt,Home & Kitchen,Cookware,Sony,1699.91,8170.64,926,Active
PROD0002643,nemo iste,Electronics,Accessories,OnePlus,4808.15,6730.32,3911,Active
PROD0002644,accusantium voluptatem,Sports,Footwear,Xiaomi,3649.16,1922.11,4028,Discontinued
PROD0002645,amet laudantium,Electronics,Accessories,LG,2529.72,4760.4,3160,Inactive
PROD0002646,pariatur maiores,Beauty,Haircare,Xiaomi,4145.52,7830.64,2852,Active
PROD0002647,quo porro,Grocery,Dairy,,3546.08,172.29,3917,Active
PROD0002648,earum cupiditate,Grocery,Vegetables,Sony,3979.13,2177.99,3629,Active
PROD0002649,voluptatibus ut,Grocery,Vegetables,Xiaomi,4739.59,5706.81,1282,Active
PROD0002650,nemo aperiam,Grocery,Fruits,Sony,2528.95,8535.1,293,Active
PROD0002651,eveniet cupiditate,Fashion,Women,Generic,3740.08,3825.73,3519,Discontinued
PROD0002652,reprehenderit minus,Fashion,Shoes,,3213.41,6002.36,470,Discontinued
PROD0002653,repellendus odit,Fashion,Women,Apple,4244.31,-100.0,73,Active
PROD0002654,sit quia,Sports,Footwear,Apple,4738.82,6951.65,1431,Discontinued
PROD0002655,incidunt eligendi,Beauty,Skincare,LG,2689.36,867.18,4566,Active
PROD0002656,fugit nisi,Home & Kitchen,Appliances,Samsung,1295.29,5069.71,359,Active
PROD0002657,esse recusandae,Sports,Footwear,Sony,4748.69,3858.12,3379,Inactive
PROD0002658,culpa cupiditate,Fashion,Men,Samsung,4314.86,8160.41,22,Inactive
PROD0002659,qui maxime,Home & Kitchen,Furniture,Xiaomi,2175.08,749.28,760,Discontinued
PROD0002660,quisquam consequatur,Electronics,Accessories,Xiaomi,3041.86,9282.02,3195,Active
PROD0002661,esse saepe,Grocery,Dairy,Xiaomi,2001.13,9036.94,1671,Inactive
PROD0002662,aperiam consectetur,Beauty,Haircare,Xiaomi,3784.99,8546.67,826,Discontinued
PROD0002663,consequatur in,Fashion,Shoes,,3323.49,4659.52,202,Inactive
PROD0002664,totam facilis,Electronics,Accessories,Xiaomi,3843.84,9879.45,3554,Inactive
PROD0002665,placeat assumenda,Fashion,Kids,,3624.37,6063.72,1725,Inactive
PROD0002666,consequuntur accusamus,Grocery,Vegetables,OnePlus,4752.34,2081.07,1742,Discontinued
PROD0002667,similique dignissimos,Sports,Footwear,OnePlus,3747.68,1013.03,3527,Inactive
PROD0002668,repellat accusamus,Sports,Footwear,Sony,3054.44,7576.53,2581,Inactive
PROD0002669,ad alias,Sports,Footwear,Apple,876.25,2151.62,1441,Active
PROD0002670,fugiat reprehenderit,Beauty,Haircare,Generic,474.38,942.9,4589,Discontinued
PROD0002671,ea eaque,Beauty,Makeup,LG,4790.19,7221.05,2173,Inactive
PROD0002672,error totam,Home & Kitchen,Furniture,Sony,3785.54,4512.49,3078,Active
PROD0002673,provident quia,Sports,Equipment,Generic,4663.13,9377.15,4646,Active
PROD0002674,nulla odit,Home & Kitchen,Decor,,76.03,8998.74,2818,Inactive
PROD0002675,magni similique,Fashion,Kids,,4375.06,4829.49,3670,Inactive
PROD0002676,delectus dolorem,Grocery,Fruits,Apple,2447.77,9009.69,89,Inactive
PROD0002677,voluptate unde,Grocery,Snacks,Xiaomi,3595.18,8734.68,418,Inactive
PROD0002678,optio voluptatum,Home & Kitchen,Cookware,Xiaomi,931.9,6684.39,3741,Active
PROD0002679,fuga modi,Grocery,Dairy,OnePlus,1705.14,8964.39,52,Discontinued
PROD0002680,alias blanditiis,Sports,Footwear,Samsung,4447.57,3759.73,4540,Inactive
PROD0002681,quas ad,Beauty,Makeup,Apple,1819.52,9612.71,3805,Active
PROD0002682,consectetur sed,Fashion,Kids,,4103.73,5680.26,584,Discontinued
PROD0002683,provident fugit,Home & Kitchen,Appliances,Apple,745.49,6910.15,2622,Discontinued
PROD0002684,aliquam tempore,Grocery,Snacks,OnePlus,653.06,2634.97,1272,Inactive
PROD0002685,similique adipisci,Home & Kitchen,Furniture,Sony,3972.65,4214.55,3380,Discontinued
PROD0002686,mollitia tempore,Beauty,Haircare,Samsung,2334.08,5608.84,1866,Active
PROD0002687,enim adipisci,Beauty,Makeup,LG,667.1,1403.7,3841,Inactive
PROD0002688,sunt voluptas,Grocery,Vegetables,Samsung,509.1,8793.08,263,Active
PROD0002689,fuga itaque,Beauty,Skincare,Samsung,1838.54,3461.49,2982,Discontinued
PROD0002690,laudantium molestias,Beauty,Skincare,,4714.35,5681.49,2467,Inactive
PROD0002691,harum atque,Beauty,Haircare,LG,4403.85,9374.8,3261,Active
PROD0002692,aspernatur atque,Electronics,Laptops,Xiaomi,1811.94,1647.36,524,Inactive
PROD0002693,aliquid quasi,Electronics,Accessories,,1271.41,2904.52,3265,Inactive
PROD0002694,exercitationem eos,Beauty,Makeup,Sony,605.34,364.71,4738,Inactive
PROD0002695,quasi nulla,Sports,Footwear,Samsung,3008.24,9533.71,1861,Discontinued
PROD0002696,cupiditate maxime,Home & Kitchen,Furniture,Sony,1155.64,1695.58,3147,Active
PROD0002697,voluptas excepturi,Electronics,Tablets,OnePlus,4283.8,3775.03,3351,Discontinued
PROD0002698,tempore excepturi,Electronics,Tablets,Apple,370.91,3828.56,2363,Inactive
PROD0002699,quisquam maxime,Fashion,Men,Apple,494.21,2860.82,4294,Active
PROD0002700,quibusdam quas,Electronics,Tablets,Generic,647.24,7665.13,2416,Active
PROD0002701,repellat consectetur,Home & Kitchen,Appliances,Xiaomi,481.2,4533.18,471,Active
PROD0002702,eaque suscipit,Beauty,Haircare,OnePlus,4331.67,3179.95,3275,Active
PROD0002703,minus voluptates,Fashion,Kids,Generic,3083.0,6483.89,2094,Discontinued
PROD0002704,similique optio,Sports,Equipment,Apple,2428.48,4001.56,2781,Inactive
PROD0002705,molestias iste,Beauty,Skincare,Generic,4246.05,262.08,2754,Inactive
PROD0002706,quidem nisi,Fashion,Women,Generic,2603.8,1023.96,2169,Inactive
PROD0002707,in similique,Electronics,Laptops,Generic,4810.44,3308.16,4514,Inactive
PROD0002708,voluptas vero,Sports,Apparel,Sony,601.27,562.72,965,Inactive
PROD0002709,harum rem,Sports,Footwear,Samsung,2490.37,7145.77,3539,Inactive
PROD0002710,officiis accusamus,Grocery,Snacks,Sony,4831.57,5414.16,914,Inactive
PROD0002711,unde suscipit,Fashion,Men,Sony,355.82,4292.95,1002,Inactive
PROD0002712,unde quidem,Sports,Equipment,OnePlus,3944.17,1881.09,147,Inactive
PROD0002713,labore earum,Home & Kitchen,Furniture,Sony,3704.9,8773.8,1042,Active
PROD0002714,commodi incidunt,Home & Kitchen,Appliances,Sony,4312.25,5025.12,3904,Inactive
PROD0002715,voluptate labore,Home & Kitchen,Appliances,Sony,4244.14,150.76,172,Inactive
PROD0002716,animi sit,Fashion,Women,LG,3267.09,2101.28,952,Inactive
PROD0002717,hic earum,Electronics,Accessories,,873.61,6909.15,4743,Discontinued
PROD0002718,hic iste,Sports,Apparel,Samsung,465.56,5533.06,1123,Discontinued
PROD0002719,molestiae inventore,Beauty,Skincare,Samsung,3502.29,8438.31,1315,Inactive
PROD0002720,adipisci dolorum,Sports,Footwear,LG,1780.49,9968.39,3304,Inactive
PROD0002721,neque adipisci,Grocery,Dairy,Apple,4908.53,7642.15,2022,Discontinued
PROD0002722,voluptatem amet,Sports,Apparel,Sony,528.13,2121.03,4070,Inactive
PROD0002723,consequatur veniam,Beauty,Makeup,Xiaomi,3552.82,1211.81,1443,Discontinued
PROD0002724,nemo soluta,Sports,Footwear,Samsung,3698.43,2716.81,342,Discontinued
PROD0002725,culpa explicabo,Fashion,Shoes,Samsung,1458.85,9118.95,1717,Active
PROD0002726,eum vitae,Fashion,Women,LG,4793.57,2265.73,1004,Discontinued
PROD0002727,dolore eum,Sports,Footwear,,3394.23,4471.87,2135,Active
PROD0002728,aut aliquid,Sports,Footwear,Xiaomi,3367.72,6348.6,3800,Discontinued
PROD0002729,expedita odio,Home & Kitchen,Appliances,OnePlus,2294.63,7042.14,3048,Discontinued
PROD0002730,unde at,Grocery,Vegetables,,1033.6,4585.26,2308,Active
PROD0002731,debitis molestias,Grocery,Dairy,Sony,2275.51,6727.19,3733,Discontinued
PROD0002732,laudantium soluta,Sports,Footwear,Sony,3137.95,9460.27,654,Active
PROD0002733,dolor vel,Sports,Apparel,Xiaomi,106.56,2165.7,1994,Discontinued
PROD0002734,unde a,Grocery,Snacks,LG,2030.89,4608.4,1016,Inactive
PROD0002735,minima consequatur,Home & Kitchen,Appliances,LG,3752.75,2632.4,3157,Active
PROD0002736,a deleniti,Sports,Apparel,Apple,4366.44,159.56,3768,Active
PROD0002737,consequatur sint,Home & Kitchen,Furniture,LG,3635.66,4893.36,1426,Inactive
PROD0002738,totam est,Sports,Footwear,Samsung,3962.94,4362.03,4360,Inactive
PROD0002739,voluptate neque,Home & Kitchen,Decor,,3966.07,7109.45,1207,Inactive
PROD0002740,saepe ipsum,Fashion,Men,Generic,1019.1,2776.58,2791,Inactive
PROD0002741,est similique,Beauty,Skincare,Apple,4947.81,7615.22,131,Active
PROD0002742,enim ad,Beauty,Haircare,Samsung,1439.45,5784.98,958,Discontinued
PROD0002743,ad laudantium,Home & Kitchen,Cookware,LG,3969.65,6162.21,24,Inactive
PROD0002744,nisi adipisci,Grocery,Dairy,OnePlus,700.06,7473.8,888,Discontinued
PROD0002745,veniam fuga,Fashion,Kids,Apple,2218.58,6644.89,1397,Discontinued
PROD0002746,dicta explicabo,Sports,Footwear,Generic,2904.59,7098.88,1207,Inactive
PROD0002747,necessitatibus quisquam,Fashion,Women,Generic,4999.8,8265.11,3905,Active
PROD0002748,reprehenderit adipisci,Home & Kitchen,Cookware,LG,3188.98,8937.6,1163,Discontinued
PROD0002749,ex saepe,Fashion,Shoes,Apple,1535.32,2306.53,4735,Discontinued
PROD0002750,illum dolores,Sports,Footwear,,4168.79,7230.19,4198,Inactive
PROD0002751,porro excepturi,Beauty,Haircare,,753.3,1847.49,2858,Discontinued
PROD0002752,laboriosam quis,Beauty,Makeup,Generic,4510.55,9941.62,3401,Discontinued
PROD0002753,hic error,Fashion,Kids,Xiaomi,1750.85,3059.3,2718,Active
PROD0002754,sint aliquid,Fashion,Women,,2337.24,4677.9,3395,Inactive
PROD0002755,hic magnam,Grocery,Fruits,Xiaomi,2118.19,7637.67,472,Discontinued
PROD0002756,ipsum amet,Grocery,Snacks,LG,741.35,9089.95,417,Discontinued
PROD0002757,iusto ut,Electronics,Accessories,LG,2268.49,8535.96,3303,Inactive
PROD0002758,corporis quia,Beauty,Haircare,Xiaomi,980.43,8360.69,2717,Discontinued
PROD0002759,ipsum molestiae,Fashion,Shoes,Generic,3870.64,3301.49,3704,Inactive
PROD0002760,voluptatum exercitationem,Home & Kitchen,Cookware,,1877.06,6429.64,3930,Discontinued
PROD0002761,ex nesciunt,Grocery,Vegetables,Generic,3021.78,8515.25,4449,Discontinued
PROD0002762,tenetur ullam,Fashion,Shoes,Xiaomi,4646.59,6007.51,2903,Active
PROD0002763,molestiae facere,Fashion,Men,,3251.42,5822.81,3158,Inactive
PROD0002764,dignissimos libero,Electronics,Laptops,Generic,2803.31,6118.28,13,Inactive
PROD0002765,fugit aut,Home & Kitchen,Furniture,Apple,4902.97,996.63,1849,Active
PROD0002766,repellat itaque,Electronics,Mobiles,Apple,685.4,4589.92,3971,Inactive
PROD0002767,sapiente dolor,Home & Kitchen,Furniture,Samsung,2359.14,6164.84,1631,Discontinued
PROD0002768,adipisci corrupti,Beauty,Makeup,Samsung,1760.63,2527.58,3659,Inactive
PROD0002769,corrupti repudiandae,Beauty,Makeup,Xiaomi,1347.03,256.91,3975,Discontinued
PROD0002770,doloremque dicta,Sports,Equipment,Sony,3604.4,4880.0,570,Inactive
PROD0002771,dicta error,Grocery,Vegetables,Samsung,2667.43,3911.84,757,Active
PROD0002772,minus laudantium,Home & Kitchen,Decor,OnePlus,4843.27,8875.05,240,Active
PROD0002773,fuga eveniet,Fashion,Men,OnePlus,1005.35,6788.8,174,Discontinued
PROD0002774,officia necessitatibus,Beauty,Haircare,Samsung,1283.64,3327.35,3823,Discontinued
PROD0002775,quod sit,Beauty,Makeup,,3455.43,3895.61,3013,Discontinued
PROD0002776,doloremque autem,Beauty,Haircare,Xiaomi,3244.39,525.89,407,Active
PROD0002777,culpa molestias,Fashion,Women,Apple,3778.91,392.04,3212,Inactive
PROD0002778,omnis ratione,Home & Kitchen,Appliances,Samsung,2651.62,9128.5,111,Inactive
PROD0002779,rem quis,Sports,Equipment,Xiaomi,4774.86,5828.94,4149,Active
PROD0002780,similique nobis,Fashion,Kids,Samsung,4217.02,1107.96,1741,Inactive
PROD0002781,deserunt at,Sports,Apparel,Xiaomi,2781.63,798.75,1725,Discontinued
PROD0002782,repellat quis,Home & Kitchen,Appliances,Generic,4716.74,2906.61,2809,Inactive
PROD0002783,natus quo,Beauty,Skincare,Sony,2511.77,2803.37,3043,Discontinued
PROD0002784,itaque aspernatur,Home & Kitchen,Furniture,Samsung,178.92,6306.11,282,Discontinued
PROD0002785,deserunt consequatur,Grocery,Dairy,Apple,2864.53,3846.07,1887,Discontinued
PROD0002786,maiores asperiores,Home & Kitchen,Furniture,OnePlus,3619.62,6349.41,2706,Discontinued
PROD0002787,eum laborum,Grocery,Snacks,,2017.16,9735.94,1217,Inactive
PROD0002788,nostrum atque,Home & Kitchen,Appliances,LG,4226.2,4790.0,3166,Inactive
PROD0002789,maxime deserunt,Fashion,Women,OnePlus,631.98,4551.94,3106,Active
PROD0002790,incidunt iusto,Beauty,Makeup,Samsung,2646.4,3473.34,756,Discontinued
PROD0002791,facilis nam,Fashion,Shoes,Sony,4231.58,375.46,1831,Discontinued
PROD0002792,nulla est,Sports,Apparel,Generic,144.64,7228.15,1735,Active
PROD0002793,ut fuga,Sports,Equipment,Samsung,3332.21,1458.17,1631,Inactive
PROD0002794,reprehenderit doloribus,Electronics,Laptops,Generic,178.66,1567.84,2146,Discontinued
PROD0002795,vero nulla,Beauty,Makeup,OnePlus,1107.49,2141.18,3649,Inactive
PROD0002796,adipisci quam,Beauty,Skincare,Samsung,2619.48,373.87,3522,Discontinued
PROD0002797,cupiditate voluptas,Sports,Apparel,Generic,2700.68,6661.32,1974,Active
PROD0002798,quis aperiam,Fashion,Women,LG,4158.1,3036.36,1816,Discontinued
PROD0002799,sapiente fuga,Home & Kitchen,Cookware,Generic,2239.24,2810.29,4963,Discontinued
PROD0002800,distinctio illum,Fashion,Women,Apple,1452.75,8283.54,4169,Inactive
PROD0002801,vero dignissimos,Beauty,Haircare,Samsung,2889.76,4275.78,4164,Discontinued
PROD0002802,quas quia,Grocery,Dairy,Generic,2743.68,9350.16,2752,Inactive
PROD0002803,voluptatibus deleniti,Home & Kitchen,Appliances,Sony,466.87,5581.52,912,Discontinued
PROD0002804,numquam alias,Home & Kitchen,Cookware,OnePlus,3273.67,378.19,717,Active
PROD0002805,odit ea,Electronics,Mobiles,Sony,544.88,3350.3,661,Active
PROD0002806,qui voluptate,Grocery,Dairy,Samsung,3942.84,9913.98,247,Inactive
PROD0002807,quos tenetur,Grocery,Fruits,Samsung,555.03,5931.53,1005,Inactive
PROD0002808,necessitatibus odio,Sports,Equipment,Generic,1252.12,999999.0,3258,Active
PROD0002809,adipisci corporis,Grocery,Vegetables,Xiaomi,1496.6,4511.7,497,Discontinued
PROD0002810,atque hic,Fashion,Men,Xiaomi,1670.06,9635.83,496,Discontinued
PROD0002811,magnam atque,Electronics,Accessories,LG,1798.12,7940.17,351,Inactive
PROD0002812,illum nam,Fashion,Men,,4075.01,8420.42,3386,Active
PROD0002813,inventore itaque,Fashion,Kids,Apple,2169.88,4794.12,1635,Inactive
PROD0002814,laborum minima,Beauty,Haircare,OnePlus,392.82,4751.91,1487,Inactive
PROD0002815,in quidem,Beauty,Makeup,,2396.27,2272.86,3330,Active
PROD0002816,fugiat asperiores,Fashion,Kids,LG,223.62,9215.34,3444,Active
PROD0002817,aut laudantium,Sports,Footwear,OnePlus,2433.11,2774.47,2931,Active
PROD0002818,itaque tenetur,Fashion,Women,Generic,1966.6,3501.59,4857,Active
PROD0002819,facere debitis,Sports,Apparel,LG,2205.1,3843.56,4691,Active
PROD0002820,dolores modi,Home & Kitchen,Furniture,Apple,1829.21,2553.86,603,Inactive
PROD0002821,quis temporibus,Beauty,Makeup,Samsung,539.47,2606.43,2389,Active
PROD0002822,dicta similique,Sports,Footwear,Sony,4715.22,6426.42,3907,Inactive
PROD0002823,unde dolorum,Fashion,Kids,Xiaomi,2550.08,5865.11,360,Inactive
PROD0002824,minus magnam,Home & Kitchen,Furniture,Apple,2943.01,9612.08,1184,Active
PROD0002825,quis quisquam,Electronics,Accessories,Samsung,2528.0,3553.3,4656,Active
PROD0002826,consequuntur fugiat,Grocery,Snacks,Sony,1382.24,8434.15,3397,Active
PROD0002827,reiciendis ex,Sports,Equipment,,4650.59,608.89,3112,Active
PROD0002828,eveniet atque,Grocery,Fruits,Samsung,4294.47,9082.48,2948,Discontinued
PROD0002829,quas architecto,Electronics,Accessories,Sony,2807.73,8753.23,2713,Discontinued
PROD0002830,reiciendis nobis,Electronics,Laptops,Apple,2796.56,6105.38,4601,Active
PROD0002831,illum laudantium,Sports,Footwear,LG,1586.79,5799.59,585,Inactive
PROD0002832,ipsum sed,Beauty,Skincare,LG,3692.49,8140.64,1647,Active
PROD0002833,velit nam,Electronics,Tablets,Samsung,4170.22,5124.48,3332,Active
PROD0002834,necessitatibus quidem,Beauty,Skincare,OnePlus,1415.11,6915.41,1656,Inactive
PROD0002835,voluptatem aut,Home & Kitchen,Cookware,Generic,3572.11,726.64,2856,Discontinued
PROD0002836,aperiam corrupti,Fashion,Shoes,Sony,3661.17,-100.0,137,Discontinued
PROD0002837,quod quas,Electronics,Mobiles,OnePlus,3053.02,3093.23,4835,Discontinued
PROD0002838,dicta ipsam,Grocery,Vegetables,Generic,3099.56,6211.66,4368,Inactive
PROD0002839,harum quisquam,Sports,Apparel,Generic,2213.09,6744.98,242,Inactive
PROD0002840,eos minima,Home & Kitchen,Cookware,LG,2385.53,2773.79,435,Discontinued
PROD0002841,expedita voluptates,Home & Kitchen,Furniture,Xiaomi,1679.28,2694.94,4284,Inactive
PROD0002842,quo minima,Electronics,Mobiles,Xiaomi,1244.72,9450.12,3952,Discontinued
PROD0002843,cupiditate sit,Home & Kitchen,Decor,Xiaomi,3492.44,2246.02,4226,Inactive
PROD0002844,repellat accusantium,Fashion,Kids,LG,110.37,4514.68,3686,Active
PROD0002845,repellat commodi,Fashion,Kids,Apple,2742.65,2357.7,4090,Inactive
PROD0002846,harum voluptas,Home & Kitchen,Appliances,Samsung,3990.54,8518.79,3977,Active
PROD0002847,repellendus rerum,Beauty,Skincare,Xiaomi,2767.54,390.99,602,Active
PROD0002848,sapiente culpa,Beauty,Haircare,LG,2420.32,1772.01,4580,Inactive
PROD0002849,blanditiis beatae,Electronics,Mobiles,Xiaomi,4099.49,4471.97,489,Discontinued
PROD0002850,pariatur magnam,Fashion,Women,OnePlus,1405.07,2590.8,2762,Discontinued
PROD0002851,autem dignissimos,Electronics,Tablets,Samsung,2365.74,906.86,3711,Active
PROD0002852,doloremque vel,Sports,Equipment,Generic,3637.75,6102.65,925,Inactive
PROD0002853,a iusto,Home & Kitchen,Furniture,Xiaomi,4075.83,4952.59,4311,Active
PROD0002854,voluptatibus ipsa,Grocery,Fruits,,3198.76,5340.79,3380,Discontinued
PROD0002855,quas illum,Beauty,Skincare,LG,4254.24,1896.3,296,Inactive
PROD0002856,dignissimos vel,Electronics,Tablets,Samsung,3762.55,179.81,2632,Discontinued
PROD0002857,asperiores laboriosam,Sports,Footwear,Xiaomi,346.76,2513.61,2704,Inactive
PROD0002858,aut occaecati,Fashion,Men,Sony,1927.36,1962.2,1353,Active
PROD0002859,impedit eos,Home & Kitchen,Appliances,OnePlus,1701.95,9636.5,3763,Active
PROD0002860,placeat error,Home & Kitchen,Decor,Sony,4225.06,2464.39,619,Discontinued
PROD0002861,in ullam,Grocery,Snacks,Sony,1234.87,5687.9,2703,Active
PROD0002862,non dolore,Fashion,Men,Apple,2737.1,8678.97,1687,Active
PROD0002863,expedita temporibus,Sports,Apparel,,1791.72,3380.56,4510,Active
PROD0002864,atque assumenda,Electronics,Accessories,LG,1828.52,7356.33,3751,Discontinued
PROD0002865,porro quae,Beauty,Haircare,Samsung,516.14,2118.6,4991,Active
PROD0002866,aspernatur repellendus,Electronics,Laptops,Generic,1766.51,2874.83,1008,Inactive
PROD0002867,quod blanditiis,Beauty,Makeup,OnePlus,3860.55,9994.29,1419,Inactive
PROD0002868,assumenda sed,Sports,Apparel,LG,2290.95,8636.34,1016,Discontinued
PROD0002869,a quaerat,Beauty,Skincare,Apple,1790.01,2329.84,2645,Discontinued
PROD0002870,nisi numquam,Fashion,Kids,,640.68,7450.74,3193,Inactive
PROD0002871,nulla doloremque,Fashion,Women,Apple,4717.84,582.69,3898,Inactive
PROD0002872,error voluptatum,Electronics,Laptops,Apple,3571.63,3092.67,1336,Discontinued
PROD0002873,deleniti esse,Fashion,Kids,Generic,3720.81,2322.45,493,Discontinued
PROD0002874,doloremque ab,Grocery,Snacks,,3142.9,1023.13,2742,Discontinued
PROD0002875,delectus accusamus,Grocery,Fruits,OnePlus,2819.92,4738.12,4866,Inactive
PROD0002876,quibusdam unde,Beauty,Skincare,LG,384.84,8080.35,1659,Active
PROD0002877,autem reiciendis,Home & Kitchen,Cookware,LG,4081.57,8348.36,3753,Discontinued
PROD0002878,error repellendus,Grocery,Dairy,Sony,1065.38,6272.81,964,Discontinued
PROD0002879,deleniti ad,Electronics,Laptops,Sony,1900.12,7075.97,4834,Inactive
PROD0002880,optio adipisci,Grocery,Dairy,Sony,1028.48,7050.65,4354,Inactive
PROD0002881,expedita repellendus,Beauty,Makeup,Generic,605.38,668.99,2224,Active
PROD0002882,laboriosam omnis,Beauty,Haircare,LG,3201.52,3553.85,4847,Inactive
PROD0002883,quia incidunt,Beauty,Haircare,Samsung,2413.22,637.71,4158,Active
PROD0002884,accusantium voluptates,Grocery,Vegetables,Apple,4334.76,6763.55,311,Discontinued
PROD0002885,quasi molestias,Electronics,Laptops,OnePlus,1740.56,2973.05,1234,Active
PROD0002886,cumque deserunt,Fashion,Women,LG,2076.15,3831.48,166,Active
PROD0002887,minima ullam,Sports,Equipment,Apple,727.07,2623.5,4735,Discontinued
PROD0002888,impedit aperiam,Beauty,Skincare,Samsung,3633.37,1858.51,1929,Active
PROD0002889,dignissimos laudantium,Fashion,Men,Samsung,3636.62,1595.46,3245,Discontinued
PROD0002890,quia debitis,Electronics,Accessories,Sony,3501.38,4076.3,1836,Discontinued
PROD0002891,deserunt modi,Beauty,Makeup,LG,4256.25,6183.36,1242,Discontinued
PROD0002892,nemo commodi,Beauty,Makeup,LG,2752.68,791.53,4534,Inactive
PROD0002893,incidunt itaque,Grocery,Fruits,Xiaomi,1753.25,2857.44,685,Inactive
PROD0002894,itaque eius,Beauty,Makeup,Samsung,3836.87,1876.22,2896,Inactive
PROD0002895,quisquam optio,Fashion,Women,Samsung,3137.51,2084.69,3839,Discontinued
PROD0002896,odio cum,Fashion,Men,OnePlus,2428.75,9049.33,4734,Discontinued
PROD0002897,esse earum,Fashion,Kids,Samsung,2818.5,2909.65,678,Discontinued
PROD0002898,id alias,Sports,Footwear,Generic,3538.22,1832.98,2098,Discontinued
PROD0002899,aperiam saepe,Beauty,Haircare,,2362.44,6044.54,3872,Active
PROD0002900,tempore quaerat,Beauty,Skincare,Generic,4215.51,2640.29,104,Inactive
PROD0002901,deleniti reprehenderit,Home & Kitchen,Cookware,,453.31,5431.17,331,Inactive
PROD0002902,quaerat velit,Fashion,Men,Sony,126.79,3723.56,750,Inactive
PROD0002903,ex doloribus,Grocery,Vegetables,Apple,3551.88,4475.96,1663,Discontinued
PROD0002904,dolores asperiores,Grocery,Snacks,Xiaomi,3193.62,2211.33,2904,Active
PROD0002905,voluptate sapiente,Grocery,Fruits,Samsung,3349.53,1368.1,2938,Discontinued
PROD0002906,nisi voluptatibus,Home & Kitchen,Decor,LG,393.72,9138.66,4797,Discontinued
PROD0002907,laboriosam libero,Sports,Equipment,Generic,692.44,1695.09,2928,Active
PROD0002908,vitae aut,Sports,Equipment,Apple,426.9,9116.76,4131,Discontinued
PROD0002909,aut omnis,Electronics,Mobiles,Apple,1478.77,2730.42,606,Active
PROD0002910,itaque rerum,Sports,Apparel,,2445.49,5824.14,4878,Active
PROD0002911,pariatur quam,Fashion,Men,Xiaomi,1131.84,2571.4,529,Discontinued
PROD0002912,autem expedita,Electronics,Accessories,OnePlus,3547.47,5122.76,3960,Discontinued
PROD0002913,ad architecto,Sports,Apparel,Sony,4036.44,2630.62,4687,Discontinued
PROD0002914,perferendis perferendis,Grocery,Vegetables,Sony,1713.19,553.31,3428,Inactive
PROD0002915,praesentium at,Sports,Apparel,Xiaomi,2110.19,3733.49,2552,Inactive
PROD0002916,velit vel,Sports,Footwear,LG,716.97,8290.34,1975,Discontinued
PROD0002917,cupiditate voluptatem,Sports,Apparel,,408.66,744.74,1231,Active
PROD0002918,excepturi fuga,Electronics,Laptops,OnePlus,1194.35,8140.47,2421,Inactive
PROD0002919,possimus excepturi,Sports,Footwear,Samsung,4840.21,3624.86,2202,Discontinued
PROD0002920,repellat ut,Beauty,Skincare,Generic,1435.43,2859.71,4144,Active
PROD0002921,odio praesentium,Home & Kitchen,Cookware,OnePlus,871.68,8883.42,740,Discontinued
PROD0002922,delectus fuga,Electronics,Laptops,LG,2048.69,1048.33,4959,Active
PROD0002923,repellendus totam,Sports,Equipment,OnePlus,3021.39,1001.37,1221,Inactive
PROD0002924,possimus eum,Sports,Equipment,OnePlus,3885.08,9111.8,3486,Inactive
PROD0002925,eligendi non,Sports,Equipment,Apple,3452.96,8417.46,641,Active
PROD0002926,et vel,Home & Kitchen,Cookware,OnePlus,4234.73,4790.23,2312,Inactive
PROD0002927,exercitationem accusantium,Grocery,Vegetables,Sony,765.62,720.62,3349,Active
PROD0002928,blanditiis earum,Fashion,Kids,Sony,2167.69,1969.12,3767,Inactive
PROD0002929,fugiat necessitatibus,Home & Kitchen,Decor,,838.08,4319.72,2465,Discontinued
PROD0002930,magnam officia,Home & Kitchen,Furniture,,420.34,9688.69,1384,Active
PROD0002931,sed numquam,Grocery,Fruits,LG,107.02,2508.96,1076,Inactive
PROD0002932,dolore dolor,Beauty,Makeup,OnePlus,2522.28,606.76,1348,Active
PROD0002933,cumque aliquid,Beauty,Skincare,LG,1868.36,7832.8,4037,Inactive
PROD0002934,eum mollitia,Beauty,Makeup,,1199.35,9611.93,1646,Inactive
PROD0002935,accusantium autem,Fashion,Men,,4122.7,4253.74,600,Inactive
PROD0002936,quo accusamus,Electronics,Mobiles,Sony,3813.16,7245.64,4011,Discontinued
PROD0002937,sapiente corporis,Grocery,Dairy,,4361.81,8068.55,2458,Inactive
PROD0002938,dolore fugit,Home & Kitchen,Cookware,Sony,4459.91,2774.22,4809,Inactive
PROD0002939,explicabo corporis,Beauty,Haircare,OnePlus,3741.16,8636.14,3703,Active
PROD0002940,omnis iusto,Home & Kitchen,Cookware,Samsung,4126.49,8052.31,3013,Discontinued
PROD0002941,nemo quos,Sports,Apparel,Apple,4141.73,1510.63,1262,Discontinued
PROD0002942,reprehenderit ipsa,Electronics,Tablets,Samsung,4644.56,7660.58,949,Discontinued
PROD0002943,accusantium porro,Home & Kitchen,Cookware,Apple,2817.16,1747.77,4357,Active
PROD0002944,ullam ab,Beauty,Makeup,Generic,3577.92,2501.25,120,Inactive
PROD0002945,placeat occaecati,Fashion,Men,Xiaomi,3543.91,1337.1,1415,Inactive
PROD0002946,ullam corporis,Beauty,Skincare,Sony,313.07,9261.61,2033,Active
PROD0002947,aperiam ea,Sports,Apparel,Samsung,1202.18,688.72,35,Inactive
PROD0002948,et tempore,Sports,Equipment,OnePlus,935.59,9014.0,454,Inactive
PROD0002949,excepturi esse,Grocery,Fruits,Samsung,854.15,302.86,4566,Inactive
PROD0002950,nemo asperiores,Grocery,Vegetables,Xiaomi,1723.14,5239.1,967,Inactive
PROD0002951,sunt corrupti,Grocery,Fruits,Sony,1972.96,6209.48,3256,Discontinued
PROD0002952,voluptate fugit,Home & Kitchen,Furniture,Generic,3766.02,7549.69,3094,Inactive
PROD0002953,tenetur officiis,Beauty,Makeup,LG,639.07,4049.16,940,Active
PROD0002954,quod minima,Sports,Footwear,OnePlus,4001.48,6480.07,2412,Inactive
PROD0002955,quaerat beatae,Home & Kitchen,Furniture,Samsung,4525.21,3015.04,3585,Discontinued
PROD0002956,ducimus sit,Sports,Footwear,Generic,1433.4,6399.84,1054,Discontinued
PROD0002957,odio a,Grocery,Snacks,LG,4796.27,6156.37,1159,Inactive
PROD0002958,illum exercitationem,Fashion,Shoes,Generic,1048.08,4499.85,3141,Discontinued
PROD0002959,molestias sapiente,Grocery,Dairy,Generic,4589.07,9001.0,4185,Inactive
PROD0002960,odit molestiae,Sports,Apparel,Samsung,1068.58,1418.81,1372,Discontinued
PROD0002961,quidem eveniet,Grocery,Fruits,Apple,2556.03,9119.86,4733,Inactive
PROD0002962,nisi adipisci,Beauty,Skincare,Generic,4196.65,999999.0,2137,Inactive
PROD0002963,eaque quod,Home & Kitchen,Furniture,Apple,4434.94,9546.38,592,Active
PROD0002964,maxime unde,Beauty,Haircare,OnePlus,1962.84,2640.21,253,Inactive
PROD0002965,molestiae consequatur,Grocery,Vegetables,Xiaomi,342.87,6771.2,2743,Discontinued
PROD0002966,unde ea,Home & Kitchen,Cookware,Apple,2586.71,3402.95,2801,Discontinued
PROD0002967,explicabo sapiente,Beauty,Haircare,Generic,4866.38,2970.22,4358,Active
PROD0002968,inventore aliquam,Sports,Apparel,LG,4598.11,8836.6,3196,Inactive
PROD0002969,commodi officia,Home & Kitchen,Appliances,Samsung,3653.4,7572.8,2909,Discontinued
PROD0002970,cumque eius,Fashion,Shoes,Generic,323.71,564.12,3793,Discontinued
PROD0002971,vel cum,Sports,Equipment,Sony,348.37,940.85,3505,Inactive
PROD0002972,repudiandae aliquam,Grocery,Fruits,Generic,4392.85,901.5,416,Active
PROD0002973,recusandae suscipit,Beauty,Haircare,Generic,3252.12,7897.58,1699,Active
PROD0002974,in quo,Beauty,Haircare,,994.57,5280.65,3699,Discontinued
PROD0002975,rerum tenetur,Electronics,Laptops,LG,4429.04,5101.41,3815,Inactive
PROD0002976,reprehenderit magni,Electronics,Tablets,LG,1322.07,6780.02,1803,Discontinued
PROD0002977,dignissimos inventore,Electronics,Mobiles,Sony,1669.73,3741.23,4638,Inactive
PROD0002978,corporis perspiciatis,Electronics,Mobiles,Sony,4852.53,9578.88,4185,Inactive
PROD0002979,voluptas facilis,Grocery,Dairy,Xiaomi,2374.81,3196.38,3395,Active
PROD0002980,dolorum quis,Grocery,Fruits,Sony,802.37,5606.15,3509,Inactive
PROD0002981,totam facilis,Grocery,Vegetables,Samsung,4078.24,3249.54,2208,Discontinued
PROD0002982,mollitia assumenda,Home & Kitchen,Decor,Sony,2922.38,2088.11,2200,Inactive
PROD0002983,sunt voluptates,Electronics,Laptops,Sony,1716.48,7924.35,3557,Discontinued
PROD0002984,exercitationem natus,Sports,Footwear,,2669.93,1499.13,1803,Active
PROD0002985,architecto sapiente,Electronics,Mobiles,Sony,3005.36,3775.55,1393,Discontinued
PROD0002986,assumenda ratione,Fashion,Women,Xiaomi,1593.51,9250.1,203,Inactive
PROD0002987,nobis tempore,Sports,Equipment,LG,1165.7,8077.19,621,Inactive
PROD0002988,nam beatae,Grocery,Snacks,Samsung,4086.82,1314.44,1273,Discontinued
PROD0002989,eius ducimus,Beauty,Haircare,Xiaomi,2082.5,3889.27,3309,Discontinued
PROD0002990,sunt rerum,Home & Kitchen,Furniture,Apple,2643.24,4494.99,2386,Active
PROD0002991,possimus sequi,Electronics,Accessories,Samsung,244.37,7073.69,678,Inactive
PROD0002992,facilis corporis,Home & Kitchen,Furniture,Xiaomi,802.72,9214.75,2408,Discontinued
PROD0002993,consequuntur itaque,Fashion,Men,OnePlus,1176.63,8237.31,668,Inactive
PROD0002994,quos ut,Beauty,Makeup,,4508.49,4645.76,3860,Discontinued
PROD0002995,deleniti totam,Fashion,Men,OnePlus,1551.98,-500.0,1721,Discontinued
PROD0002996,earum fugit,Beauty,Skincare,LG,4206.64,3934.75,1524,Inactive
PROD0002997,dolorem explicabo,Grocery,Vegetables,OnePlus,2389.32,4545.53,2647,Active
PROD0002998,ipsam provident,Sports,Footwear,Generic,1881.47,9976.3,1689,Active
PROD0002999,deleniti odit,Sports,Footwear,OnePlus,134.71,2080.5,3908,Discontinued
PROD0003000,quidem fugiat,Electronics,Accessories,Sony,521.38,5548.63,4066,Discontinued
PROD0003001,labore ex,Electronics,Mobiles,Generic,3587.78,5473.49,4471,Active
PROD0003002,error asperiores,Sports,Equipment,Sony,1795.9,1508.02,3331,Discontinued
PROD0003003,aliquam possimus,Fashion,Shoes,Samsung,4833.07,6666.61,2836,Active
PROD0003004,ab mollitia,Home & Kitchen,Cookware,Xiaomi,2874.1,5210.78,1104,Active
PROD0003005,nobis corporis,Beauty,Haircare,Generic,3576.71,8070.1,4801,Discontinued
PROD0003006,numquam earum,Beauty,Skincare,OnePlus,4595.42,7323.32,3058,Inactive
PROD0003007,soluta nisi,Grocery,Snacks,Apple,4000.79,7955.35,4290,Inactive
PROD0003008,necessitatibus sapiente,Home & Kitchen,Cookware,LG,1621.59,7906.52,10,Inactive
PROD0003009,pariatur iure,Fashion,Women,,1749.54,2358.86,2509,Discontinued
PROD0003010,quaerat voluptates,Beauty,Haircare,Samsung,777.84,9908.14,1403,Inactive
PROD0003011,facilis autem,Sports,Footwear,Sony,1822.14,6456.16,2320,Active
PROD0003012,laborum ad,Sports,Equipment,Sony,3096.64,4469.85,2660,Discontinued
PROD0003013,quisquam omnis,Home & Kitchen,Appliances,Samsung,3589.03,5836.88,690,Inactive
PROD0003014,aut sequi,Electronics,Laptops,Samsung,3355.42,534.09,1799,Active
PROD0003015,aliquid magnam,Beauty,Haircare,OnePlus,2353.69,6220.89,5,Active
PROD0003016,nihil officiis,Electronics,Laptops,OnePlus,1541.56,3437.23,3987,Active
PROD0003017,soluta minus,Beauty,Haircare,LG,1933.66,1537.22,1987,Inactive
PROD0003018,ea vitae,Beauty,Haircare,,1776.64,5175.98,1620,Discontinued
PROD0003019,architecto ipsa,Grocery,Vegetables,Apple,906.69,9070.71,1816,Discontinued
PROD0003020,totam dignissimos,Electronics,Mobiles,,2814.47,6746.0,4585,Discontinued
PROD0003021,voluptate incidunt,Sports,Footwear,Samsung,2840.01,3738.13,1632,Inactive
PROD0003022,aspernatur a,Home & Kitchen,Cookware,Generic,1679.22,6368.18,2763,Active
PROD0003023,aspernatur necessitatibus,Home & Kitchen,Cookware,Samsung,1854.35,6727.66,1680,Inactive
PROD0003024,dignissimos quis,Home & Kitchen,Furniture,Samsung,3100.65,2052.32,2494,Inactive
PROD0003025,quidem quis,Beauty,Makeup,Apple,1071.75,6113.87,161,Active
PROD0003026,at nesciunt,Beauty,Haircare,Generic,3151.61,1139.35,3837,Discontinued
PROD0003027,quas doloribus,Fashion,Kids,Generic,4566.4,6484.5,1880,Discontinued
PROD0003028,quod officiis,Beauty,Skincare,Sony,780.78,9405.14,2360,Active
PROD0003029,non sequi,Grocery,Snacks,Generic,979.66,4730.55,903,Active
PROD0003030,atque error,Fashion,Shoes,Xiaomi,4098.85,8964.88,3138,Inactive
PROD0003031,officiis facilis,Beauty,Skincare,Samsung,1499.8,5688.52,102,Inactive
PROD0003032,maiores rem,Electronics,Tablets,Apple,4140.11,7785.38,1101,Active
PROD0003033,repellat dolorem,Home & Kitchen,Furniture,OnePlus,455.52,2035.1,587,Discontinued
PROD0003034,veritatis fugiat,Fashion,Women,Xiaomi,2270.96,9320.22,817,Active
PROD0003035,dolorem laboriosam,Home & Kitchen,Decor,OnePlus,1727.12,2335.99,2303,Active
PROD0003036,quisquam neque,Home & Kitchen,Furniture,,2793.86,6695.03,2539,Active
PROD0003037,laboriosam inventore,Home & Kitchen,Cookware,OnePlus,2375.96,6518.43,3595,Active
PROD0003038,maiores consequuntur,Beauty,Haircare,Generic,1246.24,6935.84,1416,Inactive
PROD0003039,eaque sunt,Sports,Apparel,OnePlus,3427.24,7121.64,2657,Active
PROD0003040,mollitia quaerat,Beauty,Skincare,LG,4364.9,4117.5,1329,Discontinued
PROD0003041,sed sequi,Home & Kitchen,Furniture,LG,1630.66,6310.13,130,Active
PROD0003042,recusandae sequi,Grocery,Dairy,Generic,2689.1,4482.42,3790,Active
PROD0003043,aut eaque,Sports,Footwear,Generic,2847.33,1120.55,4366,Discontinued
PROD0003044,eius tenetur,Home & Kitchen,Decor,Generic,781.24,1670.94,1600,Active
PROD0003045,repudiandae eius,Beauty,Skincare,Apple,3285.34,2627.93,4625,Active
PROD0003046,amet non,Electronics,Accessories,Apple,206.7,7383.33,4083,Discontinued
PROD0003047,aliquam ad,Sports,Equipment,LG,1853.8,2572.94,3373,Active
PROD0003048,quia praesentium,Sports,Apparel,OnePlus,2042.0,8864.47,1903,Inactive
PROD0003049,voluptatum officia,Home & Kitchen,Cookware,OnePlus,319.53,9224.82,69,Active
PROD0003050,in rem,Beauty,Haircare,LG,1464.33,5860.4,2991,Active
PROD0003051,libero laborum,Home & Kitchen,Appliances,,3865.39,9317.3,1175,Discontinued
PROD0003052,corrupti consectetur,Electronics,Laptops,Sony,3099.92,1060.08,4219,Inactive
PROD0003053,cupiditate ullam,Electronics,Accessories,OnePlus,684.01,1458.83,3835,Discontinued
PROD0003054,laudantium reiciendis,Grocery,Vegetables,Xiaomi,4657.89,6092.43,346,Discontinued
PROD0003055,accusamus suscipit,Electronics,Accessories,OnePlus,4319.57,846.66,4367,Inactive
PROD0003056,eum recusandae,Beauty,Skincare,Xiaomi,209.27,7982.2,4072,Active
PROD0003057,adipisci quisquam,Electronics,Tablets,Sony,1468.26,2115.74,3892,Discontinued
PROD0003058,cum minus,Fashion,Women,Apple,4210.72,8809.6,316,Inactive
PROD0003059,vero dolores,Grocery,Fruits,Sony,374.07,2195.73,4771,Active
PROD0003060,ipsum dolorum,Beauty,Skincare,Generic,3529.52,4825.13,4289,Active
PROD0003061,voluptas maxime,Grocery,Fruits,Generic,2988.13,387.14,2614,Active
PROD0003062,accusantium autem,Beauty,Haircare,Apple,3373.35,7855.55,498,Inactive
PROD0003063,enim neque,Home & Kitchen,Decor,OnePlus,4115.51,1924.69,1306,Discontinued
PROD0003064,aperiam sit,Sports,Equipment,Xiaomi,4334.86,8326.82,2233,Discontinued
PROD0003065,repudiandae minima,Beauty,Makeup,Sony,929.68,3723.77,4706,Discontinued
PROD0003066,adipisci quam,Home & Kitchen,Cookware,Samsung,938.58,755.07,4347,Active
PROD0003067,perferendis necessitatibus,Fashion,Kids,Generic,1467.02,7765.22,3097,Discontinued
PROD0003068,soluta nisi,Fashion,Women,LG,340.13,1951.99,213,Discontinued
PROD0003069,ipsa tempora,Grocery,Dairy,Generic,1409.92,2075.32,2825,Active
PROD0003070,ipsum quam,Beauty,Makeup,OnePlus,4572.53,6289.06,1549,Active
PROD0003071,facere dolorem,Beauty,Makeup,LG,2227.78,786.58,4414,Discontinued
PROD0003072,perferendis repellat,Sports,Equipment,Samsung,83.06,8541.63,3529,Discontinued
PROD0003073,praesentium aperiam,Fashion,Women,Samsung,1720.34,4913.96,903,Discontinued
PROD0003074,rem dolores,Beauty,Makeup,Samsung,1300.17,9611.83,1116,Inactive
PROD0003075,quia quisquam,Beauty,Makeup,,3138.86,7879.1,664,Discontinued
PROD0003076,repellat sunt,Grocery,Dairy,,2734.21,8284.06,3336,Inactive
PROD0003077,dolorem autem,Beauty,Skincare,LG,149.85,9057.79,2668,Discontinued
PROD0003078,quibusdam suscipit,Beauty,Makeup,Apple,1201.27,4837.03,3501,Discontinued
PROD0003079,laboriosam consectetur,Grocery,Vegetables,Apple,1014.22,8876.59,1390,Active
PROD0003080,hic harum,Sports,Footwear,LG,2908.6,4542.49,2744,Active
PROD0003081,quis laborum,Beauty,Skincare,LG,1443.92,5108.53,2698,Inactive
PROD0003082,commodi cupiditate,Beauty,Skincare,Sony,3625.1,5225.18,4357,Inactive
PROD0003083,voluptatum id,Grocery,Dairy,Xiaomi,1053.15,9476.16,929,Inactive
PROD0003084,recusandae placeat,Beauty,Haircare,Apple,2803.0,7926.8,2919,Active
PROD0003085,similique laboriosam,Electronics,Mobiles,LG,4534.96,3978.34,4874,Discontinued
PROD0003086,unde perspiciatis,Fashion,Women,LG,4627.83,4449.27,1719,Inactive
PROD0003087,nulla reiciendis,Electronics,Tablets,LG,2956.75,3868.16,3922,Active
PROD0003088,tempora praesentium,Home & Kitchen,Decor,,1990.88,5750.25,4967,Active
PROD0003089,modi quisquam,Beauty,Haircare,LG,3995.68,8847.89,2997,Active
PROD0003090,odit expedita,Home & Kitchen,Appliances,LG,4180.07,8612.65,664,Discontinued
PROD0003091,molestias expedita,Home & Kitchen,Cookware,Xiaomi,335.68,6096.89,2561,Inactive
PROD0003092,fugiat culpa,Electronics,Laptops,OnePlus,1688.05,5911.03,803,Discontinued
PROD0003093,temporibus iste,Grocery,Fruits,Generic,988.51,7030.12,1323,Active
PROD0003094,dolores suscipit,Sports,Equipment,OnePlus,2481.9,4395.78,1792,Active
PROD0003095,voluptates architecto,Fashion,Shoes,,1677.29,2967.23,4791,Inactive
PROD0003096,architecto voluptates,Home & Kitchen,Cookware,Generic,3315.84,4586.45,873,Active
PROD0003097,laborum animi,Grocery,Fruits,Apple,4427.87,1733.92,1912,Active
PROD0003098,dolorum eos,Grocery,Snacks,OnePlus,1764.43,4361.07,1898,Active
PROD0003099,nostrum minus,Fashion,Women,Samsung,4414.05,5988.7,2775,Discontinued
PROD0003100,saepe exercitationem,Beauty,Haircare,LG,3191.42,1742.69,1753,Discontinued
PROD0003101,quod dolore,Beauty,Haircare,Generic,3008.23,1544.19,3183,Inactive
PROD0003102,dicta sed,Grocery,Dairy,LG,3711.21,3359.71,3598,Discontinued
PROD0003103,tempore itaque,Beauty,Haircare,OnePlus,2060.5,5791.15,1755,Active
PROD0003104,dicta ducimus,Fashion,Women,Apple,3017.54,4965.99,2083,Inactive
PROD0003105,consequuntur aliquid,Grocery,Snacks,Apple,927.22,9057.64,2257,Discontinued
PROD0003106,recusandae illum,Home & Kitchen,Decor,Generic,641.13,5769.92,3387,Active
PROD0003107,ut molestiae,Grocery,Fruits,Samsung,4647.7,1498.54,2440,Inactive
PROD0003108,nisi impedit,Sports,Footwear,OnePlus,4003.67,4316.81,2751,Discontinued
PROD0003109,eos reprehenderit,Fashion,Shoes,,948.47,8607.93,256,Inactive
PROD0003110,exercitationem veritatis,Sports,Footwear,OnePlus,3662.16,9703.04,4911,Inactive
PROD0003111,dolorum nobis,Fashion,Men,LG,3537.07,7517.06,2426,Active
PROD0003112,culpa quisquam,Sports,Footwear,OnePlus,3388.21,1109.13,2422,Inactive
PROD0003113,quaerat officia,Sports,Footwear,,2633.49,7641.19,1001,Active
PROD0003114,ullam asperiores,Electronics,Laptops,Apple,346.82,5151.21,3353,Inactive
PROD0003115,rerum nemo,Electronics,Mobiles,Apple,458.71,5909.84,3749,Active
PROD0003116,blanditiis cupiditate,Grocery,Dairy,Apple,618.95,8228.55,1079,Discontinued
PROD0003117,quidem eos,Electronics,Mobiles,Samsung,365.87,6715.63,3843,Inactive
PROD0003118,dignissimos est,Beauty,Haircare,Xiaomi,1596.55,4249.91,3288,Active
PROD0003119,vitae reprehenderit,Fashion,Men,OnePlus,2817.05,457.66,3348,Active
PROD0003120,voluptates molestiae,Fashion,Women,OnePlus,1738.53,3799.94,4714,Active
PROD0003121,a vitae,Sports,Apparel,,4442.26,1750.45,4696,Active
PROD0003122,ratione incidunt,Fashion,Men,Xiaomi,1235.44,5404.51,3315,Inactive
PROD0003123,quae consequatur,Home & Kitchen,Decor,,295.82,1071.88,4124,Discontinued
PROD0003124,adipisci similique,Grocery,Dairy,Apple,1044.64,6409.23,1399,Active
PROD0003125,similique fugiat,Home & Kitchen,Furniture,Samsung,2980.93,3496.33,3948,Active
PROD0003126,minus ab,Electronics,Tablets,,4821.84,3485.59,1356,Inactive
PROD0003127,sapiente cupiditate,Electronics,Accessories,Generic,3861.88,7646.44,2112,Inactive
PROD0003128,ea itaque,Grocery,Vegetables,OnePlus,3028.61,8182.09,3300,Active
PROD0003129,praesentium deserunt,Home & Kitchen,Decor,Apple,424.5,6709.76,4957,Discontinued
PROD0003130,debitis minus,Grocery,Fruits,LG,354.32,5060.3,4548,Active
PROD0003131,numquam illum,Sports,Equipment,,3400.67,9179.15,788,Discontinued
PROD0003132,magnam aliquam,Electronics,Accessories,Apple,2737.68,6354.01,787,Inactive
PROD0003133,dicta ad,Sports,Apparel,,4972.21,5241.5,770,Discontinued
PROD0003134,et quasi,Grocery,Vegetables,Xiaomi,2395.38,182.39,1609,Active
PROD0003135,asperiores asperiores,Home & Kitchen,Cookware,Sony,4929.0,6112.64,3341,Inactive
PROD0003136,eius incidunt,Fashion,Kids,LG,167.7,4268.36,2639,Active
PROD0003137,consequatur blanditiis,Sports,Footwear,,4210.16,2216.12,2210,Inactive
PROD0003138,harum voluptates,Grocery,Snacks,OnePlus,2870.61,4864.68,3579,Inactive
PROD0003139,molestiae repellat,Electronics,Mobiles,Xiaomi,2176.86,8818.97,4891,Discontinued
PROD0003140,exercitationem officiis,Beauty,Makeup,Samsung,4717.79,3913.57,110,Inactive
PROD0003141,beatae earum,Home & Kitchen,Appliances,Apple,2211.42,563.62,1465,Active
PROD0003142,reiciendis vitae,Beauty,Skincare,Generic,1961.35,9210.25,541,Discontinued
PROD0003143,hic error,Home & Kitchen,Decor,LG,1326.31,8094.63,4144,Discontinued
PROD0003144,ad minus,Fashion,Shoes,Generic,4134.39,7267.17,3726,Inactive
PROD0003145,sapiente molestiae,Electronics,Laptops,Apple,2433.95,7150.94,3012,Discontinued
PROD0003146,illum corporis,Beauty,Haircare,Xiaomi,4423.64,328.96,1076,Inactive
PROD0003147,laboriosam illo,Sports,Footwear,LG,4783.28,2782.14,3075,Inactive
PROD0003148,illum quos,Home & Kitchen,Decor,Samsung,1290.29,8446.53,3154,Inactive
PROD0003149,soluta facere,Beauty,Makeup,Samsung,403.53,9693.04,3704,Discontinued
PROD0003150,ratione inventore,Electronics,Laptops,Sony,2441.94,8720.71,4525,Inactive
PROD0003151,dolorum modi,Electronics,Laptops,LG,555.33,3321.26,3119,Active
PROD0003152,ducimus quaerat,Home & Kitchen,Cookware,LG,4565.48,5665.89,2319,Discontinued
PROD0003153,accusantium error,Fashion,Men,Sony,3875.8,4265.99,3631,Discontinued
PROD0003154,odit explicabo,Sports,Footwear,Apple,1128.33,8762.19,547,Inactive
PROD0003155,assumenda at,Sports,Footwear,Generic,3895.68,5509.29,3786,Discontinued
PROD0003156,quo aspernatur,Electronics,Tablets,,1254.23,1104.61,3836,Active
PROD0003157,repudiandae illo,Home & Kitchen,Decor,Samsung,4027.36,6444.93,1967,Discontinued
PROD0003158,ea fugiat,Grocery,Dairy,Apple,253.83,4943.11,592,Active
PROD0003159,voluptatem dolorem,Electronics,Laptops,LG,1745.52,9784.28,4857,Inactive
PROD0003160,ad accusantium,Grocery,Fruits,OnePlus,188.64,2668.77,3455,Active
PROD0003161,incidunt ipsam,Grocery,Dairy,Generic,327.65,1983.27,2480,Discontinued
PROD0003162,eum neque,Beauty,Makeup,Sony,1819.35,4388.04,43,Discontinued
PROD0003163,quam facilis,Beauty,Makeup,LG,222.63,2924.66,1292,Active
PROD0003164,dolores explicabo,Grocery,Dairy,,3256.42,3971.44,174,Inactive
PROD0003165,labore nobis,Beauty,Makeup,Samsung,1570.3,7599.88,2215,Active
PROD0003166,voluptate assumenda,Grocery,Dairy,Generic,3851.55,5149.15,4740,Active
PROD0003167,itaque asperiores,Grocery,Vegetables,Sony,1693.69,798.62,4450,Discontinued
PROD0003168,similique ipsum,Grocery,Fruits,,4697.02,5490.32,1082,Discontinued
PROD0003169,voluptatibus nobis,Home & Kitchen,Decor,Xiaomi,4913.2,2538.19,4453,Active
PROD0003170,illum aliquid,Beauty,Skincare,Samsung,1600.4,9165.39,976,Active
PROD0003171,pariatur ipsam,Home & Kitchen,Furniture,Apple,4739.28,457.58,4318,Inactive
PROD0003172,sint recusandae,Beauty,Haircare,Samsung,2696.8,8272.93,2624,Active
PROD0003173,hic nobis,Beauty,Makeup,Apple,3668.13,3086.26,3470,Inactive
PROD0003174,natus unde,Home & Kitchen,Cookware,Generic,1999.66,1896.13,4246,Active
PROD0003175,quisquam vitae,Home & Kitchen,Cookware,Xiaomi,2664.92,7081.02,4273,Inactive
PROD0003176,error autem,Home & Kitchen,Furniture,LG,523.35,6007.0,4300,Inactive
PROD0003177,culpa soluta,Home & Kitchen,Cookware,Sony,4721.37,4042.82,2012,Discontinued
PROD0003178,quidem tempora,Home & Kitchen,Cookware,Apple,2884.42,9322.59,4713,Discontinued
PROD0003179,autem adipisci,Home & Kitchen,Decor,LG,4135.85,2065.15,3551,Discontinued
PROD0003180,nisi et,Sports,Apparel,LG,1930.56,7629.75,672,Active
PROD0003181,quos beatae,Grocery,Fruits,,3925.96,360.43,2540,Discontinued
PROD0003182,recusandae quod,Fashion,Kids,Samsung,3679.44,4692.99,3164,Inactive
PROD0003183,nisi molestiae,Beauty,Haircare,Samsung,747.98,7334.78,4700,Discontinued
PROD0003184,labore temporibus,Electronics,Tablets,LG,2866.27,5308.62,1505,Discontinued
PROD0003185,recusandae a,Home & Kitchen,Appliances,Samsung,3993.18,5743.04,2708,Active
PROD0003186,tenetur eum,Fashion,Shoes,,299.73,6113.46,80,Active
PROD0003187,quo assumenda,Home & Kitchen,Furniture,LG,3823.84,1665.44,4818,Active
PROD0003188,officiis nesciunt,Grocery,Dairy,Apple,4668.26,5348.97,2823,Inactive
PROD0003189,minus harum,Electronics,Tablets,Apple,4812.62,1741.14,2680,Active
PROD0003190,deserunt recusandae,Beauty,Haircare,Xiaomi,2820.8,6352.81,11,Discontinued
PROD0003191,odio veritatis,Electronics,Accessories,Sony,4767.48,1291.72,1794,Inactive
PROD0003192,possimus voluptate,Grocery,Dairy,,2653.08,211.81,2251,Inactive
PROD0003193,voluptas ipsam,Beauty,Haircare,Xiaomi,240.75,908.35,905,Discontinued
PROD0003194,laboriosam vero,Electronics,Laptops,,1935.7,515.99,141,Inactive
PROD0003195,maiores magni,Sports,Apparel,,1188.98,9578.25,633,Inactive
PROD0003196,numquam perferendis,Sports,Equipment,Xiaomi,1769.67,4238.05,1969,Inactive
PROD0003197,facere dignissimos,Fashion,Kids,Apple,1127.37,3344.17,138,Discontinued
PROD0003198,ut consequatur,Home & Kitchen,Furniture,Apple,228.78,9291.88,2563,Inactive
PROD0003199,corporis reiciendis,Sports,Equipment,Xiaomi,4496.69,9701.91,1432,Active
PROD0003200,blanditiis delectus,Home & Kitchen,Furniture,Xiaomi,4869.04,9608.03,431,Active
PROD0003201,architecto ex,Fashion,Men,,1099.84,6742.51,3609,Discontinued
PROD0003202,non quidem,Beauty,Skincare,Generic,1355.02,5085.62,3251,Active
PROD0003203,consequatur consequatur,Electronics,Mobiles,,3314.53,-100.0,4372,Inactive
PROD0003204,impedit quos,Grocery,Dairy,,4685.49,4712.97,3044,Discontinued
PROD0003205,quidem non,Beauty,Haircare,OnePlus,3019.44,7315.2,2972,Discontinued
PROD0003206,dolor nulla,Beauty,Skincare,Samsung,145.17,9324.52,560,Active
PROD0003207,illo repellat,Home & Kitchen,Decor,Samsung,4332.71,1385.95,2342,Discontinued
PROD0003208,qui illo,Beauty,Haircare,LG,1082.53,3768.17,4958,Active
PROD0003209,est veritatis,Sports,Apparel,LG,4603.71,6959.42,155,Active
PROD0003210,esse fuga,Sports,Footwear,Apple,4419.27,1499.99,634,Discontinued
PROD0003211,perspiciatis culpa,Beauty,Skincare,OnePlus,3172.51,3849.58,3080,Inactive
PROD0003212,rem nisi,Sports,Apparel,OnePlus,4889.5,6122.09,4007,Discontinued
PROD0003213,delectus exercitationem,Electronics,Tablets,Apple,3847.61,3417.38,117,Active
PROD0003214,exercitationem illum,Sports,Apparel,Apple,4872.35,7528.33,1345,Active
PROD0003215,voluptate ab,Home & Kitchen,Appliances,LG,4171.95,6954.56,2647,Discontinued
PROD0003216,voluptatem nostrum,Beauty,Haircare,Sony,1121.88,2608.73,1748,Active
PROD0003217,facere facilis,Fashion,Women,Samsung,692.26,7782.0,3893,Active
PROD0003218,autem architecto,Sports,Footwear,Samsung,3180.72,3503.31,3849,Active
PROD0003219,adipisci beatae,Sports,Equipment,,3322.56,2732.07,3982,Discontinued
PROD0003220,adipisci quae,Grocery,Fruits,,1467.4,452.97,3454,Discontinued
PROD0003221,illo debitis,Sports,Equipment,Xiaomi,3952.08,7633.63,1957,Inactive
PROD0003222,minima non,Electronics,Laptops,Sony,1232.3,5347.23,1359,Active
PROD0003223,iste sint,Fashion,Shoes,Generic,2841.75,5392.45,3033,Discontinued
PROD0003224,nesciunt fuga,Sports,Apparel,LG,478.83,2109.59,4928,Discontinued
PROD0003225,illum corporis,Sports,Footwear,OnePlus,4360.03,3684.87,82,Active
PROD0003226,molestias enim,Electronics,Mobiles,Apple,2061.86,3218.21,4006,Inactive
PROD0003227,ut magnam,Grocery,Fruits,Samsung,982.16,9512.82,3390,Discontinued
PROD0003228,hic recusandae,Electronics,Mobiles,LG,1763.32,3608.93,265,Discontinued
PROD0003229,laboriosam distinctio,Sports,Equipment,OnePlus,3044.66,2471.01,1003,Active
PROD0003230,pariatur in,Sports,Apparel,LG,126.38,1788.07,1047,Active
PROD0003231,repellat ab,Sports,Footwear,Xiaomi,4037.25,5354.75,907,Inactive
PROD0003232,ullam facilis,Sports,Equipment,Samsung,2632.73,1306.09,4997,Active
PROD0003233,sit voluptatem,Grocery,Vegetables,Xiaomi,263.09,364.33,2396,Inactive
PROD0003234,dolore iure,Fashion,Kids,LG,4693.66,5382.75,4331,Discontinued
PROD0003235,beatae accusamus,Beauty,Skincare,Generic,494.64,5923.31,1892,Discontinued
PROD0003236,libero voluptatibus,Beauty,Haircare,Sony,2734.49,3906.33,2541,Discontinued
PROD0003237,mollitia iusto,Home & Kitchen,Decor,Generic,110.31,4422.87,1605,Inactive
PROD0003238,quod consectetur,Electronics,Tablets,Xiaomi,1356.76,8709.85,1129,Discontinued
PROD0003239,unde voluptatum,Beauty,Haircare,LG,1124.92,7166.05,279,Active
PROD0003240,unde incidunt,Sports,Footwear,Sony,1760.34,4845.99,3100,Active
PROD0003241,numquam asperiores,Sports,Apparel,Samsung,1803.57,5849.86,3263,Active
PROD0003242,provident sequi,Fashion,Women,Generic,2138.31,3861.57,3899,Inactive
PROD0003243,excepturi consectetur,Electronics,Accessories,Generic,2793.99,2112.13,834,Discontinued
PROD0003244,expedita iste,Beauty,Skincare,OnePlus,3533.1,4207.11,4078,Active
PROD0003245,voluptatem odio,Fashion,Shoes,OnePlus,4747.55,280.91,2571,Discontinued
PROD0003246,necessitatibus magnam,Fashion,Shoes,Xiaomi,1564.86,5666.27,2210,Active
PROD0003247,ad ex,Electronics,Laptops,Sony,4162.63,555.13,3289,Active
PROD0003248,illo rerum,Sports,Apparel,Generic,1222.45,4897.49,2842,Inactive
PROD0003249,ab sunt,Grocery,Snacks,Samsung,3530.4,3206.3,2807,Active
PROD0003250,natus tempore,Sports,Apparel,Xiaomi,330.32,6495.68,2955,Discontinued
PROD0003251,eligendi voluptate,Electronics,Mobiles,Xiaomi,2881.44,3727.83,4121,Inactive
PROD0003252,neque asperiores,Fashion,Shoes,,2806.06,2716.87,4958,Active
PROD0003253,voluptatum tenetur,Grocery,Fruits,LG,498.08,621.84,3080,Inactive
PROD0003254,dolorum repellendus,Sports,Apparel,Xiaomi,4312.01,3670.3,4887,Inactive
PROD0003255,dicta repellat,Electronics,Accessories,Apple,292.56,3579.32,1152,Active
PROD0003256,in impedit,Sports,Footwear,Generic,3595.12,429.23,268,Discontinued
PROD0003257,optio labore,Fashion,Shoes,Apple,4767.14,5476.75,1873,Discontinued
PROD0003258,rem magni,Sports,Equipment,Generic,1659.4,2147.19,664,Inactive
PROD0003259,sequi eum,Beauty,Skincare,Generic,3194.52,1967.64,2119,Active
PROD0003260,distinctio sequi,Home & Kitchen,Furniture,OnePlus,3267.37,4661.94,4418,Active
PROD0003261,alias exercitationem,Grocery,Snacks,Xiaomi,834.58,6396.09,4698,Discontinued
PROD0003262,magni repudiandae,Electronics,Mobiles,Sony,776.19,629.55,4071,Discontinued
PROD0003263,provident rerum,Beauty,Skincare,,2414.05,2469.26,2983,Active
PROD0003264,qui soluta,Electronics,Tablets,Samsung,263.19,165.01,4626,Discontinued
PROD0003265,sit ea,Sports,Equipment,Samsung,1173.58,3843.68,3399,Inactive
PROD0003266,neque natus,Home & Kitchen,Appliances,LG,1665.74,4763.95,4388,Discontinued
PROD0003267,necessitatibus quo,Fashion,Men,,4463.71,3261.08,1701,Discontinued
PROD0003268,sequi hic,Fashion,Women,Generic,311.61,4834.94,973,Active
PROD0003269,ipsum quo,Electronics,Accessories,,4108.82,6408.05,2724,Discontinued
PROD0003270,eos repudiandae,Sports,Equipment,LG,1015.99,2168.21,4680,Discontinued
PROD0003271,impedit modi,Fashion,Women,Xiaomi,1673.18,7975.55,816,Active
PROD0003272,impedit cumque,Home & Kitchen,Furniture,Xiaomi,1163.53,9408.17,2966,Active
PROD0003273,nulla saepe,Home & Kitchen,Appliances,Sony,4700.82,4827.36,4194,Inactive
PROD0003274,repudiandae tempora,Grocery,Snacks,Xiaomi,132.68,727.31,2396,Discontinued
PROD0003275,reprehenderit aliquid,Grocery,Fruits,Samsung,4765.09,8376.26,475,Active
PROD0003276,eligendi itaque,Beauty,Haircare,Generic,1333.56,2098.63,2446,Active
PROD0003277,blanditiis ab,Fashion,Women,LG,1682.18,9374.99,4921,Active
PROD0003278,optio ducimus,Sports,Apparel,Samsung,3009.01,357.75,1432,Discontinued
PROD0003279,eos quam,Home & Kitchen,Cookware,,4413.71,4212.29,1614,Active
PROD0003280,nostrum facere,Fashion,Men,Generic,268.48,2900.82,1147,Discontinued
PROD0003281,animi voluptatem,Beauty,Skincare,Xiaomi,2146.09,6921.08,4140,Active
PROD0003282,fugit deserunt,Grocery,Vegetables,Generic,1179.98,999999.0,2164,Active
PROD0003283,numquam expedita,Grocery,Vegetables,Generic,4885.74,8029.49,3809,Active
PROD0003284,officia aliquam,Beauty,Haircare,OnePlus,2687.57,6510.67,2361,Active
PROD0003285,nesciunt blanditiis,Fashion,Men,LG,2486.17,4133.35,2566,Active
PROD0003286,ad quae,Electronics,Accessories,Apple,1541.69,846.26,4857,Discontinued
PROD0003287,sequi esse,Fashion,Kids,Apple,3790.76,9926.73,729,Inactive
PROD0003288,officia dolores,Home & Kitchen,Appliances,OnePlus,2180.66,3253.86,4797,Discontinued
PROD0003289,architecto voluptatibus,Fashion,Women,Apple,976.14,879.68,4673,Inactive
PROD0003290,accusamus molestiae,Fashion,Shoes,,1894.65,1533.81,3648,Inactive
PROD0003291,quidem eaque,Home & Kitchen,Cookware,OnePlus,3279.51,3774.94,425,Discontinued
PROD0003292,blanditiis perferendis,Beauty,Skincare,Sony,4002.82,8487.53,1424,Inactive
PROD0003293,molestias consectetur,Sports,Apparel,Samsung,4644.55,5183.76,1489,Inactive
PROD0003294,voluptas pariatur,Home & Kitchen,Cookware,Xiaomi,2619.36,957.23,3710,Inactive
PROD0003295,at animi,Beauty,Makeup,Apple,2796.76,3455.57,3421,Discontinued
PROD0003296,distinctio nostrum,Fashion,Shoes,OnePlus,1867.0,4396.06,3496,Discontinued
PROD0003297,ratione iste,Sports,Equipment,Generic,294.62,2101.17,596,Active
PROD0003298,consectetur esse,Grocery,Vegetables,Generic,1368.29,1340.27,1727,Active
PROD0003299,debitis corporis,Beauty,Skincare,Sony,4677.74,5638.42,4714,Active
PROD0003300,non natus,Sports,Footwear,Apple,4898.77,7699.31,142,Inactive
PROD0003301,similique temporibus,Fashion,Men,Sony,1726.78,3353.28,1724,Discontinued
PROD0003302,iure consequuntur,Fashion,Shoes,,756.29,433.16,2727,Active
PROD0003303,iste perferendis,Fashion,Kids,Sony,4986.52,8203.52,2283,Discontinued
PROD0003304,beatae quas,Grocery,Vegetables,Sony,4283.54,7005.46,2216,Discontinued
PROD0003305,necessitatibus temporibus,Home & Kitchen,Decor,Samsung,3145.29,6481.78,4929,Inactive
PROD0003306,excepturi voluptates,Grocery,Fruits,,4442.41,4870.34,2957,Active
PROD0003307,sapiente corrupti,Fashion,Men,Samsung,1856.09,-100.0,1827,Inactive
PROD0003308,atque tempora,Home & Kitchen,Decor,Xiaomi,2324.9,5721.05,2133,Inactive
PROD0003309,libero inventore,Electronics,Tablets,Apple,1051.03,1138.79,3422,Inactive
PROD0003310,occaecati facilis,Home & Kitchen,Decor,Generic,4313.34,6945.72,2427,Discontinued
PROD0003311,quos placeat,Sports,Apparel,Xiaomi,124.67,1502.34,1531,Inactive
PROD0003312,cupiditate nesciunt,Electronics,Tablets,OnePlus,1342.49,5024.83,4407,Inactive
PROD0003313,necessitatibus odit,Grocery,Dairy,,1825.37,5366.21,3544,Inactive
PROD0003314,consequuntur dignissimos,Electronics,Laptops,OnePlus,4122.8,1675.3,2626,Discontinued
PROD0003315,aliquid aliquid,Fashion,Shoes,Xiaomi,2514.24,1882.25,2615,Inactive
PROD0003316,adipisci vel,Grocery,Dairy,,4773.9,756.02,2731,Inactive
PROD0003317,debitis suscipit,Grocery,Fruits,LG,1368.98,8794.84,4816,Discontinued
PROD0003318,officia nam,Sports,Equipment,Samsung,1391.04,3809.45,859,Discontinued
PROD0003319,labore repellendus,Beauty,Haircare,LG,515.36,7844.99,4184,Inactive
PROD0003320,id illo,Electronics,Accessories,Samsung,2856.62,477.21,1453,Active
PROD0003321,illo hic,Sports,Footwear,Samsung,4402.27,3533.85,1852,Active
PROD0003322,corrupti ipsum,Grocery,Vegetables,Sony,1353.45,1289.64,4140,Active
PROD0003323,exercitationem eaque,Beauty,Haircare,LG,1189.56,786.55,2982,Inactive
PROD0003324,voluptate eius,Beauty,Skincare,LG,1507.25,6208.29,4172,Inactive
PROD0003325,accusamus error,Beauty,Haircare,Samsung,2268.32,5218.76,2784,Inactive
PROD0003326,a delectus,Grocery,Fruits,Sony,2867.77,4489.75,1168,Inactive
PROD0003327,deserunt error,Home & Kitchen,Decor,LG,3960.01,1989.45,3358,Inactive
PROD0003328,voluptatum saepe,Fashion,Kids,Apple,4106.15,1904.39,2567,Inactive
PROD0003329,corporis suscipit,Electronics,Tablets,,57.43,5648.92,3950,Inactive
PROD0003330,doloremque deserunt,Electronics,Tablets,Samsung,3589.56,380.74,244,Discontinued
PROD0003331,laudantium expedita,Electronics,Mobiles,OnePlus,890.97,8216.27,4246,Discontinued
PROD0003332,consequatur ipsam,Fashion,Shoes,LG,4570.62,9909.92,303,Inactive
PROD0003333,harum minus,Beauty,Haircare,Samsung,3710.38,8185.01,3845,Active
PROD0003334,quisquam vel,Sports,Apparel,Sony,3342.82,2714.15,1940,Discontinued
PROD0003335,vitae ad,Fashion,Men,Sony,4301.08,3440.38,3979,Active
PROD0003336,eos est,Fashion,Shoes,Xiaomi,1849.03,3772.59,1478,Discontinued
PROD0003337,temporibus deleniti,Home & Kitchen,Furniture,Xiaomi,2711.89,5097.61,4325,Active
PROD0003338,quaerat facere,Beauty,Skincare,Generic,2268.7,2378.67,922,Inactive
PROD0003339,saepe voluptatibus,Beauty,Haircare,Xiaomi,2569.63,2612.89,3321,Active
PROD0003340,temporibus nulla,Electronics,Accessories,,307.6,5567.39,1175,Inactive
PROD0003341,libero quisquam,Fashion,Women,Samsung,1070.74,5062.3,3691,Inactive
PROD0003342,quos fugiat,Beauty,Skincare,,3228.17,157.81,1590,Discontinued
PROD0003343,cupiditate velit,Fashion,Men,Sony,4533.04,4265.85,669,Active
PROD0003344,ratione ex,Beauty,Haircare,Apple,4476.4,3944.23,4945,Active
PROD0003345,id delectus,Beauty,Makeup,Sony,3774.7,8592.0,314,Inactive
PROD0003346,fugiat praesentium,Sports,Equipment,Sony,3977.94,7223.12,2956,Inactive
PROD0003347,voluptas possimus,Electronics,Laptops,Generic,1815.81,5677.74,2660,Inactive
PROD0003348,tempora adipisci,Electronics,Mobiles,Apple,351.89,5828.37,4367,Active
PROD0003349,aliquid officiis,Beauty,Haircare,,4210.01,8778.16,2269,Inactive
PROD0003350,et mollitia,Electronics,Tablets,,4350.03,7642.62,1457,Active
PROD0003351,odio porro,Beauty,Makeup,Generic,2960.26,9664.24,1380,Discontinued
PROD0003352,iste itaque,Sports,Apparel,,856.1,5014.86,1801,Active
PROD0003353,sapiente modi,Fashion,Kids,Apple,4278.49,8580.39,3074,Active
PROD0003354,unde corporis,Electronics,Laptops,Xiaomi,1839.02,2632.33,990,Discontinued
PROD0003355,voluptatibus labore,Beauty,Haircare,Samsung,1698.38,8888.24,4629,Inactive
PROD0003356,eum quos,Fashion,Men,Samsung,4048.65,8782.1,4338,Inactive
PROD0003357,pariatur dolorum,Beauty,Skincare,Apple,3944.36,7731.44,3933,Discontinued
PROD0003358,modi officia,Electronics,Laptops,Samsung,4054.31,9909.55,694,Active
PROD0003359,quasi eius,Fashion,Kids,,3435.41,9051.45,3557,Discontinued
PROD0003360,fugiat minima,Beauty,Haircare,Xiaomi,2508.28,2828.23,3468,Active
PROD0003361,in consectetur,Sports,Equipment,Samsung,4853.39,5353.33,1669,Active
PROD0003362,maxime in,Electronics,Laptops,Generic,2768.91,6157.24,2557,Discontinued
PROD0003363,vel itaque,Sports,Apparel,Apple,4394.18,3034.93,437,Inactive
PROD0003364,impedit labore,Home & Kitchen,Cookware,LG,3767.19,5303.88,782,Inactive
PROD0003365,dicta veniam,Electronics,Tablets,,656.77,5990.33,2321,Active
PROD0003366,saepe excepturi,Grocery,Vegetables,OnePlus,4955.91,7892.49,2323,Active
PROD0003367,neque accusantium,Sports,Apparel,Sony,4635.83,3876.4,2248,Discontinued
PROD0003368,consequuntur officiis,Fashion,Men,Generic,2831.47,2186.64,887,Discontinued
PROD0003369,amet excepturi,Fashion,Women,Xiaomi,4565.69,2061.94,2479,Discontinued
PROD0003370,iusto unde,Beauty,Skincare,Apple,1603.15,5678.58,4079,Discontinued
PROD0003371,consectetur libero,Fashion,Women,Xiaomi,3461.0,7146.05,2585,Active
PROD0003372,occaecati sit,Beauty,Skincare,,2222.27,3579.15,423,Active
PROD0003373,quibusdam porro,Grocery,Fruits,Apple,3752.96,-500.0,3890,Active
PROD0003374,nobis assumenda,Sports,Equipment,LG,2039.17,6116.63,795,Active
PROD0003375,a fugit,Sports,Apparel,OnePlus,357.46,2284.02,479,Discontinued
PROD0003376,illum reprehenderit,Home & Kitchen,Furniture,Samsung,196.09,8647.25,3551,Active
PROD0003377,cupiditate maxime,Grocery,Snacks,Apple,4484.31,140.51,4354,Active
PROD0003378,maiores aut,Fashion,Shoes,Generic,480.8,7525.21,2216,Active
PROD0003379,suscipit excepturi,Electronics,Mobiles,Sony,1253.47,5292.82,811,Inactive
PROD0003380,cum totam,Electronics,Laptops,Samsung,888.46,2251.24,3055,Active
PROD0003381,alias asperiores,Home & Kitchen,Decor,LG,2219.79,1254.91,1277,Inactive
PROD0003382,similique reprehenderit,Home & Kitchen,Cookware,OnePlus,4454.07,2416.25,2596,Discontinued
PROD0003383,eaque ullam,Fashion,Shoes,Sony,1403.02,765.3,4958,Inactive
PROD0003384,voluptatibus pariatur,Grocery,Dairy,Samsung,2250.41,6915.72,4574,Discontinued
PROD0003385,esse vero,Grocery,Snacks,,4857.32,759.82,4799,Inactive
PROD0003386,labore fugiat,Electronics,Laptops,LG,2184.19,384.4,881,Discontinued
PROD0003387,reiciendis corrupti,Electronics,Mobiles,Sony,3624.51,3292.21,504,Active
PROD0003388,ex enim,Electronics,Accessories,OnePlus,1265.75,7113.2,2324,Active
PROD0003389,quis eos,Grocery,Snacks,,3521.38,8357.82,3948,Discontinued
PROD0003390,necessitatibus nulla,Beauty,Makeup,LG,1243.38,2377.81,1458,Discontinued
PROD0003391,voluptate dolore,Fashion,Men,OnePlus,4901.59,6400.12,2442,Active
PROD0003392,dolores ipsa,Grocery,Fruits,OnePlus,1551.76,3805.28,1175,Active
PROD0003393,odit optio,Grocery,Snacks,Sony,2605.2,323.85,3520,Inactive
PROD0003394,voluptate ex,Grocery,Snacks,Sony,1937.74,6985.32,1658,Inactive
PROD0003395,iste exercitationem,Home & Kitchen,Furniture,Generic,369.47,1872.77,4712,Discontinued
PROD0003396,nobis numquam,Electronics,Mobiles,Samsung,4569.31,8558.33,284,Inactive
PROD0003397,incidunt tempore,Sports,Equipment,Samsung,3378.78,175.64,3814,Discontinued
PROD0003398,ab velit,Sports,Footwear,,4382.86,7226.93,4118,Active
PROD0003399,inventore saepe,Beauty,Skincare,LG,2226.31,4206.28,620,Inactive
PROD0003400,beatae eligendi,Home & Kitchen,Cookware,LG,4610.25,120.8,133,Inactive
PROD0003401,quibusdam sequi,Grocery,Snacks,Samsung,4019.2,9923.72,3752,Discontinued
PROD0003402,vero fugiat,Grocery,Fruits,,3604.0,4562.3,323,Discontinued
PROD0003403,aperiam totam,Beauty,Makeup,LG,1463.23,9093.63,2951,Discontinued
PROD0003404,ullam hic,Beauty,Skincare,,2553.17,6245.61,1593,Inactive
PROD0003405,facere eius,Grocery,Dairy,Samsung,2950.66,3163.24,1825,Discontinued
PROD0003406,numquam eveniet,Home & Kitchen,Furniture,Sony,773.95,7902.79,3899,Inactive
PROD0003407,fugiat neque,Electronics,Tablets,Samsung,3804.57,8903.44,4283,Active
PROD0003408,velit nobis,Fashion,Shoes,,232.75,476.85,142,Discontinued
PROD0003409,sint architecto,Grocery,Snacks,Apple,1651.48,2235.28,4936,Active
PROD0003410,sunt placeat,Grocery,Dairy,Generic,3438.18,5917.74,2451,Inactive
PROD0003411,temporibus vero,Electronics,Accessories,Sony,4057.27,5703.67,1936,Discontinued
PROD0003412,odio in,Beauty,Makeup,Samsung,611.01,8441.63,4640,Active
PROD0003413,corporis aspernatur,Home & Kitchen,Furniture,Generic,181.85,3378.54,4655,Inactive
PROD0003414,praesentium quos,Fashion,Shoes,Samsung,3368.29,692.18,4485,Discontinued
PROD0003415,harum tempore,Electronics,Tablets,,2497.75,4625.93,1114,Discontinued
PROD0003416,id laudantium,Beauty,Skincare,OnePlus,3320.64,7501.79,1445,Inactive
PROD0003417,beatae ad,Grocery,Fruits,OnePlus,3232.13,5377.2,4805,Active
PROD0003418,enim culpa,Grocery,Fruits,LG,4994.39,4834.08,129,Inactive
PROD0003419,laudantium quasi,Electronics,Laptops,OnePlus,3276.64,572.27,4953,Active
PROD0003420,vero natus,Home & Kitchen,Decor,,3101.88,3141.69,515,Discontinued
PROD0003421,error nisi,Home & Kitchen,Furniture,Sony,3187.87,8432.12,4637,Inactive
PROD0003422,vitae ullam,Grocery,Snacks,Sony,3356.44,3970.64,2907,Inactive
PROD0003423,non placeat,Fashion,Women,Samsung,2107.81,2426.14,1774,Discontinued
PROD0003424,enim itaque,Sports,Footwear,LG,4846.36,999999.0,2128,Active
PROD0003425,amet nisi,Grocery,Snacks,Samsung,4770.4,3314.17,3141,Discontinued
PROD0003426,eum illo,Grocery,Vegetables,Samsung,618.87,4087.76,2795,Active
PROD0003427,laborum odit,Beauty,Makeup,Apple,4174.77,160.81,4113,Inactive
PROD0003428,quam pariatur,Sports,Apparel,LG,4705.45,3179.96,4182,Active
PROD0003429,quibusdam corrupti,Grocery,Snacks,OnePlus,1431.31,8794.33,4880,Inactive
PROD0003430,illum deserunt,Fashion,Women,,1418.47,4886.83,2513,Inactive
PROD0003431,facilis eius,Home & Kitchen,Decor,OnePlus,75.57,9386.0,4045,Discontinued
PROD0003432,eaque recusandae,Beauty,Makeup,Samsung,396.81,6231.54,3053,Discontinued
PROD0003433,eveniet expedita,Grocery,Dairy,Xiaomi,1078.08,7173.25,2759,Inactive
PROD0003434,minima doloremque,Electronics,Tablets,LG,3801.82,3554.6,3892,Discontinued
PROD0003435,a iste,Sports,Equipment,,3092.8,6956.85,2642,Active
PROD0003436,eum odio,Electronics,Accessories,,3501.79,5028.4,1899,Discontinued
PROD0003437,quis provident,Electronics,Mobiles,LG,1925.31,592.77,4735,Active
PROD0003438,est ducimus,Home & Kitchen,Appliances,Apple,3889.11,3685.62,1586,Active
PROD0003439,eligendi culpa,Sports,Apparel,,846.4,4570.06,3156,Active
PROD0003440,nemo itaque,Electronics,Mobiles,Apple,382.92,2395.15,4994,Discontinued
PROD0003441,harum id,Home & Kitchen,Appliances,LG,4473.6,1658.33,4782,Inactive
PROD0003442,cumque sint,Electronics,Mobiles,Xiaomi,2364.87,4655.48,1026,Active
PROD0003443,nesciunt voluptates,Sports,Apparel,,1837.54,8179.69,4745,Inactive
PROD0003444,totam asperiores,Sports,Apparel,OnePlus,2957.09,8567.64,3202,Discontinued
PROD0003445,facere vitae,Home & Kitchen,Appliances,Generic,2954.08,5004.39,3422,Active
PROD0003446,sed repellat,Grocery,Dairy,Sony,2054.15,342.29,4894,Discontinued
PROD0003447,asperiores omnis,Beauty,Makeup,,1259.01,3364.76,623,Discontinued
PROD0003448,cupiditate ipsum,Fashion,Kids,OnePlus,1294.02,9584.52,3604,Inactive
PROD0003449,quo et,Sports,Footwear,LG,2063.69,5048.57,3076,Inactive
PROD0003450,quae nulla,Beauty,Haircare,Apple,4345.57,3585.11,69,Discontinued
PROD0003451,incidunt minima,Grocery,Fruits,Samsung,4778.79,6507.4,4813,Discontinued
PROD0003452,dolores sed,Sports,Footwear,,3841.28,3009.55,3211,Active
PROD0003453,ipsam neque,Electronics,Mobiles,Xiaomi,3554.46,6271.05,4011,Discontinued
PROD0003454,esse quae,Electronics,Laptops,OnePlus,4556.48,5959.96,931,Discontinued
PROD0003455,iusto eaque,Electronics,Accessories,Samsung,523.74,8607.3,3391,Discontinued
PROD0003456,ipsum magni,Electronics,Laptops,OnePlus,3040.86,6513.67,4595,Discontinued
PROD0003457,omnis error,Home & Kitchen,Cookware,Xiaomi,899.25,2049.88,4613,Active
PROD0003458,repellendus molestias,Beauty,Skincare,Generic,2496.74,3393.53,1245,Discontinued
PROD0003459,aspernatur numquam,Electronics,Tablets,Sony,1480.35,3422.46,827,Inactive
PROD0003460,dolores dignissimos,Sports,Apparel,Samsung,737.75,9710.69,3217,Discontinued
PROD0003461,iure at,Electronics,Laptops,LG,4534.54,4634.41,1636,Inactive
PROD0003462,deleniti velit,Electronics,Tablets,,1099.3,2940.24,2310,Inactive
PROD0003463,exercitationem ullam,Grocery,Dairy,Generic,4901.16,7758.12,3782,Active
PROD0003464,consectetur repellat,Electronics,Laptops,Sony,131.13,3897.21,462,Active
PROD0003465,dignissimos at,Home & Kitchen,Appliances,Sony,4274.62,4357.64,1655,Active
PROD0003466,velit qui,Fashion,Men,OnePlus,4739.7,5859.06,515,Active
PROD0003467,ex ipsa,Grocery,Fruits,Generic,2372.42,3717.38,4413,Inactive
PROD0003468,doloremque eligendi,Home & Kitchen,Furniture,Samsung,3921.89,8687.54,756,Discontinued
PROD0003469,iure perferendis,Sports,Footwear,LG,805.38,-500.0,488,Active
PROD0003470,nostrum est,Electronics,Mobiles,Xiaomi,3743.36,3540.69,4839,Active
PROD0003471,in odio,Grocery,Vegetables,LG,382.62,580.15,3268,Inactive
PROD0003472,unde modi,Grocery,Dairy,OnePlus,4560.78,6104.13,2774,Active
PROD0003473,eos aliquid,Fashion,Kids,OnePlus,4072.39,6601.97,3097,Inactive
PROD0003474,corrupti qui,Beauty,Makeup,Apple,4465.98,7288.83,817,Active
PROD0003475,blanditiis temporibus,Beauty,Skincare,LG,2524.66,1904.95,3134,Active
PROD0003476,voluptatum nostrum,Grocery,Fruits,Xiaomi,3803.51,4260.49,4843,Active
PROD0003477,vitae aliquam,Electronics,Tablets,Generic,4855.66,7028.44,964,Active
PROD0003478,consectetur aperiam,Grocery,Vegetables,,4322.54,4213.01,752,Active
PROD0003479,reiciendis cum,Sports,Apparel,Sony,1576.02,7514.82,2428,Active
PROD0003480,quae dolorum,Electronics,Mobiles,Samsung,2907.73,4843.02,1067,Active
PROD0003481,aspernatur fugiat,Beauty,Haircare,,1971.85,4209.4,3976,Inactive
PROD0003482,fuga unde,Beauty,Skincare,Samsung,4095.33,2910.21,4378,Active
PROD0003483,minima cumque,Home & Kitchen,Decor,LG,4913.12,999999.0,2796,Inactive
PROD0003484,voluptatem nostrum,Beauty,Makeup,Sony,4858.61,5072.75,2898,Discontinued
PROD0003485,quisquam numquam,Fashion,Men,Sony,3040.63,2175.43,1825,Active
PROD0003486,culpa iste,Grocery,Dairy,Xiaomi,1245.61,2482.44,1239,Active
PROD0003487,fuga distinctio,Sports,Footwear,Xiaomi,527.67,9572.04,1684,Inactive
PROD0003488,itaque occaecati,Beauty,Haircare,Apple,4641.38,1280.08,1931,Active
PROD0003489,natus iure,Beauty,Makeup,LG,2677.49,7852.59,3101,Inactive
PROD0003490,nihil tenetur,Home & Kitchen,Decor,Apple,4686.03,1542.87,719,Inactive
PROD0003491,nisi natus,Grocery,Fruits,OnePlus,4667.79,7686.66,211,Discontinued
PROD0003492,reiciendis deleniti,Beauty,Haircare,Samsung,2452.47,1403.32,2267,Discontinued
PROD0003493,reprehenderit debitis,Home & Kitchen,Furniture,OnePlus,2037.88,9841.84,3190,Active
PROD0003494,illum unde,Home & Kitchen,Decor,Xiaomi,4609.41,9990.56,1919,Active
PROD0003495,voluptate ullam,Home & Kitchen,Decor,Generic,1521.16,6960.87,698,Active
PROD0003496,est recusandae,Grocery,Dairy,Samsung,1948.89,9095.49,334,Inactive
PROD0003497,recusandae totam,Grocery,Vegetables,Generic,4141.41,4622.2,4025,Inactive
PROD0003498,dolorem molestias,Grocery,Fruits,Generic,2014.15,2865.22,4622,Active
PROD0003499,omnis ut,Grocery,Dairy,Xiaomi,1209.22,545.41,1760,Discontinued
PROD0003500,inventore magnam,Electronics,Tablets,OnePlus,681.55,3377.99,3664,Active
PROD0003501,minima ea,Sports,Footwear,Generic,1537.11,5072.39,1651,Discontinued
PROD0003502,debitis velit,Sports,Footwear,Samsung,1856.41,2326.01,2689,Active
PROD0003503,vel ad,Electronics,Mobiles,Samsung,1038.25,2343.37,437,Inactive
PROD0003504,mollitia eligendi,Electronics,Accessories,OnePlus,2193.69,7938.38,1478,Discontinued
PROD0003505,necessitatibus rerum,Fashion,Kids,OnePlus,2142.49,3792.99,1757,Inactive
PROD0003506,explicabo nihil,Fashion,Women,OnePlus,1368.59,4764.04,3897,Inactive
PROD0003507,necessitatibus laboriosam,Home & Kitchen,Appliances,Xiaomi,2618.8,9758.25,1767,Discontinued
PROD0003508,tempora veritatis,Electronics,Accessories,Samsung,1593.05,999999.0,1271,Inactive
PROD0003509,repellat veniam,Sports,Footwear,Generic,4697.55,8451.79,4026,Inactive
PROD0003510,a vel,Grocery,Dairy,LG,3652.41,1011.92,2832,Active
PROD0003511,odio saepe,Electronics,Laptops,LG,185.86,2869.54,2199,Inactive
PROD0003512,ratione quasi,Electronics,Laptops,Sony,4897.07,6765.29,4007,Discontinued
PROD0003513,dolores repellendus,Electronics,Accessories,OnePlus,3356.05,5213.14,3022,Discontinued
PROD0003514,reprehenderit atque,Sports,Footwear,Xiaomi,2645.34,9575.1,1644,Discontinued
PROD0003515,vitae sequi,Sports,Equipment,Sony,612.54,2427.58,2744,Discontinued
PROD0003516,neque nam,Grocery,Snacks,Generic,2870.57,2393.86,1243,Discontinued
PROD0003517,eveniet hic,Beauty,Skincare,LG,2945.36,9605.75,96,Active
PROD0003518,ex ratione,Grocery,Vegetables,Samsung,598.44,3070.49,4669,Discontinued
PROD0003519,numquam neque,Electronics,Accessories,LG,1921.88,5941.78,482,Discontinued
PROD0003520,quisquam consectetur,Fashion,Shoes,Samsung,4924.36,6796.26,462,Discontinued
PROD0003521,laboriosam id,Sports,Footwear,Samsung,2060.45,4852.04,4007,Active
PROD0003522,deleniti officia,Sports,Apparel,OnePlus,2108.87,1897.15,863,Discontinued
PROD0003523,eius quas,Grocery,Vegetables,Sony,4013.71,4279.07,3437,Discontinued
PROD0003524,in maxime,Beauty,Makeup,LG,3530.12,8982.79,2829,Inactive
PROD0003525,accusantium dolores,Grocery,Dairy,Sony,2824.6,7303.19,3107,Active
PROD0003526,numquam praesentium,Electronics,Laptops,Sony,4857.73,9330.01,132,Inactive
PROD0003527,soluta adipisci,Sports,Equipment,Samsung,1283.89,3418.78,4229,Discontinued
PROD0003528,nulla temporibus,Fashion,Men,Apple,1521.7,6915.77,1723,Discontinued
PROD0003529,magnam accusantium,Sports,Equipment,Samsung,581.31,7275.69,4750,Discontinued
PROD0003530,ipsam unde,Home & Kitchen,Decor,Samsung,1022.4,2277.67,2065,Discontinued
PROD0003531,natus earum,Fashion,Men,Xiaomi,3202.78,7843.16,1288,Discontinued
PROD0003532,numquam corrupti,Sports,Apparel,,562.62,4496.07,2659,Active
PROD0003533,neque delectus,Electronics,Tablets,Xiaomi,2255.62,9738.04,3310,Inactive
PROD0003534,deserunt corporis,Home & Kitchen,Appliances,OnePlus,676.14,4632.11,304,Inactive
PROD0003535,facere facere,Home & Kitchen,Decor,Generic,3568.64,4709.62,4878,Inactive
PROD0003536,quod odio,Beauty,Skincare,Sony,895.44,4679.23,3985,Discontinued
PROD0003537,dolorum porro,Electronics,Mobiles,,2166.96,135.09,4580,Inactive
PROD0003538,vitae reiciendis,Sports,Apparel,OnePlus,3638.27,4822.62,3793,Discontinued
PROD0003539,earum unde,Beauty,Skincare,Apple,422.81,4266.49,3942,Active
PROD0003540,eveniet beatae,Beauty,Haircare,OnePlus,3921.21,1017.82,1172,Discontinued
PROD0003541,autem odit,Grocery,Fruits,LG,3323.06,2093.06,4907,Active
PROD0003542,est ipsa,Electronics,Accessories,Xiaomi,2320.84,4271.37,4409,Discontinued
PROD0003543,eligendi eius,Sports,Footwear,,631.85,4765.44,1683,Discontinued
PROD0003544,laudantium molestias,Grocery,Snacks,Sony,1565.22,6418.98,2525,Discontinued
PROD0003545,non totam,Fashion,Men,OnePlus,4235.97,8955.53,2316,Inactive
PROD0003546,delectus cumque,Fashion,Women,Xiaomi,398.41,1404.61,2316,Active
PROD0003547,porro fuga,Electronics,Accessories,Apple,4706.16,771.96,2965,Active
PROD0003548,quisquam voluptatem,Electronics,Mobiles,Xiaomi,168.53,-100.0,3390,Inactive
PROD0003549,ea alias,Fashion,Shoes,Generic,1168.48,1497.24,36,Active
PROD0003550,voluptatem nihil,Sports,Apparel,LG,1061.17,8011.19,4887,Inactive
PROD0003551,magni unde,Home & Kitchen,Appliances,Sony,100.5,7516.23,3223,Inactive
PROD0003552,laudantium nihil,Grocery,Vegetables,Generic,4612.97,4850.18,2083,Inactive
PROD0003553,et quae,Sports,Footwear,Xiaomi,1899.78,2742.92,279,Inactive
PROD0003554,quia modi,Beauty,Makeup,Xiaomi,4172.09,4376.93,2446,Inactive
PROD0003555,repellat voluptatibus,Fashion,Men,LG,4669.38,2503.45,4210,Discontinued
PROD0003556,nobis non,Beauty,Skincare,OnePlus,3478.1,5075.01,4921,Inactive
PROD0003557,molestiae laboriosam,Fashion,Kids,OnePlus,1603.41,1038.38,405,Inactive
PROD0003558,dolorum unde,Electronics,Tablets,Xiaomi,1055.5,2493.88,3304,Active
PROD0003559,consectetur asperiores,Home & Kitchen,Decor,,1084.29,6633.37,3749,Active
PROD0003560,esse vero,Sports,Footwear,Generic,2199.36,1414.72,3039,Discontinued
PROD0003561,consequatur commodi,Home & Kitchen,Decor,OnePlus,4295.81,6761.67,839,Inactive
PROD0003562,magni voluptatum,Sports,Apparel,,3333.07,5347.02,4794,Inactive
PROD0003563,natus quas,Home & Kitchen,Appliances,LG,3731.73,4831.83,1887,Inactive
PROD0003564,aperiam nisi,Beauty,Skincare,LG,4985.51,8011.07,1651,Inactive
PROD0003565,debitis deleniti,Beauty,Skincare,Generic,2485.44,4063.4,2848,Active
PROD0003566,voluptatibus harum,Beauty,Makeup,Xiaomi,2072.73,2321.96,1018,Active
PROD0003567,tenetur quia,Home & Kitchen,Furniture,Samsung,3328.42,8315.32,46,Active
PROD0003568,sint perferendis,Fashion,Men,OnePlus,2373.86,2801.98,2715,Active
PROD0003569,numquam incidunt,Grocery,Snacks,Apple,4043.49,7172.85,1584,Discontinued
PROD0003570,modi voluptate,Fashion,Men,LG,344.1,6009.84,288,Inactive
PROD0003571,perferendis at,Fashion,Men,Sony,4199.73,3415.42,1398,Discontinued
PROD0003572,numquam architecto,Beauty,Makeup,Xiaomi,2385.16,5047.85,2361,Discontinued
PROD0003573,porro delectus,Grocery,Fruits,Generic,3534.46,4002.42,3175,Inactive
PROD0003574,harum sint,Fashion,Shoes,Samsung,930.36,4491.68,2630,Inactive
PROD0003575,corporis iste,Sports,Apparel,LG,3363.57,7488.96,1918,Active
PROD0003576,esse quia,Electronics,Laptops,,393.73,7498.05,694,Inactive
PROD0003577,quam soluta,Sports,Equipment,Samsung,85.23,6241.27,2562,Inactive
PROD0003578,doloremque ratione,Grocery,Dairy,Sony,2865.04,3054.74,381,Active
PROD0003579,dolorem perferendis,Electronics,Tablets,Samsung,3294.5,2004.26,2435,Discontinued
PROD0003580,maiores enim,Beauty,Haircare,OnePlus,3365.2,4766.95,352,Inactive
PROD0003581,officia animi,Fashion,Shoes,LG,3294.36,1348.93,4636,Inactive
PROD0003582,occaecati atque,Fashion,Women,Apple,991.32,6397.36,3313,Active
PROD0003583,consectetur reiciendis,Home & Kitchen,Appliances,LG,2179.37,852.34,3366,Inactive
PROD0003584,occaecati reprehenderit,Fashion,Men,Samsung,3771.46,4764.02,2278,Active
PROD0003585,cum rem,Fashion,Shoes,,4512.61,9846.4,2043,Active
PROD0003586,quisquam asperiores,Grocery,Fruits,LG,1704.61,2078.94,240,Active
PROD0003587,modi consequuntur,Sports,Footwear,Xiaomi,2188.95,489.28,2947,Active
PROD0003588,aspernatur nesciunt,Sports,Footwear,,170.32,7699.08,535,Inactive
PROD0003589,fugit cumque,Electronics,Laptops,Xiaomi,3326.95,6359.19,4746,Active
PROD0003590,saepe sed,Grocery,Fruits,OnePlus,1291.2,7034.92,4100,Inactive
PROD0003591,fuga consequuntur,Home & Kitchen,Decor,Samsung,3576.76,1556.65,4611,Active
PROD0003592,dignissimos enim,Fashion,Shoes,OnePlus,4674.98,7340.98,1209,Discontinued
PROD0003593,eius quia,Beauty,Makeup,LG,525.14,5131.87,4476,Inactive
PROD0003594,ad quia,Fashion,Men,OnePlus,3159.81,9191.16,3362,Inactive
PROD0003595,doloribus quo,Home & Kitchen,Appliances,Xiaomi,2603.97,7250.67,4386,Active
PROD0003596,dignissimos aspernatur,Fashion,Kids,OnePlus,3919.59,8454.04,2467,Active
PROD0003597,quae itaque,Electronics,Mobiles,Sony,470.63,6472.91,1493,Discontinued
PROD0003598,numquam neque,Electronics,Laptops,OnePlus,4993.33,5228.06,1038,Inactive
PROD0003599,voluptates possimus,Electronics,Accessories,Generic,2292.11,2362.93,4264,Inactive
PROD0003600,commodi asperiores,Sports,Footwear,Xiaomi,1337.06,681.58,1904,Discontinued
PROD0003601,doloribus repellendus,Sports,Apparel,Generic,2266.7,3582.83,4146,Active
PROD0003602,dignissimos rerum,Beauty,Makeup,Generic,1141.69,5684.07,2129,Inactive
PROD0003603,ratione eius,Grocery,Fruits,Xiaomi,3332.28,263.83,2567,Discontinued
PROD0003604,vero libero,Beauty,Makeup,OnePlus,4046.19,3880.32,4601,Inactive
PROD0003605,eaque reprehenderit,Grocery,Snacks,Xiaomi,883.51,5988.17,910,Active
PROD0003606,aperiam facere,Electronics,Mobiles,Sony,1106.48,6643.45,1721,Active
PROD0003607,rerum perferendis,Electronics,Accessories,Sony,344.43,2002.66,2257,Discontinued
PROD0003608,sunt eligendi,Beauty,Skincare,Samsung,2256.33,6857.19,1504,Active
PROD0003609,cumque pariatur,Fashion,Shoes,Apple,534.96,2331.37,385,Active
PROD0003610,soluta explicabo,Grocery,Fruits,Sony,4992.19,6460.21,629,Inactive
PROD0003611,autem quam,Beauty,Haircare,,4537.15,1270.55,3839,Discontinued
PROD0003612,totam pariatur,Beauty,Skincare,Apple,2752.91,7818.27,2440,Active
PROD0003613,recusandae ipsam,Beauty,Haircare,Samsung,1005.06,625.86,56,Inactive
PROD0003614,earum omnis,Beauty,Skincare,Xiaomi,719.71,7031.55,1005,Discontinued
PROD0003615,vitae molestiae,Sports,Apparel,Xiaomi,3090.28,8544.9,3719,Active
PROD0003616,iste cum,Electronics,Accessories,Apple,2981.52,6721.14,564,Active
PROD0003617,aliquid vero,Electronics,Tablets,Generic,1493.62,1600.09,4675,Active
PROD0003618,natus explicabo,Beauty,Skincare,Xiaomi,4445.62,-500.0,1978,Discontinued
PROD0003619,illo voluptas,Electronics,Laptops,LG,3549.79,5241.75,666,Inactive
PROD0003620,quibusdam odit,Grocery,Vegetables,,807.9,583.51,933,Active
PROD0003621,quia iure,Grocery,Dairy,Sony,532.97,973.49,1559,Inactive
PROD0003622,fugiat nobis,Grocery,Dairy,Samsung,3048.61,3503.07,1830,Inactive
PROD0003623,voluptates assumenda,Beauty,Skincare,Apple,4356.15,2667.63,405,Discontinued
PROD0003624,dignissimos sit,Home & Kitchen,Decor,Apple,1962.61,6089.35,2950,Inactive
PROD0003625,ipsa deserunt,Home & Kitchen,Cookware,Generic,4879.15,6381.38,786,Active
PROD0003626,non nihil,Fashion,Women,Apple,88.41,5576.04,4359,Inactive
PROD0003627,corrupti quasi,Grocery,Fruits,Sony,1094.16,9215.54,202,Inactive
PROD0003628,minima aliquam,Grocery,Dairy,Generic,3555.15,5150.8,1584,Discontinued
PROD0003629,neque explicabo,Beauty,Makeup,OnePlus,4472.71,7754.71,581,Discontinued
PROD0003630,unde inventore,Fashion,Women,Xiaomi,3319.65,5431.87,486,Active
PROD0003631,eius perspiciatis,Fashion,Women,OnePlus,1184.47,1218.72,4447,Discontinued
PROD0003632,corporis perspiciatis,Sports,Apparel,Xiaomi,689.12,7501.5,2374,Inactive
PROD0003633,mollitia voluptatibus,Beauty,Skincare,Sony,4420.83,783.06,4477,Active
PROD0003634,eius officiis,Electronics,Mobiles,Generic,1294.97,1394.04,4765,Active
PROD0003635,earum laborum,Home & Kitchen,Decor,Sony,4492.69,1261.0,2541,Inactive
PROD0003636,velit dicta,Electronics,Laptops,LG,3950.73,9511.52,1675,Discontinued
PROD0003637,assumenda repellat,Electronics,Accessories,Generic,4535.24,7088.56,2385,Discontinued
PROD0003638,veniam sunt,Grocery,Snacks,Samsung,1535.04,9262.97,3813,Inactive
PROD0003639,saepe repellendus,Beauty,Skincare,Samsung,1647.3,4186.56,1967,Active
PROD0003640,iure autem,Beauty,Skincare,,1344.01,8705.65,1132,Active
PROD0003641,fuga praesentium,Fashion,Kids,LG,961.18,8760.51,3712,Active
PROD0003642,incidunt atque,Grocery,Vegetables,OnePlus,1152.77,4301.61,1736,Discontinued
PROD0003643,tempore molestiae,Grocery,Dairy,Sony,3608.77,332.66,1004,Active
PROD0003644,repellat consectetur,Sports,Footwear,Generic,3169.96,3691.5,2561,Active
PROD0003645,cumque repudiandae,Grocery,Fruits,Samsung,2830.79,2712.27,278,Discontinued
PROD0003646,asperiores blanditiis,Electronics,Laptops,Samsung,3541.47,1779.13,4456,Discontinued
PROD0003647,aspernatur nisi,Electronics,Accessories,Samsung,3594.23,6326.52,1551,Inactive
PROD0003648,corrupti sint,Fashion,Men,,2838.59,3496.62,787,Inactive
PROD0003649,quod reiciendis,Home & Kitchen,Appliances,Sony,2906.62,7323.2,2715,Active
PROD0003650,mollitia doloribus,Fashion,Kids,OnePlus,3995.75,5453.93,1703,Inactive
PROD0003651,aspernatur rem,Beauty,Makeup,,2559.2,999999.0,3474,Inactive
PROD0003652,provident temporibus,Beauty,Makeup,Xiaomi,1198.34,572.35,3350,Inactive
PROD0003653,ex ullam,Home & Kitchen,Appliances,Samsung,4550.92,3003.01,3470,Active
PROD0003654,libero aliquid,Sports,Footwear,OnePlus,2321.83,7696.77,2038,Inactive
PROD0003655,exercitationem nam,Grocery,Fruits,Generic,3842.82,6992.98,4900,Discontinued
PROD0003656,tenetur veniam,Fashion,Kids,OnePlus,127.19,9014.4,4206,Discontinued
PROD0003657,fugiat vitae,Sports,Footwear,Apple,2031.65,7948.32,3733,Discontinued
PROD0003658,placeat mollitia,Grocery,Vegetables,OnePlus,1817.39,3875.6,907,Discontinued
PROD0003659,pariatur rem,Fashion,Women,Generic,871.5,6951.97,4040,Active
PROD0003660,inventore exercitationem,Fashion,Women,OnePlus,1784.11,5719.94,2443,Active
PROD0003661,culpa consequuntur,Fashion,Men,Generic,4748.1,2839.98,1278,Discontinued
PROD0003662,perspiciatis natus,Beauty,Haircare,Xiaomi,4832.88,2738.79,2263,Inactive
PROD0003663,quam quos,Sports,Equipment,,4727.41,5973.09,2821,Discontinued
PROD0003664,error illum,Beauty,Haircare,LG,4799.23,714.33,728,Inactive
PROD0003665,aperiam itaque,Electronics,Tablets,Samsung,4089.12,938.76,4348,Discontinued
PROD0003666,quod veniam,Sports,Equipment,LG,1849.43,6057.45,1075,Discontinued
PROD0003667,debitis sint,Electronics,Laptops,OnePlus,2530.77,997.71,2047,Inactive
PROD0003668,minus necessitatibus,Electronics,Accessories,Generic,3207.82,214.51,3187,Discontinued
PROD0003669,quisquam consequuntur,Fashion,Men,,2418.77,9289.55,2629,Active
PROD0003670,delectus incidunt,Electronics,Tablets,Generic,2152.78,6622.7,2338,Discontinued
PROD0003671,alias at,Home & Kitchen,Cookware,Xiaomi,4068.88,2738.46,1000,Discontinued
PROD0003672,dignissimos commodi,Sports,Footwear,,915.53,9140.94,3988,Active
PROD0003673,aperiam quos,Beauty,Skincare,,1996.2,7363.27,1574,Discontinued
PROD0003674,maiores rem,Grocery,Snacks,Generic,3057.17,5062.29,1539,Inactive
PROD0003675,a earum,Beauty,Skincare,Xiaomi,3566.46,470.42,2302,Discontinued
PROD0003676,repudiandae saepe,Grocery,Vegetables,Sony,310.32,5941.98,3643,Active
PROD0003677,provident voluptate,Beauty,Haircare,OnePlus,800.29,8036.37,2281,Inactive
PROD0003678,eveniet aspernatur,Beauty,Skincare,Generic,1339.41,7559.52,2929,Inactive
PROD0003679,itaque veritatis,Grocery,Snacks,Generic,1810.07,334.0,102,Active
PROD0003680,earum quas,Fashion,Shoes,Sony,2021.19,3571.23,923,Discontinued
PROD0003681,vel porro,Electronics,Mobiles,OnePlus,750.27,993.53,2578,Discontinued
PROD0003682,voluptate quis,Electronics,Laptops,Xiaomi,3746.63,3984.81,3910,Active
PROD0003683,harum libero,Electronics,Laptops,,719.79,5479.6,4905,Active
PROD0003684,architecto dolorem,Beauty,Makeup,Samsung,1692.51,3719.05,3572,Active
PROD0003685,nobis id,Fashion,Women,Xiaomi,1760.4,5956.25,3149,Inactive
PROD0003686,deserunt dolorem,Electronics,Tablets,LG,1886.28,651.49,4185,Discontinued
PROD0003687,commodi ut,Electronics,Accessories,Sony,1544.12,786.14,677,Inactive
PROD0003688,hic amet,Grocery,Vegetables,OnePlus,481.76,6410.65,2044,Discontinued
PROD0003689,enim veniam,Beauty,Haircare,Sony,1776.19,8508.89,1822,Discontinued
PROD0003690,maiores voluptates,Sports,Equipment,OnePlus,3761.17,5336.14,1679,Active
PROD0003691,voluptates est,Home & Kitchen,Decor,OnePlus,4058.29,4236.6,3840,Inactive
PROD0003692,esse impedit,Electronics,Laptops,Sony,3335.91,7532.6,4498,Inactive
PROD0003693,illum quasi,Beauty,Makeup,Samsung,4772.28,9385.68,1767,Inactive
PROD0003694,ut non,Electronics,Accessories,Xiaomi,3043.21,8469.62,927,Discontinued
PROD0003695,voluptates omnis,Grocery,Dairy,Sony,960.12,954.46,4216,Inactive
PROD0003696,tempore similique,Electronics,Accessories,Apple,3817.5,5036.92,3264,Active
PROD0003697,asperiores commodi,Sports,Apparel,Generic,82.8,613.75,2867,Active
PROD0003698,placeat enim,Grocery,Fruits,,2613.53,4092.39,2518,Inactive
PROD0003699,eius totam,Beauty,Skincare,,4221.65,5769.87,2090,Inactive
PROD0003700,voluptate officiis,Electronics,Accessories,Sony,679.19,1468.09,4181,Active
PROD0003701,debitis facere,Beauty,Haircare,LG,3115.69,2783.72,4535,Discontinued
PROD0003702,eligendi cum,Home & Kitchen,Cookware,Sony,2649.82,9936.61,2041,Discontinued
PROD0003703,eius doloribus,Beauty,Makeup,Generic,2496.93,7415.2,3533,Inactive
PROD0003704,asperiores nisi,Home & Kitchen,Decor,Generic,3203.87,5250.6,123,Discontinued
PROD0003705,iusto debitis,Beauty,Skincare,Apple,2172.57,9146.89,417,Active
PROD0003706,totam aliquam,Beauty,Makeup,,1535.45,6835.41,2906,Discontinued
PROD0003707,sint dolorem,Electronics,Mobiles,Apple,3883.64,3824.77,3903,Discontinued
PROD0003708,doloremque et,Electronics,Tablets,LG,2177.49,759.12,4809,Discontinued
PROD0003709,dolorem eaque,Home & Kitchen,Furniture,,2499.74,9893.3,63,Inactive
PROD0003710,voluptates officiis,Fashion,Kids,Samsung,1342.17,4033.69,1127,Discontinued
PROD0003711,aut minus,Sports,Footwear,Xiaomi,1388.95,925.07,663,Active
PROD0003712,perferendis veniam,Beauty,Skincare,,3558.68,4032.62,4971,Inactive
PROD0003713,excepturi officiis,Sports,Equipment,LG,1538.67,4060.17,1948,Inactive
PROD0003714,commodi ad,Home & Kitchen,Appliances,,4843.33,4595.75,4562,Active
PROD0003715,magnam unde,Sports,Footwear,Generic,756.23,7160.61,2467,Active
PROD0003716,dignissimos tempora,Grocery,Dairy,Sony,2923.18,153.12,2108,Active
PROD0003717,est vel,Grocery,Dairy,Sony,3969.88,5442.23,4887,Inactive
PROD0003718,corrupti harum,Beauty,Makeup,Xiaomi,2914.2,2399.14,1269,Discontinued
PROD0003719,quibusdam modi,Fashion,Men,OnePlus,428.99,8344.29,4005,Discontinued
PROD0003720,sapiente maxime,Sports,Equipment,Apple,2983.12,3549.64,4792,Inactive
PROD0003721,molestiae neque,Home & Kitchen,Appliances,Xiaomi,538.98,3183.78,3880,Inactive
PROD0003722,distinctio laudantium,Beauty,Makeup,OnePlus,2326.72,1813.8,2896,Active
PROD0003723,fugiat exercitationem,Home & Kitchen,Decor,LG,3785.3,9538.39,4444,Active
PROD0003724,fuga eum,Beauty,Skincare,LG,2371.09,6965.41,3671,Inactive
PROD0003725,tempore rerum,Fashion,Men,Apple,4325.1,6754.26,3142,Discontinued
PROD0003726,ab quam,Sports,Footwear,Sony,1627.44,2066.49,4018,Active
PROD0003727,id repellendus,Beauty,Haircare,Xiaomi,3562.56,9106.99,3412,Inactive
PROD0003728,cupiditate quia,Electronics,Accessories,OnePlus,763.8,4381.44,2263,Discontinued
PROD0003729,repellat asperiores,Grocery,Snacks,LG,4365.11,1154.47,1030,Discontinued
PROD0003730,molestiae atque,Fashion,Women,Sony,4381.21,4702.82,2888,Inactive
PROD0003731,fugit quas,Sports,Apparel,OnePlus,209.36,7511.89,2954,Discontinued
PROD0003732,neque accusantium,Electronics,Mobiles,Xiaomi,3134.92,3134.46,4466,Discontinued
PROD0003733,culpa voluptatum,Sports,Equipment,Xiaomi,1833.61,4273.29,1498,Discontinued
PROD0003734,vel vitae,Grocery,Fruits,LG,1307.36,4181.2,647,Inactive
PROD0003735,veniam nemo,Fashion,Men,Xiaomi,206.47,3090.68,1783,Inactive
PROD0003736,cupiditate sed,Home & Kitchen,Cookware,Samsung,506.2,6715.08,388,Active
PROD0003737,eum eaque,Beauty,Haircare,Xiaomi,2097.53,968.89,2827,Discontinued
PROD0003738,molestias quisquam,Electronics,Mobiles,LG,2346.67,1656.9,862,Active
PROD0003739,voluptatibus omnis,Grocery,Vegetables,Apple,3873.53,6059.91,1848,Discontinued
PROD0003740,unde officiis,Beauty,Haircare,Xiaomi,2256.93,2659.11,1317,Discontinued
PROD0003741,aspernatur tempore,Grocery,Snacks,OnePlus,2872.79,1865.65,1376,Discontinued
PROD0003742,occaecati in,Home & Kitchen,Cookware,OnePlus,454.07,6638.96,2880,Active
PROD0003743,nisi nostrum,Home & Kitchen,Appliances,Generic,1987.97,8060.43,1680,Active
PROD0003744,sapiente consectetur,Sports,Apparel,Generic,2794.88,4583.74,1939,Active
PROD0003745,facere voluptate,Beauty,Skincare,Sony,3947.08,4168.85,1843,Active
PROD0003746,quis quo,Grocery,Fruits,OnePlus,846.4,5196.81,299,Discontinued
PROD0003747,nostrum excepturi,Home & Kitchen,Furniture,Sony,3338.1,9629.91,4310,Inactive
PROD0003748,eum aut,Home & Kitchen,Appliances,LG,1983.28,4900.87,1339,Active
PROD0003749,aspernatur nesciunt,Sports,Footwear,Generic,4724.0,8124.27,4748,Active
PROD0003750,fugit quisquam,Grocery,Vegetables,Generic,2888.75,6448.28,3234,Active
PROD0003751,facere doloribus,Sports,Footwear,OnePlus,140.79,4316.28,2063,Discontinued
PROD0003752,quaerat ut,Sports,Apparel,Sony,2336.9,9911.8,4964,Active
PROD0003753,ipsa voluptatibus,Grocery,Snacks,Apple,2209.45,7260.5,1280,Discontinued
PROD0003754,quia recusandae,Grocery,Fruits,Apple,363.31,9878.9,4315,Active
PROD0003755,nemo dicta,Grocery,Dairy,Xiaomi,1026.47,366.8,3126,Discontinued
PROD0003756,eum earum,Electronics,Accessories,,4815.42,1894.94,3004,Inactive
PROD0003757,aperiam alias,Home & Kitchen,Cookware,Generic,1973.2,8163.03,4743,Discontinued
PROD0003758,odio repudiandae,Sports,Apparel,Generic,2628.39,5634.38,1965,Inactive
PROD0003759,voluptatem maxime,Electronics,Accessories,OnePlus,2294.92,701.23,2037,Active
PROD0003760,nemo nemo,Sports,Equipment,LG,1529.93,2526.71,4844,Active
PROD0003761,nesciunt et,Electronics,Accessories,,2430.57,9628.13,1424,Active
PROD0003762,omnis nostrum,Beauty,Haircare,Samsung,4960.4,7407.73,4866,Inactive
PROD0003763,explicabo occaecati,Home & Kitchen,Cookware,Generic,4902.06,6358.65,2372,Active
PROD0003764,ducimus facilis,Sports,Footwear,Generic,4455.28,1508.89,2679,Active
PROD0003765,excepturi veniam,Fashion,Shoes,OnePlus,441.32,7342.5,2111,Discontinued
PROD0003766,voluptas voluptatibus,Grocery,Fruits,,103.32,1598.63,3758,Discontinued
PROD0003767,natus voluptates,Fashion,Shoes,Samsung,741.35,9935.3,1966,Discontinued
PROD0003768,rem in,Electronics,Laptops,Sony,3360.15,2915.24,614,Inactive
PROD0003769,hic beatae,Grocery,Snacks,Samsung,3686.48,5362.43,3934,Discontinued
PROD0003770,possimus iure,Grocery,Fruits,LG,445.48,1223.61,3263,Inactive
PROD0003771,tenetur molestias,Grocery,Snacks,OnePlus,3022.49,5874.02,964,Active
PROD0003772,iusto autem,Grocery,Snacks,Xiaomi,2456.78,2975.44,1996,Active
PROD0003773,dolore maxime,Home & Kitchen,Furniture,Apple,3157.87,482.09,1953,Discontinued
PROD0003774,at alias,Sports,Equipment,Generic,503.02,5684.72,4946,Active
PROD0003775,nihil inventore,Sports,Footwear,Xiaomi,3405.44,5997.87,430,Discontinued
PROD0003776,quae eveniet,Beauty,Haircare,Sony,3660.8,-500.0,3912,Active
PROD0003777,quae voluptates,Beauty,Haircare,LG,896.56,8250.79,1946,Inactive
PROD0003778,inventore quidem,Grocery,Fruits,Generic,4211.88,2359.06,561,Inactive
PROD0003779,laborum totam,Sports,Equipment,OnePlus,365.55,5982.3,1134,Discontinued
PROD0003780,eos iure,Grocery,Vegetables,OnePlus,75.96,587.41,2049,Active
PROD0003781,assumenda cupiditate,Sports,Apparel,Samsung,3986.96,7751.68,3909,Active
PROD0003782,saepe necessitatibus,Sports,Footwear,Xiaomi,2633.14,5332.5,600,Discontinued
PROD0003783,animi id,Grocery,Fruits,LG,1581.17,8103.71,342,Discontinued
PROD0003784,adipisci dolorem,Fashion,Kids,,822.33,3403.77,2964,Discontinued
PROD0003785,ducimus laboriosam,Fashion,Men,Apple,4617.75,7899.83,4235,Inactive
PROD0003786,dolor vel,Grocery,Dairy,Sony,2221.84,3071.96,1515,Active
PROD0003787,reprehenderit quod,Beauty,Haircare,Xiaomi,1792.48,9748.6,3780,Inactive
PROD0003788,repudiandae ea,Beauty,Skincare,Generic,183.06,6888.02,3312,Discontinued
PROD0003789,quasi nesciunt,Home & Kitchen,Cookware,,2560.08,6644.37,139,Inactive
PROD0003790,eveniet impedit,Beauty,Makeup,Generic,290.25,4835.4,4659,Active
PROD0003791,quibusdam pariatur,Electronics,Tablets,OnePlus,2948.6,3776.43,2512,Inactive
PROD0003792,laboriosam assumenda,Electronics,Tablets,Apple,2800.97,9833.84,820,Inactive
PROD0003793,aliquam ut,Beauty,Makeup,,1636.65,4450.51,4270,Discontinued
PROD0003794,reiciendis ullam,Electronics,Laptops,Xiaomi,2029.56,827.47,3252,Discontinued
PROD0003795,laborum minus,Sports,Equipment,Samsung,2680.27,2656.96,1150,Active
PROD0003796,quo quas,Electronics,Accessories,Apple,2220.68,6146.84,4547,Inactive
PROD0003797,architecto at,Electronics,Mobiles,Generic,2324.15,5409.97,2833,Active
PROD0003798,facere dignissimos,Electronics,Tablets,,2755.02,9975.6,2934,Discontinued
PROD0003799,ex quis,Beauty,Skincare,,4479.39,3905.94,1962,Active
PROD0003800,reiciendis provident,Fashion,Shoes,Samsung,1142.42,6421.17,444,Discontinued
PROD0003801,natus harum,Home & Kitchen,Furniture,Sony,4899.02,1863.07,1887,Active
PROD0003802,cum accusamus,Sports,Equipment,Samsung,396.25,2618.12,231,Active
PROD0003803,quod pariatur,Electronics,Laptops,Samsung,4367.39,325.69,791,Inactive
PROD0003804,repellat minus,Sports,Apparel,Xiaomi,2217.79,1408.15,2203,Discontinued
PROD0003805,itaque eaque,Grocery,Dairy,Xiaomi,1398.79,3587.83,3610,Inactive
PROD0003806,beatae id,Grocery,Snacks,,3170.09,703.78,3110,Active
PROD0003807,similique debitis,Electronics,Mobiles,Samsung,3051.65,9583.31,4782,Active
PROD0003808,iusto soluta,Sports,Equipment,Generic,4346.77,1474.27,861,Discontinued
PROD0003809,laboriosam commodi,Beauty,Skincare,OnePlus,141.9,1333.1,928,Discontinued
PROD0003810,aliquid esse,Fashion,Men,,3031.77,8323.37,4864,Discontinued
PROD0003811,numquam dolor,Fashion,Shoes,,3876.7,7642.75,4035,Discontinued
PROD0003812,fuga dolorum,Sports,Equipment,LG,4260.91,5465.27,1113,Active
PROD0003813,laudantium aut,Grocery,Vegetables,Sony,3588.41,8666.55,3996,Active
PROD0003814,occaecati cum,Sports,Footwear,,1261.81,6697.14,224,Discontinued
PROD0003815,odit necessitatibus,Fashion,Shoes,,3136.59,5575.55,4669,Active
PROD0003816,sunt praesentium,Fashion,Women,Xiaomi,2338.94,517.41,2560,Inactive
PROD0003817,non impedit,Beauty,Haircare,Xiaomi,2880.77,3094.43,1763,Inactive
PROD0003818,doloremque quasi,Grocery,Vegetables,,1174.95,3355.79,1206,Inactive
PROD0003819,voluptatibus eum,Home & Kitchen,Decor,Samsung,492.82,4837.86,4795,Active
PROD0003820,accusamus quas,Fashion,Shoes,Apple,2163.09,5865.56,3255,Discontinued
PROD0003821,repellat provident,Grocery,Snacks,Xiaomi,2423.98,7534.36,2275,Inactive
PROD0003822,eaque consequuntur,Beauty,Skincare,OnePlus,104.13,8529.0,138,Active
PROD0003823,quod tenetur,Fashion,Shoes,Xiaomi,563.43,778.75,4404,Discontinued
PROD0003824,blanditiis repudiandae,Electronics,Tablets,LG,4873.02,4156.62,2727,Inactive
PROD0003825,iure quam,Home & Kitchen,Appliances,Sony,2867.84,3740.82,1479,Discontinued
PROD0003826,eos quas,Electronics,Accessories,Generic,4537.44,1239.06,43,Inactive
PROD0003827,corrupti magni,Fashion,Shoes,Xiaomi,2466.37,3037.48,3145,Active
PROD0003828,vitae deleniti,Electronics,Tablets,OnePlus,3759.56,6262.17,4742,Inactive
PROD0003829,occaecati porro,Grocery,Vegetables,OnePlus,983.82,484.27,757,Inactive
PROD0003830,rem soluta,Fashion,Shoes,Sony,3050.06,1684.94,4961,Discontinued
PROD0003831,quos voluptatibus,Home & Kitchen,Appliances,Sony,3519.13,2560.13,3024,Discontinued
PROD0003832,voluptas vitae,Electronics,Tablets,Generic,1686.06,1405.24,1089,Active
PROD0003833,ut placeat,Fashion,Men,,2863.23,3483.58,2461,Discontinued
PROD0003834,ut ex,Electronics,Accessories,Samsung,3096.08,2208.89,1103,Active
PROD0003835,rem mollitia,Beauty,Skincare,Xiaomi,2586.57,6770.54,2865,Inactive
PROD0003836,in qui,Home & Kitchen,Decor,,4783.18,5048.47,4751,Inactive
PROD0003837,nemo molestiae,Beauty,Haircare,Sony,3230.36,7414.43,3981,Inactive
PROD0003838,provident id,Fashion,Kids,Xiaomi,485.46,1211.47,713,Discontinued
PROD0003839,repudiandae corporis,Beauty,Skincare,LG,4320.25,2771.13,3741,Discontinued
PROD0003840,saepe voluptate,Sports,Footwear,LG,1352.4,8252.42,3197,Discontinued
PROD0003841,veritatis officiis,Home & Kitchen,Furniture,,1885.02,7006.35,2359,Inactive
PROD0003842,deserunt fugiat,Beauty,Skincare,Sony,3748.66,1622.83,2984,Inactive
PROD0003843,fuga commodi,Home & Kitchen,Furniture,,3690.78,8803.46,2473,Discontinued
PROD0003844,in maxime,Electronics,Mobiles,LG,2796.07,2482.26,1698,Discontinued
PROD0003845,quae explicabo,Fashion,Men,Xiaomi,137.42,1041.47,1586,Discontinued
PROD0003846,blanditiis dolor,Fashion,Men,Apple,1079.04,7317.5,4308,Discontinued
PROD0003847,unde aut,Fashion,Shoes,LG,3842.0,-100.0,2554,Inactive
PROD0003848,cumque numquam,Beauty,Haircare,Sony,1466.08,2566.01,4885,Inactive
PROD0003849,doloribus explicabo,Home & Kitchen,Furniture,Apple,3632.87,3606.61,4610,Discontinued
PROD0003850,recusandae animi,Beauty,Skincare,LG,409.64,4526.21,3981,Discontinued
PROD0003851,consequuntur natus,Beauty,Haircare,OnePlus,4857.03,6441.94,3863,Inactive
PROD0003852,voluptatibus sapiente,Home & Kitchen,Decor,OnePlus,2545.7,4454.13,1971,Discontinued
PROD0003853,praesentium dolores,Grocery,Fruits,Xiaomi,3461.81,3127.93,4522,Active
PROD0003854,nobis voluptatem,Grocery,Vegetables,,3411.77,3393.67,1955,Discontinued
PROD0003855,quam blanditiis,Electronics,Laptops,OnePlus,4763.23,6095.63,1329,Inactive
PROD0003856,exercitationem expedita,Beauty,Makeup,OnePlus,2174.55,3026.12,2049,Inactive
PROD0003857,et eum,Home & Kitchen,Appliances,Xiaomi,567.61,6174.55,1979,Active
PROD0003858,officia iusto,Electronics,Mobiles,,301.86,3438.92,0,Inactive
PROD0003859,minima porro,Fashion,Women,Generic,3497.81,7939.66,2419,Discontinued
PROD0003860,excepturi incidunt,Home & Kitchen,Cookware,Xiaomi,3523.46,7356.43,352,Active
PROD0003861,ducimus consequuntur,Grocery,Fruits,,668.84,5423.79,4509,Discontinued
PROD0003862,ex molestias,Fashion,Men,Samsung,2284.9,7730.0,1185,Active
PROD0003863,sunt suscipit,Home & Kitchen,Decor,Apple,722.56,7608.82,2090,Inactive
PROD0003864,ipsam facere,Fashion,Men,OnePlus,3934.5,8632.88,4096,Discontinued
PROD0003865,enim ratione,Beauty,Makeup,,1675.23,2128.33,349,Inactive
PROD0003866,laudantium odio,Beauty,Haircare,OnePlus,4058.54,9668.45,1797,Inactive
PROD0003867,modi asperiores,Sports,Footwear,Xiaomi,3817.05,782.84,4738,Inactive
PROD0003868,asperiores necessitatibus,Home & Kitchen,Appliances,LG,4362.24,1595.57,4587,Discontinued
PROD0003869,necessitatibus possimus,Grocery,Dairy,Sony,1687.69,2323.89,3691,Discontinued
PROD0003870,fugiat suscipit,Grocery,Vegetables,Apple,4925.33,8534.16,1516,Active
PROD0003871,nulla itaque,Beauty,Makeup,,2452.31,7366.17,1132,Active
PROD0003872,sequi corporis,Grocery,Dairy,Generic,994.26,2609.36,2772,Active
PROD0003873,sunt voluptas,Electronics,Tablets,Sony,169.88,5891.92,234,Discontinued
PROD0003874,vitae a,Fashion,Shoes,LG,789.98,3286.96,2695,Discontinued
PROD0003875,aliquid repudiandae,Beauty,Makeup,LG,2637.61,3712.61,3733,Active
PROD0003876,ratione in,Fashion,Kids,LG,601.23,4497.21,1153,Inactive
PROD0003877,soluta reiciendis,Beauty,Skincare,Sony,2636.67,1186.09,3372,Inactive
PROD0003878,ex incidunt,Beauty,Haircare,,1962.8,4668.99,4724,Active
PROD0003879,ad numquam,Grocery,Dairy,Sony,2852.28,7848.65,675,Active
PROD0003880,fugiat sit,Fashion,Kids,Apple,3915.11,7681.46,4347,Inactive
PROD0003881,sapiente reprehenderit,Home & Kitchen,Cookware,Generic,2995.03,592.42,3308,Discontinued
PROD0003882,quaerat veniam,Beauty,Makeup,Xiaomi,3712.86,2391.2,1200,Active
PROD0003883,voluptatem architecto,Sports,Footwear,OnePlus,2746.22,283.6,2020,Inactive
PROD0003884,quae modi,Grocery,Fruits,Apple,4869.04,6816.12,2171,Inactive
PROD0003885,et culpa,Grocery,Fruits,Generic,1713.18,284.08,685,Discontinued
PROD0003886,odit corporis,Sports,Apparel,OnePlus,2345.41,2938.92,212,Discontinued
PROD0003887,cum perferendis,Sports,Apparel,,2105.63,9856.69,1317,Discontinued
PROD0003888,dolore harum,Fashion,Shoes,LG,4919.68,4083.93,3376,Active
PROD0003889,recusandae sapiente,Grocery,Fruits,LG,3932.3,5460.22,3508,Active
PROD0003890,molestias quo,Electronics,Accessories,Generic,1305.86,7201.03,4968,Inactive
PROD0003891,nulla tempore,Electronics,Mobiles,Samsung,1106.19,8860.59,3267,Discontinued
PROD0003892,nemo nesciunt,Grocery,Vegetables,Xiaomi,4363.34,4764.36,1812,Discontinued
PROD0003893,reprehenderit repudiandae,Home & Kitchen,Decor,LG,2458.74,2064.21,4321,Inactive
PROD0003894,reprehenderit ratione,Fashion,Shoes,Apple,612.98,2766.52,2188,Inactive
PROD0003895,repellendus facere,Fashion,Shoes,Xiaomi,658.9,4607.47,197,Discontinued
PROD0003896,veniam debitis,Sports,Equipment,Samsung,2359.01,5479.04,2891,Inactive
PROD0003897,occaecati optio,Electronics,Mobiles,Apple,2809.63,3572.88,1600,Inactive
PROD0003898,nulla quibusdam,Fashion,Shoes,OnePlus,1738.91,8244.04,4334,Discontinued
PROD0003899,laborum dolore,Electronics,Mobiles,Apple,3757.94,4070.35,914,Active
PROD0003900,cum perspiciatis,Home & Kitchen,Appliances,Samsung,1650.79,9665.23,367,Inactive
PROD0003901,voluptatem modi,Sports,Apparel,Sony,1951.29,2631.72,2080,Discontinued
PROD0003902,quidem repudiandae,Electronics,Accessories,Apple,125.52,2799.89,3047,Discontinued
PROD0003903,suscipit consequuntur,Electronics,Accessories,LG,2195.27,8828.04,3273,Inactive
PROD0003904,praesentium repellendus,Fashion,Men,,234.62,1861.43,2411,Active
PROD0003905,ipsum minus,Electronics,Tablets,,3748.19,3029.39,2714,Active
PROD0003906,nostrum totam,Fashion,Kids,Xiaomi,1960.26,1902.69,1509,Discontinued
PROD0003907,necessitatibus magni,Grocery,Snacks,OnePlus,1515.73,8256.13,2394,Active
PROD0003908,a saepe,Fashion,Men,,566.74,513.36,4400,Discontinued
PROD0003909,explicabo iste,Sports,Footwear,,901.93,2373.9,3290,Active
PROD0003910,praesentium aspernatur,Grocery,Dairy,Apple,4077.06,8661.41,2729,Inactive
PROD0003911,suscipit possimus,Beauty,Makeup,Samsung,3489.69,8221.42,3451,Inactive
PROD0003912,blanditiis incidunt,Home & Kitchen,Appliances,LG,1529.55,844.45,739,Discontinued
PROD0003913,placeat repudiandae,Grocery,Snacks,Samsung,1996.78,3565.92,952,Discontinued
PROD0003914,repellat et,Electronics,Mobiles,OnePlus,1693.6,4335.22,4970,Active
PROD0003915,enim atque,Fashion,Women,LG,236.41,4592.35,1843,Active
PROD0003916,at maiores,Home & Kitchen,Appliances,Sony,281.46,2836.46,4918,Inactive
PROD0003917,sunt quos,Home & Kitchen,Decor,OnePlus,3344.81,8850.47,1072,Inactive
PROD0003918,voluptatibus minus,Sports,Footwear,Apple,4253.84,2121.16,1948,Active
PROD0003919,eveniet pariatur,Electronics,Tablets,Sony,4143.16,8851.0,400,Inactive
PROD0003920,voluptatibus quis,Beauty,Skincare,Generic,126.27,6652.7,4477,Active
PROD0003921,et a,Fashion,Kids,Generic,2234.0,7423.02,4391,Inactive
PROD0003922,maxime provident,Grocery,Vegetables,Generic,3525.35,1290.22,394,Active
PROD0003923,laudantium non,Beauty,Skincare,Samsung,1079.67,7884.4,4767,Discontinued
PROD0003924,sequi odit,Sports,Footwear,Generic,1688.64,978.38,1934,Discontinued
PROD0003925,ab praesentium,Sports,Apparel,Generic,4334.81,2819.77,4898,Discontinued
PROD0003926,excepturi dolores,Electronics,Laptops,Sony,4198.74,5621.66,43,Active
PROD0003927,repudiandae nihil,Home & Kitchen,Decor,Sony,4684.85,4647.05,1862,Active
PROD0003928,dolorum eligendi,Beauty,Makeup,Samsung,907.31,4496.65,587,Discontinued
PROD0003929,dolorem laboriosam,Beauty,Skincare,OnePlus,2339.88,9660.63,1201,Inactive
PROD0003930,minima tempora,Grocery,Fruits,OnePlus,4937.56,2171.04,2370,Inactive
PROD0003931,enim iste,Sports,Equipment,Samsung,3223.76,975.6,3548,Inactive
PROD0003932,soluta cumque,Fashion,Kids,Sony,3650.31,2062.91,2828,Discontinued
PROD0003933,suscipit fugiat,Electronics,Tablets,Xiaomi,2564.2,6428.52,4446,Inactive
PROD0003934,saepe dolorum,Electronics,Mobiles,Sony,3752.75,1723.83,4701,Discontinued
PROD0003935,aperiam iusto,Home & Kitchen,Appliances,OnePlus,81.2,9516.15,1444,Discontinued
PROD0003936,voluptatem cupiditate,Home & Kitchen,Decor,Sony,4473.96,5727.74,2739,Active
PROD0003937,maxime qui,Electronics,Laptops,OnePlus,3160.47,5940.36,2020,Discontinued
PROD0003938,cum illum,Home & Kitchen,Appliances,OnePlus,3627.08,332.73,3161,Discontinued
PROD0003939,facere beatae,Beauty,Haircare,,4542.68,4686.86,2159,Active
PROD0003940,molestias ad,Electronics,Laptops,LG,2892.44,2728.94,371,Inactive
PROD0003941,hic quos,Beauty,Makeup,Xiaomi,669.54,2822.0,3018,Active
PROD0003942,amet similique,Sports,Apparel,Samsung,2381.98,9720.44,4206,Inactive
PROD0003943,adipisci ut,Grocery,Vegetables,Xiaomi,4027.04,1836.9,3080,Active
PROD0003944,perspiciatis labore,Fashion,Shoes,Apple,4132.06,4105.23,167,Discontinued
PROD0003945,soluta molestiae,Fashion,Shoes,Xiaomi,3305.28,664.31,4085,Active
PROD0003946,veritatis quam,Fashion,Kids,Xiaomi,1149.61,4155.38,887,Inactive
PROD0003947,totam doloremque,Grocery,Fruits,Sony,3694.85,1924.95,540,Inactive
PROD0003948,ad adipisci,Fashion,Shoes,Sony,3207.03,1460.04,4713,Discontinued
PROD0003949,tenetur unde,Electronics,Tablets,,202.27,9180.52,4213,Discontinued
PROD0003950,libero incidunt,Home & Kitchen,Cookware,LG,2264.96,8742.35,2885,Inactive
PROD0003951,voluptatum labore,Fashion,Men,Apple,2939.61,2826.24,1974,Active
PROD0003952,ipsa quidem,Electronics,Mobiles,Sony,3338.64,4582.49,200,Discontinued
PROD0003953,earum quod,Beauty,Makeup,Generic,2833.57,4427.63,2283,Discontinued
PROD0003954,nulla doloremque,Fashion,Women,,944.99,3318.94,85,Inactive
PROD0003955,id saepe,Sports,Footwear,Apple,170.35,2240.98,3746,Inactive
PROD0003956,maxime ducimus,Beauty,Makeup,Apple,2105.92,239.05,592,Discontinued
PROD0003957,debitis provident,Grocery,Fruits,LG,4325.85,9575.83,1221,Discontinued
PROD0003958,eos quo,Home & Kitchen,Appliances,Samsung,2522.3,4422.29,2848,Discontinued
PROD0003959,ullam tempore,Beauty,Makeup,Generic,4560.41,7998.01,1710,Active
PROD0003960,deleniti ducimus,Fashion,Shoes,,4137.29,736.66,25,Inactive
PROD0003961,perspiciatis ipsam,Sports,Apparel,OnePlus,3208.44,8237.93,3561,Inactive
PROD0003962,officia quisquam,Electronics,Tablets,LG,2128.5,3876.79,2875,Inactive
PROD0003963,id animi,Beauty,Skincare,LG,4290.58,7416.18,150,Inactive
PROD0003964,saepe ipsam,Beauty,Haircare,Apple,2128.38,6949.06,6,Inactive
PROD0003965,adipisci perferendis,Sports,Apparel,,4362.26,301.3,4840,Discontinued
PROD0003966,praesentium mollitia,Home & Kitchen,Furniture,OnePlus,4987.38,8057.63,673,Inactive
PROD0003967,animi praesentium,Sports,Apparel,Generic,3622.39,842.63,4733,Discontinued
PROD0003968,voluptatum rem,Home & Kitchen,Appliances,Xiaomi,925.31,9160.96,2551,Inactive
PROD0003969,autem voluptas,Grocery,Dairy,LG,2487.82,1984.77,2292,Discontinued
PROD0003970,quibusdam id,Beauty,Makeup,Samsung,853.52,2500.53,3165,Active
PROD0003971,sunt iure,Beauty,Skincare,Generic,3862.76,2598.76,3027,Discontinued
PROD0003972,distinctio quam,Home & Kitchen,Appliances,Xiaomi,2723.58,5905.5,3741,Active
PROD0003973,maiores accusantium,Home & Kitchen,Decor,Sony,1575.04,8783.82,1807,Inactive
PROD0003974,vero libero,Electronics,Tablets,Sony,187.73,9784.74,4869,Discontinued
PROD0003975,pariatur harum,Sports,Apparel,Sony,978.22,4986.9,4986,Inactive
PROD0003976,eum deleniti,Fashion,Women,Sony,1457.26,4907.54,1175,Discontinued
PROD0003977,perferendis libero,Home & Kitchen,Furniture,LG,3039.8,3056.89,1460,Active
PROD0003978,ab repellat,Fashion,Men,Xiaomi,3870.43,4050.23,2591,Inactive
PROD0003979,inventore perspiciatis,Sports,Equipment,Samsung,1031.7,5313.5,3905,Discontinued
PROD0003980,esse porro,Fashion,Kids,Xiaomi,197.09,8795.24,485,Inactive
PROD0003981,at omnis,Sports,Footwear,Samsung,87.77,6719.29,4025,Discontinued
PROD0003982,cumque placeat,Home & Kitchen,Cookware,Apple,1164.62,9514.37,142,Discontinued
PROD0003983,perferendis quia,Fashion,Men,Samsung,1253.28,468.75,4172,Discontinued
PROD0003984,officiis deserunt,Electronics,Mobiles,Samsung,4915.18,229.63,3638,Discontinued
PROD0003985,asperiores doloremque,Fashion,Women,Xiaomi,2531.77,9182.79,946,Discontinued
PROD0003986,doloribus eum,Beauty,Makeup,Sony,4985.45,4859.0,679,Discontinued
PROD0003987,enim repellendus,Electronics,Accessories,Generic,2257.98,4067.66,279,Active
PROD0003988,quae tenetur,Home & Kitchen,Appliances,Generic,4707.92,6419.25,2755,Discontinued
PROD0003989,dignissimos voluptas,Home & Kitchen,Cookware,Xiaomi,1152.74,5776.82,1407,Discontinued
PROD0003990,corporis rerum,Electronics,Tablets,Xiaomi,1160.66,7867.33,3519,Active
PROD0003991,dolore expedita,Beauty,Haircare,Generic,4450.31,1203.55,4552,Active
PROD0003992,delectus porro,Beauty,Makeup,Sony,4725.4,7695.38,2204,Active
PROD0003993,delectus officiis,Sports,Equipment,Samsung,4300.43,6548.96,2338,Discontinued
PROD0003994,vel sequi,Sports,Equipment,Generic,3218.23,7131.28,1996,Discontinued
PROD0003995,deleniti reiciendis,Home & Kitchen,Furniture,Samsung,4572.54,9846.25,638,Active
PROD0003996,accusantium maiores,Fashion,Kids,Xiaomi,831.75,7845.21,2938,Active
PROD0003997,repellendus inventore,Beauty,Haircare,Sony,2242.64,2853.14,394,Inactive
PROD0003998,tenetur sapiente,Fashion,Women,Apple,4833.91,953.32,3384,Active
PROD0003999,quaerat maxime,Beauty,Skincare,Sony,1600.03,5634.22,898,Inactive
PROD0004000,at libero,Electronics,Accessories,Samsung,3353.55,6529.05,1546,Inactive
PROD0004001,assumenda pariatur,Beauty,Skincare,Apple,1100.16,6568.54,1949,Inactive
PROD0004002,esse magnam,Grocery,Fruits,Samsung,1065.2,9016.91,1321,Active
PROD0004003,nulla aliquid,Fashion,Men,,121.65,5604.28,2543,Inactive
PROD0004004,eius perspiciatis,Electronics,Tablets,Samsung,4583.59,4357.52,3794,Active
PROD0004005,dolores ipsum,Grocery,Snacks,Apple,2917.24,5516.78,3677,Discontinued
PROD0004006,ipsa ipsam,Grocery,Vegetables,Generic,250.93,1224.96,4908,Active
PROD0004007,a ipsa,Sports,Equipment,Apple,2482.86,5315.62,2729,Discontinued
PROD0004008,iusto enim,Beauty,Haircare,Apple,1551.04,8248.05,2687,Active
PROD0004009,id id,Sports,Equipment,Samsung,4588.43,8694.48,3867,Discontinued
PROD0004010,aspernatur libero,Grocery,Fruits,Samsung,2477.79,8179.9,2366,Discontinued
PROD0004011,culpa laboriosam,Electronics,Tablets,Apple,4185.89,9593.66,3186,Discontinued
PROD0004012,nihil labore,Grocery,Snacks,Sony,56.44,7223.6,4406,Discontinued
PROD0004013,error itaque,Electronics,Accessories,Generic,2249.84,8245.15,1291,Discontinued
PROD0004014,possimus unde,Fashion,Shoes,Samsung,2996.63,153.11,2273,Active
PROD0004015,autem natus,Grocery,Dairy,OnePlus,2168.76,7779.82,4567,Inactive
PROD0004016,porro quaerat,Sports,Footwear,Generic,3010.88,1105.23,1994,Active
PROD0004017,eos repellendus,Beauty,Makeup,Generic,3133.46,6192.71,3791,Discontinued
PROD0004018,eligendi possimus,Fashion,Shoes,Xiaomi,490.31,4896.44,2592,Inactive
PROD0004019,eaque pariatur,Beauty,Haircare,,4722.9,5444.28,1924,Discontinued
PROD0004020,eum expedita,Fashion,Men,LG,1740.73,3947.08,2317,Discontinued
PROD0004021,eum consectetur,Fashion,Shoes,Samsung,3851.79,6270.28,2893,Discontinued
PROD0004022,vitae quo,Fashion,Shoes,OnePlus,3113.75,2618.79,715,Discontinued
PROD0004023,rem expedita,Beauty,Skincare,Samsung,2059.79,135.33,1693,Active
PROD0004024,aut debitis,Beauty,Makeup,LG,2708.91,8967.4,4333,Active
PROD0004025,aliquam esse,Grocery,Dairy,LG,1207.44,8530.78,426,Discontinued
PROD0004026,unde doloremque,Fashion,Kids,Sony,4370.35,9711.46,1155,Discontinued
PROD0004027,fugiat libero,Sports,Footwear,Samsung,4440.17,3829.96,2421,Inactive
PROD0004028,nostrum eaque,Grocery,Fruits,Apple,4837.75,6823.48,164,Discontinued
PROD0004029,inventore dicta,Electronics,Tablets,Xiaomi,189.23,1685.59,4171,Inactive
PROD0004030,consequuntur libero,Sports,Apparel,,4131.81,7196.96,2772,Inactive
PROD0004031,commodi aut,Grocery,Fruits,Sony,4839.42,1452.58,846,Inactive
PROD0004032,occaecati eum,Beauty,Haircare,LG,1874.1,999999.0,4791,Active
PROD0004033,expedita pariatur,Beauty,Skincare,Samsung,993.32,2721.37,179,Active
PROD0004034,in eius,Home & Kitchen,Furniture,LG,3658.0,282.73,4021,Active
PROD0004035,sed excepturi,Home & Kitchen,Appliances,LG,2852.29,2437.76,131,Discontinued
PROD0004036,repudiandae porro,Sports,Footwear,Apple,3048.99,4536.26,2554,Discontinued
PROD0004037,vitae praesentium,Beauty,Makeup,Sony,4718.49,734.8,442,Discontinued
PROD0004038,temporibus fuga,Home & Kitchen,Cookware,LG,3851.66,4460.16,2787,Discontinued
PROD0004039,molestiae ipsum,Beauty,Skincare,Sony,4642.13,8789.16,4183,Inactive
PROD0004040,officiis cupiditate,Grocery,Snacks,LG,2401.7,3452.42,2604,Discontinued
PROD0004041,nihil ipsum,Grocery,Vegetables,Apple,871.01,199.32,2132,Discontinued
PROD0004042,dignissimos deleniti,Fashion,Kids,Apple,3163.55,5678.5,674,Discontinued
PROD0004043,beatae veritatis,Electronics,Accessories,Sony,2512.62,1937.85,61,Active
PROD0004044,molestias alias,Electronics,Accessories,Xiaomi,577.21,9188.13,4657,Inactive
PROD0004045,occaecati ipsam,Sports,Footwear,,2032.82,2870.89,968,Inactive
PROD0004046,sapiente cumque,Sports,Equipment,Samsung,1145.07,5019.07,3534,Active
PROD0004047,repellendus ex,Electronics,Accessories,LG,3034.02,9215.83,3848,Active
PROD0004048,illo repudiandae,Electronics,Laptops,,2394.23,5481.95,574,Discontinued
PROD0004049,neque optio,Electronics,Accessories,Xiaomi,480.59,1112.18,1813,Active
PROD0004050,ipsa sapiente,Sports,Apparel,,1556.01,5048.2,3441,Inactive
PROD0004051,architecto aspernatur,Grocery,Dairy,Xiaomi,3454.19,8277.41,1260,Active
PROD0004052,commodi facere,Fashion,Kids,Xiaomi,2099.81,8816.98,982,Active
PROD0004053,reprehenderit nihil,Grocery,Fruits,Generic,3606.42,2099.98,3993,Inactive
PROD0004054,expedita voluptatem,Beauty,Makeup,,2024.75,3332.25,718,Active
PROD0004055,illo possimus,Electronics,Tablets,LG,4133.32,9746.99,3843,Discontinued
PROD0004056,reprehenderit adipisci,Grocery,Dairy,Samsung,1615.45,433.11,3082,Discontinued
PROD0004057,facilis asperiores,Grocery,Dairy,Generic,4721.17,6550.63,2067,Discontinued
PROD0004058,odit alias,Sports,Equipment,OnePlus,2082.32,6235.43,2848,Inactive
PROD0004059,aspernatur quibusdam,Sports,Footwear,Generic,1807.05,8412.83,1568,Discontinued
PROD0004060,rerum doloremque,Home & Kitchen,Decor,LG,4775.56,9301.25,574,Inactive
PROD0004061,perferendis molestiae,Sports,Footwear,Generic,2661.66,552.34,4165,Discontinued
PROD0004062,dolor ab,Sports,Apparel,OnePlus,4810.89,3966.34,1052,Inactive
PROD0004063,tenetur corrupti,Home & Kitchen,Furniture,OnePlus,1888.44,8729.05,3155,Inactive
PROD0004064,sit eius,Fashion,Kids,Generic,1092.63,2069.19,4245,Inactive
PROD0004065,quaerat maxime,Electronics,Accessories,LG,1449.68,6920.12,2132,Active
PROD0004066,itaque expedita,Electronics,Mobiles,Sony,1734.73,1202.97,1240,Discontinued
PROD0004067,qui sapiente,Beauty,Haircare,Samsung,2916.37,6788.52,4061,Inactive
PROD0004068,expedita nostrum,Electronics,Mobiles,OnePlus,3424.5,4227.44,1087,Active
PROD0004069,iste architecto,Beauty,Haircare,Sony,3562.5,1204.7,666,Inactive
PROD0004070,rem illo,Sports,Apparel,OnePlus,1792.1,985.87,878,Active
PROD0004071,fugiat tenetur,Grocery,Snacks,Xiaomi,4759.83,1818.2,462,Active
PROD0004072,aliquid dolorum,Electronics,Laptops,Generic,1954.35,4286.37,4277,Discontinued
PROD0004073,labore saepe,Fashion,Shoes,Sony,3015.75,7581.96,1400,Inactive
PROD0004074,eum excepturi,Sports,Apparel,Generic,3334.24,4176.94,989,Discontinued
PROD0004075,id vel,Beauty,Makeup,Samsung,3780.11,7439.88,4680,Inactive
PROD0004076,esse corrupti,Home & Kitchen,Appliances,OnePlus,3310.47,7928.4,3549,Active
PROD0004077,dolorum est,Beauty,Makeup,Xiaomi,3416.3,1418.72,2058,Inactive
PROD0004078,deserunt at,Grocery,Dairy,Generic,4768.24,2489.1,200,Inactive
PROD0004079,optio perferendis,Electronics,Mobiles,LG,3575.31,1090.08,3103,Discontinued
PROD0004080,doloribus vel,Grocery,Vegetables,Generic,4353.65,7719.13,1215,Inactive
PROD0004081,repudiandae nemo,Beauty,Skincare,Generic,2190.15,4904.05,4154,Inactive
PROD0004082,perspiciatis accusamus,Electronics,Accessories,Sony,382.25,1198.86,4056,Active
PROD0004083,atque ratione,Grocery,Dairy,Generic,941.45,8406.31,4310,Active
PROD0004084,nisi unde,Fashion,Men,Xiaomi,1055.87,4667.82,3863,Active
PROD0004085,harum minima,Electronics,Accessories,Samsung,1302.46,3960.28,205,Discontinued
PROD0004086,est voluptatibus,Grocery,Fruits,OnePlus,513.54,918.92,2687,Inactive
PROD0004087,porro laudantium,Home & Kitchen,Appliances,Apple,4168.59,5318.21,410,Active
PROD0004088,consequuntur aliquam,Home & Kitchen,Cookware,Apple,195.6,6213.14,4278,Discontinued
PROD0004089,architecto cupiditate,Fashion,Shoes,Generic,4286.32,5029.59,2901,Active
PROD0004090,modi adipisci,Sports,Footwear,Xiaomi,1754.37,4913.53,3868,Active
PROD0004091,molestiae vitae,Electronics,Tablets,Xiaomi,587.24,4487.1,1377,Active
PROD0004092,molestiae iusto,Home & Kitchen,Furniture,Apple,2729.15,999999.0,831,Discontinued
PROD0004093,aliquid distinctio,Electronics,Accessories,Generic,418.44,6818.68,3685,Active
PROD0004094,eaque cupiditate,Electronics,Tablets,Sony,2258.0,8236.78,4230,Inactive
PROD0004095,temporibus nihil,Sports,Apparel,,372.05,5070.07,3151,Inactive
PROD0004096,quis nobis,Sports,Apparel,Apple,4981.39,2870.59,4206,Active
PROD0004097,molestiae optio,Sports,Apparel,Generic,3007.94,2003.34,4352,Inactive
PROD0004098,nostrum dolorum,Electronics,Laptops,Sony,3294.98,9089.52,4078,Discontinued
PROD0004099,aperiam ex,Home & Kitchen,Decor,Samsung,1273.06,2280.25,1540,Inactive
PROD0004100,soluta est,Grocery,Dairy,LG,4591.23,5260.38,4644,Discontinued
PROD0004101,quos consectetur,Fashion,Shoes,Sony,4047.68,8729.11,3982,Inactive
PROD0004102,commodi neque,Electronics,Laptops,Apple,3025.58,6020.56,186,Active
PROD0004103,suscipit iure,Sports,Equipment,Sony,4815.7,6170.05,3600,Inactive
PROD0004104,maiores voluptatibus,Home & Kitchen,Appliances,,1167.08,3830.89,1720,Active
PROD0004105,odit placeat,Home & Kitchen,Appliances,Xiaomi,4691.14,8197.11,3926,Discontinued
PROD0004106,accusantium ipsa,Fashion,Women,Apple,4093.37,8818.89,237,Active
PROD0004107,impedit nostrum,Home & Kitchen,Cookware,Apple,3217.82,6974.34,1344,Discontinued
PROD0004108,quisquam eligendi,Home & Kitchen,Cookware,Samsung,2772.49,-100.0,133,Inactive
PROD0004109,sequi cupiditate,Beauty,Haircare,,641.36,3614.78,679,Inactive
PROD0004110,labore consequuntur,Home & Kitchen,Cookware,,1348.93,1353.65,324,Inactive
PROD0004111,minus minima,Home & Kitchen,Cookware,LG,2267.98,8366.09,78,Active
PROD0004112,laboriosam voluptate,Beauty,Makeup,,986.22,7397.67,1232,Discontinued
PROD0004113,ipsam earum,Sports,Equipment,Generic,902.28,1829.24,1330,Active
PROD0004114,eos consequatur,Sports,Apparel,Generic,2044.55,5329.93,2213,Active
PROD0004115,mollitia deleniti,Grocery,Fruits,,1676.02,7702.36,4652,Discontinued
PROD0004116,velit blanditiis,Beauty,Skincare,,1336.84,3318.48,2909,Active
PROD0004117,totam doloremque,Electronics,Laptops,Sony,2482.87,3705.06,226,Inactive
PROD0004118,vitae laudantium,Grocery,Vegetables,Apple,1021.58,4172.15,4027,Inactive
PROD0004119,corporis maxime,Fashion,Shoes,Apple,2528.99,7138.25,4475,Discontinued
PROD0004120,fugit quasi,Sports,Footwear,Samsung,1536.41,8277.65,2672,Inactive
PROD0004121,voluptatibus nulla,Sports,Footwear,Sony,1206.07,604.78,1790,Active
PROD0004122,neque nam,Home & Kitchen,Decor,Sony,3573.05,2893.28,696,Inactive
PROD0004123,quasi nemo,Electronics,Laptops,Xiaomi,234.85,9873.64,4413,Discontinued
PROD0004124,est veritatis,Beauty,Makeup,Apple,4271.96,7640.24,4724,Discontinued
PROD0004125,autem eius,Fashion,Men,Generic,1568.83,1201.64,550,Inactive
PROD0004126,quos ad,Grocery,Vegetables,,3099.11,4358.91,3985,Inactive
PROD0004127,necessitatibus maiores,Sports,Footwear,Xiaomi,175.0,8413.36,3422,Discontinued
PROD0004128,possimus eveniet,Grocery,Fruits,Sony,3636.63,5383.62,605,Active
PROD0004129,velit quos,Electronics,Tablets,Apple,3490.05,1441.1,3482,Inactive
PROD0004130,nihil consequatur,Home & Kitchen,Cookware,Apple,2305.95,4510.82,4481,Discontinued
PROD0004131,quidem blanditiis,Fashion,Kids,LG,2359.92,7530.27,1226,Discontinued
PROD0004132,perspiciatis optio,Electronics,Mobiles,Samsung,1538.62,6318.74,3291,Discontinued
PROD0004133,amet suscipit,Sports,Apparel,Generic,3025.78,5050.86,4100,Active
PROD0004134,culpa voluptatum,Home & Kitchen,Decor,Xiaomi,3637.53,8280.66,3079,Discontinued
PROD0004135,at reiciendis,Fashion,Women,LG,54.12,5054.61,532,Inactive
PROD0004136,magni reprehenderit,Beauty,Haircare,Generic,4999.8,7794.42,1519,Inactive
PROD0004137,distinctio pariatur,Home & Kitchen,Cookware,,2559.47,3848.21,4676,Discontinued
PROD0004138,dolorum a,Beauty,Makeup,LG,3458.85,7989.77,2011,Discontinued
PROD0004139,ipsum eum,Grocery,Fruits,Samsung,1159.43,350.27,4309,Discontinued
PROD0004140,corrupti veritatis,Home & Kitchen,Cookware,Generic,3879.44,2173.39,574,Discontinued
PROD0004141,est aspernatur,Sports,Footwear,Samsung,3823.79,8983.42,130,Inactive
PROD0004142,earum vel,Sports,Footwear,LG,3884.02,4298.42,3618,Inactive
PROD0004143,neque deserunt,Grocery,Snacks,,4114.91,5477.21,2074,Discontinued
PROD0004144,laudantium aliquam,Electronics,Accessories,Generic,3265.69,646.89,2208,Inactive
PROD0004145,veritatis incidunt,Sports,Footwear,Generic,3769.84,1033.58,693,Inactive
PROD0004146,ad facere,Grocery,Vegetables,Apple,1248.64,3448.29,3617,Active
PROD0004147,ullam ullam,Home & Kitchen,Decor,,3375.4,3947.12,1900,Active
PROD0004148,id perspiciatis,Home & Kitchen,Cookware,Sony,2776.71,3201.25,2249,Active
PROD0004149,illum est,Home & Kitchen,Appliances,Sony,2183.83,996.13,2739,Discontinued
PROD0004150,nihil repellendus,Sports,Apparel,Generic,577.24,9880.98,4376,Active
PROD0004151,accusantium quasi,Sports,Apparel,,2121.52,8597.44,2240,Inactive
PROD0004152,dolores totam,Grocery,Vegetables,Samsung,2425.36,7353.79,3174,Discontinued
PROD0004153,iure distinctio,Fashion,Men,OnePlus,1397.72,3271.86,2781,Discontinued
PROD0004154,quaerat dolor,Home & Kitchen,Furniture,Sony,3699.85,9511.14,704,Active
PROD0004155,nisi ab,Fashion,Women,Generic,50.47,8137.45,2592,Inactive
PROD0004156,pariatur quo,Grocery,Vegetables,OnePlus,3477.28,884.15,1352,Inactive
PROD0004157,enim ex,Home & Kitchen,Cookware,Sony,3248.07,2592.38,712,Discontinued
PROD0004158,occaecati at,Sports,Apparel,Generic,3872.79,-100.0,4565,Active
PROD0004159,accusantium doloremque,Electronics,Mobiles,Xiaomi,4038.4,6291.48,3221,Discontinued
PROD0004160,praesentium dolore,Home & Kitchen,Appliances,Samsung,4945.0,4485.02,3152,Discontinued
PROD0004161,accusamus sapiente,Home & Kitchen,Decor,Samsung,4326.59,7151.08,4591,Inactive
PROD0004162,minima esse,Beauty,Skincare,Sony,4599.96,4035.28,128,Discontinued
PROD0004163,accusantium provident,Grocery,Vegetables,Samsung,2998.59,240.63,1276,Discontinued
PROD0004164,tempore perspiciatis,Sports,Footwear,Apple,3948.51,1964.36,2638,Active
PROD0004165,aperiam facere,Fashion,Men,Xiaomi,4397.9,2470.5,3175,Discontinued
PROD0004166,non reiciendis,Grocery,Vegetables,Apple,500.74,6979.33,4837,Active
PROD0004167,perferendis expedita,Grocery,Snacks,Generic,1216.77,841.0,365,Active
PROD0004168,dolor id,Home & Kitchen,Cookware,LG,780.57,2737.65,95,Inactive
PROD0004169,autem blanditiis,Home & Kitchen,Appliances,Apple,1183.02,1386.81,3027,Discontinued
PROD0004170,distinctio fugit,Beauty,Makeup,LG,3008.37,656.65,2706,Discontinued
PROD0004171,illum iusto,Fashion,Men,,3593.0,1176.36,3194,Active
PROD0004172,ut rem,Electronics,Tablets,Samsung,3493.01,7961.33,4088,Active
PROD0004173,eius assumenda,Beauty,Haircare,OnePlus,3613.8,9308.54,4125,Inactive
PROD0004174,consequuntur veritatis,Fashion,Kids,Sony,3989.98,9130.69,1198,Inactive
PROD0004175,sapiente maiores,Grocery,Fruits,Xiaomi,2875.23,9139.6,4822,Active
PROD0004176,doloribus placeat,Home & Kitchen,Furniture,LG,4933.37,2552.74,3743,Discontinued
PROD0004177,repellat rerum,Home & Kitchen,Appliances,LG,2956.09,8199.86,401,Inactive
PROD0004178,commodi ducimus,Sports,Equipment,Sony,1634.33,1479.07,942,Discontinued
PROD0004179,dicta ex,Beauty,Skincare,Sony,1671.66,568.31,3108,Discontinued
PROD0004180,sit voluptate,Beauty,Skincare,Samsung,1428.13,8230.36,4616,Active
PROD0004181,magni laudantium,Electronics,Tablets,Generic,4797.28,8411.92,955,Active
PROD0004182,voluptates a,Fashion,Kids,Sony,379.43,8879.44,4146,Active
PROD0004183,earum quidem,Sports,Equipment,,2149.13,6620.82,1389,Discontinued
PROD0004184,veritatis iusto,Beauty,Skincare,LG,4237.0,6296.85,4705,Inactive
PROD0004185,ducimus voluptas,Electronics,Accessories,Generic,3125.54,1953.44,3184,Active
PROD0004186,laudantium incidunt,Fashion,Men,Apple,3975.08,2225.01,2090,Inactive
PROD0004187,occaecati consequuntur,Electronics,Laptops,Samsung,992.58,5784.21,3359,Discontinued
PROD0004188,quo a,Fashion,Men,OnePlus,1591.67,6547.79,2945,Discontinued
PROD0004189,et eveniet,Fashion,Kids,Samsung,928.15,7783.86,2119,Discontinued
PROD0004190,dolore quibusdam,Fashion,Shoes,LG,3017.55,5821.28,1489,Inactive
PROD0004191,accusamus nemo,Electronics,Mobiles,Xiaomi,660.27,8753.76,1890,Discontinued
PROD0004192,esse facilis,Sports,Apparel,Samsung,3628.27,2024.44,1898,Discontinued
PROD0004193,ab asperiores,Home & Kitchen,Decor,Samsung,4210.0,7151.44,1822,Inactive
PROD0004194,quisquam iusto,Sports,Equipment,Sony,1108.23,2679.84,1141,Inactive
PROD0004195,non atque,Home & Kitchen,Decor,Apple,3986.56,4721.58,4494,Active
PROD0004196,soluta sunt,Electronics,Tablets,,1492.97,5609.34,1800,Inactive
PROD0004197,ullam voluptatum,Beauty,Skincare,Apple,912.65,3074.82,2016,Inactive
PROD0004198,at culpa,Home & Kitchen,Furniture,Generic,4815.62,2765.05,3412,Inactive
PROD0004199,aperiam unde,Beauty,Makeup,OnePlus,632.53,9235.55,2997,Discontinued
PROD0004200,reiciendis quas,Home & Kitchen,Appliances,Xiaomi,2027.99,9639.31,847,Discontinued
PROD0004201,ex nihil,Grocery,Dairy,Xiaomi,2139.1,4565.96,500,Active
PROD0004202,tempore alias,Home & Kitchen,Cookware,Generic,2370.61,398.33,1584,Inactive
PROD0004203,expedita facere,Fashion,Women,Generic,3890.93,8062.48,3030,Active
PROD0004204,quos voluptatum,Grocery,Snacks,OnePlus,2082.82,5136.66,4387,Inactive
PROD0004205,reprehenderit ab,Home & Kitchen,Appliances,Xiaomi,2700.3,8730.83,4009,Discontinued
PROD0004206,suscipit aspernatur,Home & Kitchen,Appliances,Generic,146.58,2074.93,97,Inactive
PROD0004207,unde eos,Home & Kitchen,Furniture,,2280.61,2965.9,892,Discontinued
PROD0004208,in laudantium,Grocery,Dairy,,3879.68,4947.87,4952,Inactive
PROD0004209,placeat error,Sports,Apparel,LG,3738.41,6088.81,440,Discontinued
PROD0004210,aperiam molestiae,Fashion,Men,OnePlus,3855.62,6012.99,1026,Discontinued
PROD0004211,architecto perspiciatis,Sports,Equipment,Xiaomi,1496.67,-100.0,3237,Inactive
PROD0004212,molestiae exercitationem,Sports,Footwear,Xiaomi,4196.32,3868.18,4707,Active
PROD0004213,reprehenderit accusantium,Grocery,Dairy,Sony,3821.26,5624.08,2675,Active
PROD0004214,iusto eveniet,Electronics,Tablets,Generic,3762.61,3579.99,4445,Discontinued
PROD0004215,recusandae deleniti,Fashion,Women,OnePlus,1992.59,-500.0,4067,Discontinued
PROD0004216,aut veritatis,Beauty,Skincare,,1702.48,2615.15,1091,Active
PROD0004217,non labore,Grocery,Snacks,Generic,2211.43,4617.5,842,Active
PROD0004218,impedit quasi,Fashion,Men,Sony,1285.69,7636.9,3872,Discontinued
PROD0004219,tenetur pariatur,Fashion,Women,,1837.99,4928.91,2177,Inactive
PROD0004220,reiciendis sint,Grocery,Fruits,Xiaomi,3516.04,160.72,4580,Inactive
PROD0004221,iste tenetur,Fashion,Shoes,OnePlus,4029.78,350.12,4211,Discontinued
PROD0004222,unde eaque,Grocery,Snacks,Sony,564.06,9263.95,387,Active
PROD0004223,suscipit facere,Fashion,Men,Samsung,121.74,7175.61,3226,Active
PROD0004224,eaque voluptatibus,Fashion,Shoes,Generic,1173.97,5767.96,2713,Discontinued
PROD0004225,soluta maiores,Beauty,Skincare,LG,1740.82,7444.48,2309,Inactive
PROD0004226,rem vero,Electronics,Laptops,OnePlus,2570.22,2576.87,3030,Inactive
PROD0004227,aut explicabo,Sports,Apparel,,3569.71,5849.36,1937,Discontinued
PROD0004228,neque deserunt,Electronics,Laptops,OnePlus,3466.9,1366.82,745,Discontinued
PROD0004229,corrupti dolor,Sports,Footwear,Apple,4434.29,8271.72,1485,Inactive
PROD0004230,quas velit,Fashion,Women,Samsung,3334.85,7060.24,581,Inactive
PROD0004231,dolor consectetur,Home & Kitchen,Appliances,LG,2526.52,9222.23,4778,Active
PROD0004232,illo nesciunt,Sports,Equipment,,776.03,7319.09,721,Active
PROD0004233,aliquid nobis,Grocery,Snacks,Apple,1448.93,8837.81,3791,Active
PROD0004234,autem veritatis,Sports,Equipment,Generic,3275.92,2785.29,49,Discontinued
PROD0004235,mollitia possimus,Sports,Equipment,Xiaomi,1330.99,2507.56,4716,Inactive
PROD0004236,enim in,Sports,Apparel,OnePlus,3968.4,5760.75,4798,Inactive
PROD0004237,deleniti exercitationem,Beauty,Haircare,OnePlus,1116.2,3551.84,194,Active
PROD0004238,modi quam,Fashion,Shoes,Xiaomi,3723.5,6743.51,2400,Active
PROD0004239,commodi fuga,Beauty,Makeup,Samsung,162.94,9744.84,2145,Inactive
PROD0004240,soluta voluptatem,Sports,Apparel,Xiaomi,1389.25,1124.5,4192,Inactive
PROD0004241,distinctio suscipit,Home & Kitchen,Appliances,Xiaomi,1102.29,8319.46,1725,Inactive
PROD0004242,occaecati nulla,Grocery,Snacks,Generic,4726.62,3528.92,4289,Discontinued
PROD0004243,quae accusamus,Electronics,Tablets,Sony,2953.14,5689.93,4927,Active
PROD0004244,quibusdam unde,Home & Kitchen,Furniture,Samsung,1811.78,780.05,1344,Active
PROD0004245,dolorum velit,Grocery,Fruits,Sony,2691.48,978.69,3790,Active
PROD0004246,reiciendis aut,Beauty,Skincare,Generic,4996.61,9151.94,543,Discontinued
PROD0004247,consequuntur delectus,Electronics,Tablets,Sony,1831.01,1946.77,2847,Inactive
PROD0004248,occaecati ut,Electronics,Mobiles,Apple,1095.01,4736.29,3662,Inactive
PROD0004249,debitis laboriosam,Electronics,Accessories,LG,622.42,5516.49,2097,Discontinued
PROD0004250,atque culpa,Beauty,Haircare,Generic,1895.44,4511.16,2344,Discontinued
PROD0004251,laboriosam aliquam,Home & Kitchen,Decor,Xiaomi,4749.3,5910.63,769,Active
PROD0004252,harum optio,Grocery,Vegetables,Apple,820.44,7546.9,1666,Active
PROD0004253,velit commodi,Grocery,Fruits,Apple,3068.77,4579.36,2422,Active
PROD0004254,corrupti vel,Grocery,Snacks,LG,2661.93,3759.65,46,Active
PROD0004255,dolore quod,Beauty,Skincare,Xiaomi,4919.98,2647.08,590,Active
PROD0004256,ipsa explicabo,Electronics,Tablets,Sony,193.49,994.17,4409,Inactive
PROD0004257,non nemo,Beauty,Skincare,OnePlus,3134.92,5156.1,2446,Active
PROD0004258,a eius,Grocery,Dairy,Apple,912.48,364.54,2125,Inactive
PROD0004259,veritatis necessitatibus,Electronics,Accessories,Xiaomi,1197.76,9431.98,1450,Discontinued
PROD0004260,quod at,Grocery,Fruits,Sony,4503.45,473.29,1594,Inactive
PROD0004261,debitis animi,Sports,Apparel,,2554.92,3733.81,3070,Active
PROD0004262,temporibus autem,Beauty,Makeup,,4666.12,2757.62,3577,Active
PROD0004263,ipsa molestias,Home & Kitchen,Cookware,Generic,785.07,180.9,589,Active
PROD0004264,consectetur perspiciatis,Fashion,Shoes,Sony,507.36,6171.13,2697,Discontinued
PROD0004265,reprehenderit laboriosam,Fashion,Women,Sony,1633.4,1511.96,4632,Active
PROD0004266,cupiditate asperiores,Sports,Equipment,Generic,3537.35,8111.57,1004,Inactive
PROD0004267,delectus nam,Beauty,Makeup,Samsung,2701.48,5774.51,2737,Active
PROD0004268,quis quas,Home & Kitchen,Appliances,Apple,2564.12,9798.52,1813,Active
PROD0004269,animi eveniet,Grocery,Snacks,Sony,2340.37,8062.27,1437,Inactive
PROD0004270,pariatur facere,Home & Kitchen,Cookware,LG,3662.17,4410.76,1913,Active
PROD0004271,ad quibusdam,Grocery,Fruits,Xiaomi,969.3,9179.81,1025,Active
PROD0004272,facere quas,Sports,Footwear,LG,1921.27,9862.11,2822,Discontinued
PROD0004273,voluptatem consequuntur,Beauty,Haircare,,2167.97,5892.19,4330,Inactive
PROD0004274,nulla sint,Beauty,Haircare,OnePlus,1989.14,5824.9,852,Active
PROD0004275,molestias error,Home & Kitchen,Furniture,Samsung,1157.02,2115.57,2449,Discontinued
PROD0004276,voluptatum enim,Home & Kitchen,Furniture,OnePlus,521.83,8080.96,2582,Inactive
PROD0004277,fugit hic,Grocery,Vegetables,Xiaomi,242.73,9272.62,5,Active
PROD0004278,aperiam porro,Electronics,Tablets,Generic,4559.66,3569.17,2874,Active
PROD0004279,iste fugiat,Home & Kitchen,Decor,Apple,3878.06,2882.78,2782,Discontinued
PROD0004280,amet doloremque,Beauty,Skincare,LG,3739.32,8987.93,4546,Discontinued
PROD0004281,deleniti doloribus,Electronics,Accessories,Generic,3521.17,917.24,2300,Discontinued
PROD0004282,ut recusandae,Fashion,Men,Apple,1347.25,1033.47,1889,Active
PROD0004283,facilis dolorum,Grocery,Dairy,,81.37,9424.8,1533,Discontinued
PROD0004284,aliquid dolorum,Home & Kitchen,Decor,,1219.09,6765.61,315,Active
PROD0004285,officiis asperiores,Sports,Equipment,Samsung,2851.04,5476.42,2919,Inactive
PROD0004286,libero sed,Sports,Apparel,Sony,279.8,9748.96,489,Discontinued
PROD0004287,ut vero,Sports,Footwear,LG,4158.12,974.37,3100,Inactive
PROD0004288,sit amet,Grocery,Fruits,Generic,3694.94,999999.0,633,Active
PROD0004289,totam qui,Home & Kitchen,Cookware,Samsung,4160.24,4612.78,4694,Active
PROD0004290,amet quibusdam,Beauty,Haircare,OnePlus,176.85,6650.62,3475,Discontinued
PROD0004291,occaecati non,Home & Kitchen,Cookware,Sony,2224.61,1824.84,3846,Active
PROD0004292,aut quas,Fashion,Men,Generic,2365.58,5789.9,2909,Active
PROD0004293,voluptates quasi,Fashion,Women,Sony,3518.14,8371.48,455,Active
PROD0004294,ex fuga,Fashion,Shoes,LG,4520.74,9599.08,3170,Discontinued
PROD0004295,adipisci atque,Home & Kitchen,Appliances,Xiaomi,2960.9,2167.66,2501,Discontinued
PROD0004296,animi commodi,Home & Kitchen,Decor,,2645.6,9875.61,3245,Inactive
PROD0004297,optio eum,Fashion,Men,Apple,778.52,3833.89,2102,Discontinued
PROD0004298,dolor quo,Beauty,Makeup,Samsung,1413.18,7486.87,612,Discontinued
PROD0004299,non iusto,Electronics,Tablets,LG,1373.43,6065.2,173,Discontinued
PROD0004300,excepturi cumque,Home & Kitchen,Appliances,Xiaomi,3458.51,2052.24,4887,Active
PROD0004301,modi eveniet,Fashion,Women,Samsung,2320.72,5251.42,3105,Inactive
PROD0004302,voluptates hic,Grocery,Snacks,Xiaomi,4406.18,5462.23,3374,Discontinued
PROD0004303,tenetur molestiae,Electronics,Accessories,Generic,2691.88,5695.39,4549,Discontinued
PROD0004304,tempora voluptate,Home & Kitchen,Decor,LG,857.99,2250.79,1388,Discontinued
PROD0004305,temporibus eius,Sports,Footwear,Sony,4214.3,8948.58,4015,Inactive
PROD0004306,quas ullam,Electronics,Mobiles,OnePlus,832.36,1444.69,1487,Discontinued
PROD0004307,quibusdam molestiae,Sports,Footwear,,1153.41,7608.25,2623,Active
PROD0004308,suscipit odit,Fashion,Shoes,Apple,889.01,2999.99,1695,Discontinued
PROD0004309,totam recusandae,Electronics,Accessories,OnePlus,1411.64,636.96,4481,Inactive
PROD0004310,suscipit corporis,Grocery,Dairy,Samsung,2323.02,8223.03,1028,Inactive
PROD0004311,sit eaque,Grocery,Fruits,Generic,4851.99,9316.66,3538,Active
PROD0004312,autem consequuntur,Electronics,Laptops,OnePlus,60.16,5568.02,3320,Active
PROD0004313,tempore inventore,Fashion,Shoes,LG,2982.55,8070.39,544,Inactive
PROD0004314,dicta atque,Beauty,Skincare,Generic,406.01,8478.52,1504,Active
PROD0004315,eaque modi,Grocery,Dairy,Xiaomi,4453.16,6788.58,2528,Active
PROD0004316,eos quia,Fashion,Men,Xiaomi,2021.55,3503.14,2558,Active
PROD0004317,cupiditate ipsum,Beauty,Makeup,OnePlus,3656.78,7354.03,3996,Active
PROD0004318,occaecati consequatur,Electronics,Laptops,Sony,4870.76,9754.16,4140,Active
PROD0004319,unde veritatis,Home & Kitchen,Decor,Generic,1980.18,1178.26,2044,Active
PROD0004320,unde sint,Grocery,Snacks,Generic,2277.25,4429.17,110,Discontinued
PROD0004321,magni quae,Beauty,Haircare,Apple,1316.21,7161.58,1533,Discontinued
PROD0004322,temporibus repudiandae,Electronics,Tablets,Generic,1660.31,1211.21,2322,Active
PROD0004323,quia impedit,Sports,Apparel,,2624.93,3591.78,3684,Inactive
PROD0004324,eius adipisci,Beauty,Haircare,,3425.66,5337.84,1480,Discontinued
PROD0004325,officia ipsa,Electronics,Tablets,Generic,3858.0,4462.92,4000,Inactive
PROD0004326,corporis maiores,Electronics,Mobiles,,1233.74,8165.23,2261,Discontinued
PROD0004327,saepe quisquam,Electronics,Mobiles,OnePlus,2179.58,4311.68,1757,Active
PROD0004328,repellat aliquid,Sports,Footwear,,1546.94,2664.24,2957,Active
PROD0004329,consectetur atque,Home & Kitchen,Appliances,LG,3721.89,9626.18,655,Active
PROD0004330,delectus voluptates,Grocery,Dairy,LG,4837.56,7663.43,3978,Discontinued
PROD0004331,officia saepe,Sports,Footwear,Xiaomi,3803.74,7673.73,1766,Active
PROD0004332,nam sapiente,Beauty,Skincare,OnePlus,1859.11,551.62,4366,Active
PROD0004333,sapiente iusto,Electronics,Accessories,Xiaomi,404.88,4748.89,1269,Discontinued
PROD0004334,nisi eligendi,Electronics,Laptops,Sony,932.88,4989.9,732,Discontinued
PROD0004335,eligendi praesentium,Sports,Apparel,Sony,2470.85,9038.31,583,Discontinued
PROD0004336,molestias asperiores,Electronics,Laptops,LG,1197.37,1478.99,1578,Discontinued
PROD0004337,consequatur dolores,Home & Kitchen,Cookware,LG,204.64,4766.81,45,Discontinued
PROD0004338,temporibus ea,Fashion,Kids,Generic,2617.91,7962.99,755,Active
PROD0004339,ipsam alias,Home & Kitchen,Furniture,Xiaomi,1935.81,6630.26,3861,Inactive
PROD0004340,eaque a,Electronics,Accessories,OnePlus,3531.34,4932.23,4401,Active
PROD0004341,eius voluptatem,Home & Kitchen,Appliances,Samsung,3074.87,4802.46,4514,Active
PROD0004342,maxime culpa,Electronics,Tablets,LG,4141.61,1700.51,3272,Active
PROD0004343,eaque beatae,Grocery,Fruits,Xiaomi,2291.44,4958.99,2045,Active
PROD0004344,dolor animi,Fashion,Women,OnePlus,3291.88,7423.45,3982,Inactive
PROD0004345,voluptatibus harum,Grocery,Snacks,Apple,2476.6,9511.94,4959,Inactive
PROD0004346,ipsam earum,Electronics,Laptops,Xiaomi,189.93,8525.07,2481,Active
PROD0004347,optio nobis,Sports,Footwear,Xiaomi,2141.48,5708.44,4005,Active
PROD0004348,vero aspernatur,Home & Kitchen,Decor,,623.36,3978.99,3579,Discontinued
PROD0004349,ea mollitia,Fashion,Kids,Samsung,781.42,1910.18,4470,Discontinued
PROD0004350,occaecati praesentium,Beauty,Haircare,Xiaomi,3188.15,8156.83,358,Inactive
PROD0004351,pariatur consequuntur,Electronics,Accessories,Sony,541.23,-100.0,828,Discontinued
PROD0004352,eos dolorem,Fashion,Kids,OnePlus,2009.27,5689.03,3304,Inactive
PROD0004353,est laborum,Home & Kitchen,Furniture,Xiaomi,446.47,7899.83,2959,Discontinued
PROD0004354,ipsa nesciunt,Electronics,Laptops,Xiaomi,4221.37,8841.52,2367,Inactive
PROD0004355,quasi dolor,Electronics,Tablets,OnePlus,990.37,6441.75,3639,Active
PROD0004356,eos nemo,Home & Kitchen,Cookware,OnePlus,2084.08,5452.49,3722,Inactive
PROD0004357,earum vero,Grocery,Vegetables,Generic,3124.2,2387.03,2667,Inactive
PROD0004358,et non,Grocery,Vegetables,,823.1,6179.81,2390,Discontinued
PROD0004359,similique numquam,Fashion,Women,,3409.26,2124.34,1384,Discontinued
PROD0004360,saepe facere,Home & Kitchen,Cookware,,3416.58,2307.83,75,Inactive
PROD0004361,quisquam excepturi,Grocery,Fruits,LG,2070.2,930.63,2908,Discontinued
PROD0004362,quia in,Grocery,Snacks,LG,4268.77,5233.21,2594,Active
PROD0004363,omnis voluptatum,Home & Kitchen,Appliances,Samsung,939.82,502.16,3600,Active
PROD0004364,hic aliquid,Electronics,Mobiles,OnePlus,1945.55,3132.53,1130,Inactive
PROD0004365,praesentium aliquam,Electronics,Laptops,,1737.32,139.76,559,Discontinued
PROD0004366,sed quisquam,Sports,Equipment,Apple,3133.97,7200.5,3638,Discontinued
PROD0004367,facilis officia,Home & Kitchen,Appliances,Apple,3274.89,1752.88,188,Inactive
PROD0004368,eligendi quis,Fashion,Men,Generic,3883.62,7334.71,1894,Active
PROD0004369,illum qui,Sports,Footwear,,4304.77,5386.59,4878,Discontinued
PROD0004370,amet cumque,Grocery,Fruits,Sony,334.85,9843.28,1289,Inactive
PROD0004371,accusamus quis,Grocery,Vegetables,OnePlus,2704.97,9762.76,4325,Inactive
PROD0004372,repudiandae illum,Fashion,Kids,Apple,3880.64,2868.52,373,Inactive
PROD0004373,tempore explicabo,Fashion,Men,Sony,1775.29,9647.52,2496,Discontinued
PROD0004374,numquam autem,Home & Kitchen,Cookware,Samsung,770.56,7321.06,4575,Inactive
PROD0004375,dignissimos aperiam,Beauty,Makeup,OnePlus,4591.17,5004.29,1404,Inactive
PROD0004376,quasi maiores,Home & Kitchen,Cookware,OnePlus,455.21,2023.92,1197,Discontinued
PROD0004377,harum itaque,Sports,Apparel,,4920.96,9609.86,1943,Active
PROD0004378,aperiam hic,Home & Kitchen,Furniture,,945.79,3743.04,4513,Discontinued
PROD0004379,temporibus reiciendis,Home & Kitchen,Decor,LG,1301.4,2430.96,1552,Inactive
PROD0004380,aut quaerat,Electronics,Tablets,Generic,1864.37,3470.31,2174,Inactive
PROD0004381,iure eaque,Beauty,Haircare,Samsung,64.43,2542.01,4478,Active
PROD0004382,consequatur exercitationem,Grocery,Snacks,OnePlus,3298.2,8461.19,3377,Inactive
PROD0004383,nam repellat,Fashion,Women,Samsung,716.13,9154.51,1243,Active
PROD0004384,quasi dolores,Fashion,Kids,Apple,2803.28,7656.72,881,Active
PROD0004385,cum reprehenderit,Electronics,Laptops,Xiaomi,763.03,5717.62,2981,Inactive
PROD0004386,adipisci asperiores,Beauty,Haircare,Apple,1372.99,702.82,366,Active
PROD0004387,cum officiis,Grocery,Fruits,Generic,710.0,6143.18,4689,Discontinued
PROD0004388,maiores labore,Electronics,Mobiles,,3198.4,4796.84,4126,Inactive
PROD0004389,quo harum,Home & Kitchen,Appliances,,4440.87,7907.91,4253,Active
PROD0004390,mollitia iste,Grocery,Fruits,Generic,385.11,3438.06,3406,Active
PROD0004391,molestias deserunt,Home & Kitchen,Cookware,Apple,2275.11,6513.27,3979,Active
PROD0004392,est architecto,Grocery,Dairy,Generic,3300.75,5145.13,3737,Inactive
PROD0004393,officia quaerat,Home & Kitchen,Furniture,Sony,1536.27,2821.89,1791,Active
PROD0004394,nam libero,Grocery,Vegetables,Xiaomi,2284.32,1104.1,384,Discontinued
PROD0004395,ratione deserunt,Sports,Equipment,Sony,4656.84,6766.85,3756,Discontinued
PROD0004396,officia ullam,Grocery,Snacks,Generic,3074.67,4281.21,2105,Active
PROD0004397,temporibus dolorum,Fashion,Men,Apple,3792.56,2484.79,2665,Discontinued
PROD0004398,dicta vitae,Electronics,Laptops,LG,3593.69,9253.87,20,Discontinued
PROD0004399,aut a,Sports,Equipment,Apple,2030.64,5008.9,3760,Discontinued
PROD0004400,repellat facilis,Beauty,Haircare,Xiaomi,2674.97,5765.51,492,Active
PROD0004401,corrupti eveniet,Fashion,Shoes,LG,4249.36,5363.26,821,Active
PROD0004402,unde earum,Electronics,Laptops,Apple,1632.77,844.17,1287,Active
PROD0004403,commodi neque,Electronics,Accessories,Apple,1145.11,4526.5,988,Discontinued
PROD0004404,iure consequuntur,Electronics,Laptops,Sony,286.03,5932.89,1145,Inactive
PROD0004405,nesciunt id,Beauty,Skincare,Apple,250.04,4922.56,2207,Active
PROD0004406,dolores quam,Fashion,Men,Samsung,2033.4,5411.61,462,Inactive
PROD0004407,optio a,Electronics,Laptops,Apple,2158.81,3318.66,3619,Inactive
PROD0004408,blanditiis omnis,Grocery,Dairy,Apple,3160.56,8807.47,2714,Inactive
PROD0004409,natus vero,Beauty,Haircare,Samsung,2328.45,4387.27,233,Inactive
PROD0004410,dignissimos laborum,Grocery,Fruits,,1327.63,2373.32,3602,Active
PROD0004411,velit ipsam,Fashion,Men,Generic,1541.77,7320.08,2549,Discontinued
PROD0004412,debitis voluptates,Fashion,Women,Sony,3861.48,2419.36,4663,Discontinued
PROD0004413,nulla placeat,Beauty,Makeup,LG,2846.5,9499.62,136,Discontinued
PROD0004414,incidunt molestias,Fashion,Men,Generic,2248.68,1126.83,4032,Active
PROD0004415,laborum enim,Fashion,Kids,Generic,3002.6,4324.77,194,Discontinued
PROD0004416,dolorem quidem,Beauty,Makeup,,3702.78,8777.61,4301,Inactive
PROD0004417,quibusdam voluptatem,Grocery,Fruits,,2456.0,9358.72,4513,Inactive
PROD0004418,cumque maxime,Grocery,Fruits,Xiaomi,665.03,5909.28,1442,Inactive
PROD0004419,deserunt neque,Sports,Footwear,Apple,2252.74,6774.67,1441,Active
PROD0004420,occaecati sit,Electronics,Tablets,Sony,3344.82,439.82,2035,Discontinued
PROD0004421,incidunt molestias,Grocery,Snacks,Apple,4206.28,4437.16,3742,Active
PROD0004422,optio repellat,Sports,Apparel,LG,4318.51,5192.71,2329,Active
PROD0004423,eveniet cumque,Home & Kitchen,Cookware,Generic,2483.86,5037.83,624,Active
PROD0004424,dolorum numquam,Grocery,Fruits,LG,3848.78,7033.12,3714,Inactive
PROD0004425,quia deserunt,Home & Kitchen,Decor,Apple,2577.41,4022.06,2699,Inactive
PROD0004426,molestias consequatur,Home & Kitchen,Furniture,,1344.57,6970.11,4293,Active
PROD0004427,natus qui,Fashion,Women,OnePlus,3966.43,5260.35,1177,Discontinued
PROD0004428,necessitatibus quisquam,Electronics,Mobiles,LG,1203.03,1054.67,1485,Active
PROD0004429,odit itaque,Sports,Apparel,,2705.33,3237.04,430,Discontinued
PROD0004430,laborum exercitationem,Sports,Footwear,Xiaomi,1440.38,5051.51,3316,Active
PROD0004431,eligendi aliquam,Beauty,Skincare,Sony,1074.6,4475.44,1695,Inactive
PROD0004432,esse inventore,Grocery,Fruits,LG,1033.75,6684.74,513,Inactive
PROD0004433,quos deserunt,Fashion,Kids,Apple,3100.51,4915.89,4723,Discontinued
PROD0004434,labore ducimus,Fashion,Kids,Sony,1646.69,4007.33,4781,Active
PROD0004435,similique aliquid,Home & Kitchen,Cookware,Xiaomi,4608.3,2506.5,4294,Active
PROD0004436,sint nulla,Fashion,Men,Apple,3138.41,1643.5,3549,Discontinued
PROD0004437,odit fugit,Beauty,Haircare,Generic,3782.48,995.46,3143,Active
PROD0004438,maxime aliquid,Beauty,Haircare,Apple,1930.92,9303.91,3925,Inactive
PROD0004439,doloremque est,Beauty,Haircare,LG,3006.08,9151.51,4593,Active
PROD0004440,expedita fugit,Electronics,Tablets,Generic,1248.42,4750.15,4422,Discontinued
PROD0004441,nihil ad,Fashion,Kids,Apple,3585.74,1605.14,836,Active
PROD0004442,officia illo,Electronics,Laptops,Samsung,3290.52,8363.11,518,Inactive
PROD0004443,harum at,Sports,Apparel,OnePlus,468.74,4707.87,1812,Active
PROD0004444,porro quis,Sports,Apparel,Xiaomi,2659.07,4493.46,755,Active
PROD0004445,eveniet placeat,Electronics,Mobiles,,3510.93,975.69,4414,Inactive
PROD0004446,excepturi sit,Electronics,Tablets,Sony,4569.58,4889.94,1188,Inactive
PROD0004447,amet consequuntur,Beauty,Skincare,Xiaomi,3963.7,577.65,2273,Inactive
PROD0004448,ab nam,Beauty,Haircare,Xiaomi,1287.2,3615.99,4645,Discontinued
PROD0004449,tenetur eos,Home & Kitchen,Furniture,OnePlus,3009.34,3219.44,3900,Active
PROD0004450,unde quasi,Grocery,Snacks,Apple,610.36,4042.91,3568,Inactive
PROD0004451,corrupti architecto,Electronics,Tablets,Sony,4156.63,2910.18,3461,Discontinued
PROD0004452,eligendi asperiores,Sports,Apparel,LG,1835.88,7160.43,4605,Inactive
PROD0004453,suscipit odit,Electronics,Accessories,Apple,3113.36,8726.08,4780,Inactive
PROD0004454,quibusdam possimus,Home & Kitchen,Furniture,Generic,1013.56,3766.44,4111,Inactive
PROD0004455,quo repellat,Home & Kitchen,Decor,OnePlus,4400.15,228.71,2696,Active
PROD0004456,autem sed,Grocery,Snacks,Xiaomi,3040.69,9370.94,2786,Discontinued
PROD0004457,dolorem atque,Fashion,Shoes,Generic,1517.25,4953.1,1557,Inactive
PROD0004458,unde atque,Fashion,Men,Samsung,3253.85,6405.18,4229,Active
PROD0004459,dicta quisquam,Electronics,Accessories,Sony,3383.61,2380.38,4481,Discontinued
PROD0004460,expedita iusto,Fashion,Women,LG,730.61,7935.26,2654,Discontinued
PROD0004461,quasi praesentium,Fashion,Women,Xiaomi,744.95,750.69,2713,Active
PROD0004462,maiores beatae,Home & Kitchen,Cookware,OnePlus,3853.24,6523.98,791,Discontinued
PROD0004463,voluptatem libero,Sports,Apparel,Samsung,1094.05,1649.41,1508,Discontinued
PROD0004464,ut placeat,Beauty,Skincare,OnePlus,4368.28,1702.71,938,Active
PROD0004465,quis ipsam,Home & Kitchen,Appliances,OnePlus,3714.34,9455.54,3585,Inactive
PROD0004466,amet facilis,Fashion,Shoes,Generic,2001.1,300.58,596,Discontinued
PROD0004467,ipsa repellat,Grocery,Snacks,Apple,4924.19,8262.31,4867,Discontinued
PROD0004468,quidem excepturi,Sports,Apparel,Xiaomi,1995.74,2692.04,3337,Discontinued
PROD0004469,ullam eos,Home & Kitchen,Cookware,Samsung,2702.75,8088.73,747,Active
PROD0004470,accusantium quaerat,Home & Kitchen,Furniture,OnePlus,101.47,687.26,1954,Active
PROD0004471,corporis ducimus,Electronics,Accessories,,545.36,4564.14,3422,Discontinued
PROD0004472,aut doloremque,Electronics,Accessories,Apple,1283.36,7727.41,244,Active
PROD0004473,voluptatem quisquam,Sports,Equipment,OnePlus,746.6,3759.44,3166,Discontinued
PROD0004474,nulla officia,Grocery,Fruits,OnePlus,4660.39,4855.02,2646,Inactive
PROD0004475,architecto occaecati,Beauty,Haircare,Xiaomi,3161.86,8767.32,2561,Active
PROD0004476,inventore ullam,Sports,Footwear,Samsung,1254.83,5196.32,113,Discontinued
PROD0004477,iure alias,Fashion,Kids,OnePlus,1182.25,434.19,2500,Discontinued
PROD0004478,ex esse,Beauty,Makeup,OnePlus,1661.91,4946.66,1365,Discontinued
PROD0004479,amet vero,Beauty,Makeup,Apple,4707.67,2587.9,1924,Inactive
PROD0004480,consectetur voluptatum,Fashion,Kids,Xiaomi,2780.51,1923.68,4630,Inactive
PROD0004481,aut et,Grocery,Dairy,OnePlus,575.08,1276.78,3215,Inactive
PROD0004482,numquam explicabo,Electronics,Tablets,,2778.83,764.75,2362,Discontinued
PROD0004483,molestiae asperiores,Grocery,Snacks,LG,2443.05,8323.49,2837,Discontinued
PROD0004484,commodi consequatur,Home & Kitchen,Decor,Sony,418.47,6422.54,848,Inactive
PROD0004485,quas aspernatur,Electronics,Accessories,LG,2416.35,7498.35,4174,Active
PROD0004486,incidunt quibusdam,Sports,Apparel,Xiaomi,4199.62,999999.0,2931,Discontinued
PROD0004487,eligendi enim,Home & Kitchen,Appliances,Apple,127.27,445.25,911,Discontinued
PROD0004488,repellat officiis,Electronics,Laptops,Xiaomi,2541.97,7414.04,95,Discontinued
PROD0004489,excepturi voluptatem,Electronics,Laptops,Samsung,1492.55,9703.54,846,Inactive
PROD0004490,illo deleniti,Sports,Apparel,Xiaomi,1177.91,5032.83,2280,Inactive
PROD0004491,repellendus libero,Sports,Apparel,Apple,2480.8,7984.41,3011,Active
PROD0004492,est natus,Home & Kitchen,Decor,Apple,1475.79,5769.66,2773,Active
PROD0004493,nam expedita,Grocery,Dairy,Xiaomi,2527.74,6565.55,4312,Discontinued
PROD0004494,enim deserunt,Sports,Equipment,Samsung,1406.92,3891.56,278,Inactive
PROD0004495,labore expedita,Home & Kitchen,Appliances,Samsung,1088.54,-100.0,4949,Inactive
PROD0004496,similique assumenda,Electronics,Accessories,Samsung,3043.0,1646.71,4548,Discontinued
PROD0004497,quaerat repellat,Beauty,Skincare,,2551.7,9507.12,635,Inactive
PROD0004498,alias voluptatibus,Sports,Equipment,Apple,2806.29,4532.11,3499,Active
PROD0004499,vero perspiciatis,Sports,Footwear,Samsung,3958.2,4986.96,4419,Discontinued
PROD0004500,placeat numquam,Grocery,Snacks,Generic,3919.66,7003.6,3010,Active
PROD0004501,fugiat dolore,Grocery,Dairy,LG,4592.64,9842.86,1583,Inactive
PROD0004502,blanditiis ea,Electronics,Laptops,Generic,267.6,148.27,2792,Inactive
PROD0004503,quae possimus,Electronics,Accessories,,2869.45,9528.88,244,Active
PROD0004504,dignissimos nemo,Home & Kitchen,Cookware,Apple,775.68,658.76,87,Active
PROD0004505,aspernatur voluptate,Home & Kitchen,Furniture,Xiaomi,4719.3,3528.5,2541,Active
PROD0004506,mollitia officia,Home & Kitchen,Furniture,Samsung,1215.33,3266.14,4335,Active
PROD0004507,eius repudiandae,Electronics,Mobiles,LG,250.08,1420.01,4177,Discontinued
PROD0004508,odit laboriosam,Home & Kitchen,Cookware,Samsung,1243.54,1303.4,604,Inactive
PROD0004509,maiores ratione,Sports,Equipment,,3073.65,2421.55,2978,Active
PROD0004510,iste porro,Electronics,Accessories,,3036.56,2781.27,737,Active
PROD0004511,excepturi expedita,Grocery,Fruits,OnePlus,2011.68,9861.83,222,Discontinued
PROD0004512,illum suscipit,Electronics,Tablets,Sony,3002.35,1803.07,1056,Discontinued
PROD0004513,totam dicta,Home & Kitchen,Cookware,,4796.22,7962.66,673,Inactive
PROD0004514,voluptate quaerat,Fashion,Shoes,Sony,3088.0,4588.34,3007,Active
PROD0004515,reprehenderit eum,Sports,Apparel,Xiaomi,1498.23,2504.78,1961,Inactive
PROD0004516,et incidunt,Sports,Footwear,Samsung,3845.83,9288.0,3285,Discontinued
PROD0004517,culpa incidunt,Home & Kitchen,Furniture,OnePlus,1010.16,4950.63,171,Active
PROD0004518,accusamus porro,Sports,Apparel,LG,4562.78,9344.51,3128,Discontinued
PROD0004519,provident ab,Grocery,Dairy,Generic,3580.18,9049.32,3943,Inactive
PROD0004520,dolorem voluptatum,Fashion,Men,,4979.44,6346.7,4364,Active
PROD0004521,aliquid repudiandae,Home & Kitchen,Furniture,Apple,2551.04,9119.61,4928,Inactive
PROD0004522,tempore praesentium,Sports,Footwear,OnePlus,3522.62,4718.74,218,Active
PROD0004523,aspernatur qui,Sports,Footwear,Samsung,1768.53,3848.28,1705,Discontinued
PROD0004524,quas ullam,Electronics,Tablets,Sony,778.99,913.44,4999,Inactive
PROD0004525,corporis odio,Beauty,Haircare,Xiaomi,3506.85,6335.16,1736,Active
PROD0004526,ipsam soluta,Electronics,Tablets,,3473.62,630.9,1996,Inactive
PROD0004527,modi itaque,Home & Kitchen,Decor,Sony,473.07,106.82,4371,Active
PROD0004528,aperiam incidunt,Fashion,Men,OnePlus,967.06,5816.94,644,Active
PROD0004529,officia deleniti,Fashion,Men,Apple,4908.36,1660.6,1313,Active
PROD0004530,sed hic,Sports,Equipment,,3731.53,5247.02,3723,Active
PROD0004531,quibusdam exercitationem,Electronics,Laptops,Sony,2402.29,7245.52,4631,Inactive
PROD0004532,neque qui,Home & Kitchen,Furniture,Generic,4765.71,5164.79,1257,Inactive
PROD0004533,magnam dolorem,Grocery,Vegetables,OnePlus,2944.27,6908.3,2657,Active
PROD0004534,optio dignissimos,Beauty,Haircare,Xiaomi,529.77,1791.21,2370,Active
PROD0004535,similique aliquid,Home & Kitchen,Cookware,Xiaomi,3028.12,4236.62,2693,Discontinued
PROD0004536,libero facere,Beauty,Haircare,Samsung,4815.59,133.56,1149,Discontinued
PROD0004537,nemo ad,Home & Kitchen,Furniture,LG,1768.1,-100.0,964,Active
PROD0004538,possimus ad,Beauty,Makeup,Samsung,3619.12,5088.2,3793,Discontinued
PROD0004539,repudiandae enim,Electronics,Mobiles,LG,1238.99,3351.45,4593,Active
PROD0004540,tempora reiciendis,Electronics,Accessories,OnePlus,1355.16,1467.81,1196,Active
PROD0004541,libero alias,Electronics,Accessories,Generic,1974.12,7310.51,1899,Inactive
PROD0004542,illo perferendis,Fashion,Men,Xiaomi,1047.2,7533.0,4614,Inactive
PROD0004543,quod accusantium,Home & Kitchen,Cookware,Sony,3505.43,261.02,4687,Inactive
PROD0004544,facilis libero,Electronics,Mobiles,,2783.45,9324.09,1019,Active
PROD0004545,architecto odit,Fashion,Men,Generic,1759.62,5091.9,342,Discontinued
PROD0004546,rerum occaecati,Sports,Apparel,Samsung,840.28,2266.49,1378,Discontinued
PROD0004547,doloribus vero,Sports,Apparel,LG,3662.95,5561.73,3575,Inactive
PROD0004548,adipisci accusantium,Electronics,Tablets,OnePlus,2682.41,9748.85,2659,Discontinued
PROD0004549,consequuntur dolore,Home & Kitchen,Cookware,Samsung,2485.95,4919.16,3844,Inactive
PROD0004550,enim perspiciatis,Grocery,Dairy,Samsung,3681.07,4304.96,8,Active
PROD0004551,inventore beatae,Home & Kitchen,Appliances,Generic,4901.12,2891.7,2151,Inactive
PROD0004552,reprehenderit consequatur,Electronics,Mobiles,Samsung,3901.1,6861.55,3032,Discontinued
PROD0004553,consequatur officiis,Fashion,Kids,OnePlus,3999.47,2291.44,2700,Active
PROD0004554,eaque fugit,Fashion,Shoes,LG,2837.57,1978.91,675,Inactive
PROD0004555,vel tenetur,Home & Kitchen,Appliances,Generic,2948.65,9690.45,3857,Inactive
PROD0004556,impedit perspiciatis,Electronics,Tablets,OnePlus,2365.33,7714.73,4438,Active
PROD0004557,earum deleniti,Home & Kitchen,Furniture,,2221.11,4294.63,1252,Active
PROD0004558,quia ex,Electronics,Mobiles,Generic,2315.68,2490.72,3096,Discontinued
PROD0004559,a laudantium,Sports,Apparel,Generic,1092.49,1111.27,4257,Inactive
PROD0004560,provident facere,Sports,Apparel,LG,4224.87,3329.83,3353,Discontinued
PROD0004561,necessitatibus esse,Grocery,Snacks,LG,231.06,6336.73,1748,Inactive
PROD0004562,optio enim,Grocery,Vegetables,OnePlus,2570.73,4239.32,1944,Inactive
PROD0004563,maiores adipisci,Sports,Apparel,Samsung,483.49,3584.84,3277,Active
PROD0004564,temporibus alias,Beauty,Haircare,OnePlus,70.19,6436.96,3396,Discontinued
PROD0004565,cum voluptate,Electronics,Laptops,,3587.39,7844.98,1746,Inactive
PROD0004566,laborum explicabo,Fashion,Men,Apple,886.24,2978.13,3350,Inactive
PROD0004567,quod inventore,Fashion,Men,OnePlus,3135.78,7007.33,2299,Inactive
PROD0004568,ullam quis,Electronics,Accessories,Samsung,1856.1,9551.01,769,Inactive
PROD0004569,omnis numquam,Sports,Footwear,Sony,1212.02,7810.3,4489,Inactive
PROD0004570,rem assumenda,Beauty,Makeup,,1539.18,7307.17,2585,Active
PROD0004571,consectetur incidunt,Fashion,Women,Samsung,4347.44,2037.7,1592,Inactive
PROD0004572,repudiandae maxime,Fashion,Men,OnePlus,2737.54,7133.21,941,Active
PROD0004573,ipsa occaecati,Grocery,Snacks,Sony,4475.63,3574.66,3046,Inactive
PROD0004574,facilis quis,Home & Kitchen,Furniture,Samsung,2210.98,4768.78,1992,Active
PROD0004575,repellendus consectetur,Sports,Apparel,Generic,1021.65,8795.4,1749,Active
PROD0004576,ipsum vel,Sports,Footwear,Sony,3028.21,1991.39,2016,Active
PROD0004577,magnam illo,Sports,Equipment,OnePlus,1378.85,722.73,4034,Discontinued
PROD0004578,consequatur nobis,Sports,Apparel,,3512.5,9735.29,2614,Inactive
PROD0004579,distinctio nam,Sports,Equipment,Samsung,3243.33,5196.1,2376,Discontinued
PROD0004580,aut nesciunt,Electronics,Tablets,Apple,4517.72,550.98,2021,Active
PROD0004581,aperiam possimus,Grocery,Dairy,Apple,4276.49,4570.53,3405,Inactive
PROD0004582,asperiores autem,Grocery,Vegetables,LG,752.81,2660.74,3407,Discontinued
PROD0004583,dolore dolores,Beauty,Haircare,LG,1322.2,162.52,3755,Inactive
PROD0004584,natus ad,Home & Kitchen,Appliances,Xiaomi,2165.6,5962.99,4686,Discontinued
PROD0004585,sed doloribus,Fashion,Men,OnePlus,3725.37,7209.43,4237,Inactive
PROD0004586,pariatur aliquam,Fashion,Men,Sony,69.94,5737.48,1414,Active
PROD0004587,voluptatibus nostrum,Electronics,Mobiles,LG,2543.85,934.19,1168,Active
PROD0004588,et veritatis,Fashion,Kids,Samsung,3048.5,920.92,4212,Active
PROD0004589,repellat dignissimos,Beauty,Makeup,Samsung,2801.88,9305.3,2874,Discontinued
PROD0004590,cupiditate consequuntur,Sports,Equipment,Apple,4294.16,6872.54,3509,Inactive
PROD0004591,ut voluptas,Home & Kitchen,Appliances,Generic,75.47,8684.21,2518,Inactive
PROD0004592,nihil enim,Electronics,Laptops,Sony,1493.67,2138.52,1853,Inactive
PROD0004593,eius nostrum,Beauty,Skincare,Generic,3067.5,3358.94,4913,Active
PROD0004594,repellendus expedita,Sports,Footwear,Samsung,4502.18,1397.62,1291,Inactive
PROD0004595,eaque assumenda,Beauty,Haircare,Samsung,1926.68,2169.77,1828,Inactive
PROD0004596,voluptatibus repudiandae,Grocery,Vegetables,Apple,2504.19,8710.03,2525,Active
PROD0004597,dolores quis,Home & Kitchen,Cookware,Sony,1586.67,9414.77,3919,Inactive
PROD0004598,neque sequi,Grocery,Snacks,Xiaomi,390.96,4056.65,202,Discontinued
PROD0004599,esse beatae,Beauty,Makeup,Generic,1758.94,8017.58,4429,Discontinued
PROD0004600,quod velit,Electronics,Tablets,Samsung,1213.8,6242.27,4428,Active
PROD0004601,nostrum fugit,Electronics,Laptops,,1307.01,3527.52,3296,Discontinued
PROD0004602,provident ducimus,Fashion,Women,Generic,1347.09,8465.56,2149,Active
PROD0004603,laboriosam corporis,Home & Kitchen,Decor,Apple,517.31,4218.27,2678,Inactive
PROD0004604,voluptate voluptatibus,Home & Kitchen,Furniture,LG,4731.19,3186.18,4390,Inactive
PROD0004605,ipsum necessitatibus,Grocery,Snacks,Apple,1584.92,6478.94,273,Inactive
PROD0004606,maxime sint,Sports,Footwear,Apple,3024.6,3764.91,1964,Discontinued
PROD0004607,iure earum,Beauty,Haircare,,2946.95,1791.4,2302,Inactive
PROD0004608,nihil similique,Grocery,Fruits,LG,1843.45,6457.13,3884,Discontinued
PROD0004609,officiis tempore,Fashion,Women,Samsung,3416.03,2031.92,4044,Active
PROD0004610,beatae velit,Fashion,Shoes,,2540.21,739.93,2523,Active
PROD0004611,quidem occaecati,Electronics,Tablets,Sony,4068.73,3274.84,3381,Active
PROD0004612,earum fuga,Sports,Apparel,Xiaomi,1850.78,3729.16,570,Inactive
PROD0004613,nostrum optio,Beauty,Makeup,,1697.63,5883.63,1428,Active
PROD0004614,corporis id,Fashion,Women,Sony,2620.77,8368.86,1683,Active
PROD0004615,quisquam molestiae,Home & Kitchen,Appliances,LG,1560.14,6667.49,4074,Active
PROD0004616,nemo aperiam,Sports,Footwear,Apple,71.4,6343.09,4451,Active
PROD0004617,esse ab,Electronics,Accessories,Sony,4154.8,8721.73,3564,Inactive
PROD0004618,tenetur magnam,Fashion,Women,,3742.57,2480.99,4521,Active
PROD0004619,labore illo,Fashion,Kids,Xiaomi,335.82,6664.99,1855,Discontinued
PROD0004620,adipisci esse,Beauty,Makeup,LG,1306.38,5124.72,624,Discontinued
PROD0004621,voluptas laudantium,Beauty,Makeup,LG,726.16,7077.31,3931,Discontinued
PROD0004622,deserunt omnis,Sports,Footwear,LG,3880.03,8268.03,4002,Discontinued
PROD0004623,ex ipsa,Home & Kitchen,Cookware,LG,3002.79,7220.82,1047,Inactive
PROD0004624,saepe ducimus,Grocery,Vegetables,Apple,786.61,4011.91,4617,Active
PROD0004625,molestias voluptas,Grocery,Dairy,Apple,4593.99,2388.88,1739,Inactive
PROD0004626,sint voluptatem,Beauty,Makeup,OnePlus,1355.8,8077.66,741,Active
PROD0004627,facere ipsa,Home & Kitchen,Furniture,LG,4489.39,8700.59,1036,Discontinued
PROD0004628,aliquid qui,Electronics,Laptops,Samsung,2572.5,6696.16,1086,Inactive
PROD0004629,pariatur sapiente,Fashion,Shoes,,1856.37,5067.91,1098,Inactive
PROD0004630,expedita soluta,Home & Kitchen,Appliances,LG,1377.46,2089.64,410,Discontinued
PROD0004631,atque nisi,Grocery,Fruits,Apple,4579.02,2066.13,1389,Active
PROD0004632,quia recusandae,Sports,Equipment,Sony,1129.6,9152.84,3130,Active
PROD0004633,incidunt nemo,Home & Kitchen,Cookware,Samsung,2495.76,1390.81,3542,Active
PROD0004634,numquam totam,Fashion,Men,Sony,3184.46,1221.17,4475,Inactive
PROD0004635,voluptate odio,Fashion,Shoes,OnePlus,385.09,2967.98,4,Discontinued
PROD0004636,sit consectetur,Grocery,Dairy,Sony,1604.92,9898.44,3329,Inactive
PROD0004637,rem ratione,Sports,Equipment,Sony,61.34,4752.16,1676,Discontinued
PROD0004638,necessitatibus debitis,Electronics,Accessories,Apple,3969.42,6219.79,1220,Inactive
PROD0004639,inventore debitis,Electronics,Accessories,,1754.37,1420.69,4024,Discontinued
PROD0004640,minus voluptatum,Grocery,Dairy,LG,1053.21,3871.14,1789,Discontinued
PROD0004641,vitae aut,Home & Kitchen,Decor,Sony,2291.97,3348.46,123,Discontinued
PROD0004642,illo sequi,Sports,Footwear,Xiaomi,962.27,8098.44,3752,Discontinued
PROD0004643,corrupti facilis,Sports,Equipment,,4735.77,1141.55,964,Inactive
PROD0004644,accusamus cumque,Electronics,Laptops,Apple,4978.86,426.16,2030,Active
PROD0004645,esse corporis,Grocery,Vegetables,Apple,3091.35,9914.15,3770,Discontinued
PROD0004646,corporis dolorem,Electronics,Accessories,Samsung,4093.32,5180.94,1277,Active
PROD0004647,magni ipsam,Grocery,Vegetables,,2959.19,8836.54,3809,Discontinued
PROD0004648,deserunt accusamus,Fashion,Shoes,,3276.7,6610.99,2522,Inactive
PROD0004649,ducimus dicta,Grocery,Dairy,Samsung,3946.33,2169.5,2449,Active
PROD0004650,odio eaque,Sports,Apparel,Samsung,2217.61,1785.37,155,Discontinued
PROD0004651,autem ut,Sports,Apparel,Sony,374.73,8472.92,3157,Discontinued
PROD0004652,maiores nesciunt,Electronics,Accessories,Generic,138.3,9701.73,1267,Discontinued
PROD0004653,voluptate eveniet,Sports,Footwear,OnePlus,3608.47,5919.54,4422,Active
PROD0004654,animi animi,Sports,Equipment,Apple,271.57,2681.52,1853,Inactive
PROD0004655,dolorem doloribus,Grocery,Dairy,,3446.14,3596.37,1168,Inactive
PROD0004656,ea enim,Electronics,Accessories,LG,1866.3,6249.07,4851,Inactive
PROD0004657,voluptas sequi,Electronics,Mobiles,Samsung,1459.4,9153.72,2207,Discontinued
PROD0004658,eaque magnam,Electronics,Mobiles,OnePlus,2080.77,2118.77,114,Inactive
PROD0004659,nobis quasi,Electronics,Accessories,OnePlus,934.57,1517.02,3347,Discontinued
PROD0004660,aliquid soluta,Grocery,Snacks,LG,4922.6,7502.05,577,Inactive
PROD0004661,iusto autem,Fashion,Shoes,LG,4998.04,3630.95,3719,Active
PROD0004662,mollitia perspiciatis,Electronics,Laptops,Samsung,81.22,5763.45,1522,Discontinued
PROD0004663,porro odio,Sports,Apparel,Samsung,3551.86,256.99,2112,Active
PROD0004664,delectus repellat,Electronics,Tablets,,1137.97,6059.43,4943,Discontinued
PROD0004665,magni commodi,Beauty,Haircare,,1572.99,4283.48,1955,Discontinued
PROD0004666,qui nobis,Sports,Apparel,OnePlus,4843.83,3643.21,2373,Active
PROD0004667,numquam nihil,Sports,Footwear,Apple,3548.12,2542.82,2188,Inactive
PROD0004668,pariatur repellendus,Fashion,Men,OnePlus,1566.7,-500.0,3496,Inactive
PROD0004669,doloremque quia,Beauty,Haircare,Sony,1216.64,3041.11,3447,Inactive
PROD0004670,eligendi error,Grocery,Snacks,LG,3452.36,1490.84,492,Active
PROD0004671,animi tenetur,Fashion,Women,,1870.98,7726.05,2310,Discontinued
PROD0004672,odit doloremque,Home & Kitchen,Decor,LG,1120.6,5474.45,4335,Inactive
PROD0004673,accusantium voluptates,Home & Kitchen,Appliances,Sony,149.88,6718.95,324,Inactive
PROD0004674,provident blanditiis,Sports,Apparel,LG,2332.81,9137.77,3818,Active
PROD0004675,error delectus,Fashion,Women,,1474.72,2068.62,3513,Inactive
PROD0004676,maxime veniam,Fashion,Shoes,OnePlus,3068.81,5098.11,505,Active
PROD0004677,et soluta,Electronics,Laptops,,944.9,8191.45,330,Discontinued
PROD0004678,itaque ad,Fashion,Shoes,,3832.66,4433.56,1727,Inactive
PROD0004679,officiis dicta,Home & Kitchen,Decor,Sony,2559.33,9096.36,2419,Inactive
PROD0004680,eos numquam,Beauty,Makeup,Generic,1677.0,6965.77,3408,Active
PROD0004681,eius tempore,Sports,Footwear,,2281.52,2655.71,1014,Discontinued
PROD0004682,ratione quidem,Home & Kitchen,Decor,Apple,1285.84,6382.2,3008,Active
PROD0004683,sint vitae,Electronics,Laptops,Apple,3742.61,3107.95,2677,Inactive
PROD0004684,occaecati assumenda,Sports,Apparel,LG,3658.89,5048.31,4491,Active
PROD0004685,inventore neque,Beauty,Makeup,Sony,1123.9,2972.34,521,Active
PROD0004686,rem cumque,Electronics,Tablets,Sony,796.32,9129.04,3747,Inactive
PROD0004687,in eveniet,Electronics,Laptops,,279.15,8048.31,980,Active
PROD0004688,nam ex,Electronics,Laptops,Apple,1798.57,7363.39,3887,Discontinued
PROD0004689,expedita perspiciatis,Sports,Equipment,Sony,2435.86,7059.92,4805,Inactive
PROD0004690,labore corporis,Fashion,Women,Generic,1832.53,204.45,3127,Active
PROD0004691,soluta deserunt,Electronics,Mobiles,Xiaomi,3088.29,3999.2,1419,Discontinued
PROD0004692,tempore numquam,Home & Kitchen,Cookware,OnePlus,4991.94,8160.5,115,Active
PROD0004693,aut commodi,Home & Kitchen,Cookware,Apple,686.4,9434.79,4618,Inactive
PROD0004694,delectus similique,Fashion,Men,Samsung,1033.22,4525.04,4750,Active
PROD0004695,quas rem,Grocery,Snacks,LG,2097.87,891.18,956,Discontinued
PROD0004696,voluptatum consequuntur,Beauty,Haircare,Samsung,2393.59,3699.13,2527,Discontinued
PROD0004697,cum porro,Home & Kitchen,Decor,Xiaomi,3318.52,5916.99,3939,Active
PROD0004698,eos perspiciatis,Grocery,Vegetables,,4581.73,3385.34,1455,Active
PROD0004699,officiis ea,Beauty,Makeup,LG,1389.92,8010.39,4501,Discontinued
PROD0004700,labore laboriosam,Home & Kitchen,Cookware,,3746.75,8680.07,427,Active
PROD0004701,tenetur corrupti,Grocery,Dairy,OnePlus,2722.76,487.3,3381,Inactive
PROD0004702,recusandae minus,Home & Kitchen,Furniture,Samsung,3321.01,6618.09,1229,Active
PROD0004703,modi atque,Sports,Apparel,Xiaomi,3721.78,5449.15,2621,Inactive
PROD0004704,voluptas tempora,Grocery,Dairy,,105.74,300.22,4306,Inactive
PROD0004705,ullam molestias,Beauty,Skincare,,189.85,7773.88,2849,Active
PROD0004706,asperiores quae,Home & Kitchen,Cookware,Apple,1946.55,3304.12,4672,Discontinued
PROD0004707,unde similique,Grocery,Snacks,OnePlus,1587.66,7536.61,4816,Inactive
PROD0004708,eius numquam,Home & Kitchen,Cookware,Apple,2016.62,850.52,386,Discontinued
PROD0004709,repudiandae in,Electronics,Laptops,Sony,4815.17,999999.0,1394,Discontinued
PROD0004710,sunt architecto,Sports,Apparel,Generic,565.73,3320.89,1372,Inactive
PROD0004711,voluptates modi,Electronics,Mobiles,Generic,1933.79,2465.48,392,Active
PROD0004712,illo voluptatibus,Sports,Footwear,Apple,4292.53,4486.35,3758,Active
PROD0004713,atque a,Electronics,Mobiles,Xiaomi,3362.37,2748.56,2995,Active
PROD0004714,veniam at,Sports,Equipment,LG,1683.65,8837.35,615,Active
PROD0004715,libero laboriosam,Sports,Footwear,Samsung,4106.04,8056.25,1821,Inactive
PROD0004716,iusto sed,Grocery,Dairy,Samsung,2749.72,1544.64,4884,Active
PROD0004717,qui omnis,Home & Kitchen,Decor,Generic,4213.93,3264.02,2712,Discontinued
PROD0004718,exercitationem dignissimos,Home & Kitchen,Decor,Generic,2374.98,2732.62,3979,Active
PROD0004719,recusandae animi,Beauty,Skincare,OnePlus,2506.0,-100.0,491,Active
PROD0004720,nisi enim,Grocery,Fruits,Samsung,2660.49,5839.99,2885,Active
PROD0004721,assumenda nostrum,Fashion,Shoes,OnePlus,1300.93,383.2,2169,Discontinued
PROD0004722,omnis amet,Electronics,Laptops,LG,3684.07,2974.67,63,Discontinued
PROD0004723,cumque omnis,Home & Kitchen,Cookware,Xiaomi,451.52,9208.17,627,Active
PROD0004724,minus quia,Fashion,Kids,Sony,4395.85,3594.42,2925,Active
PROD0004725,incidunt ipsa,Electronics,Tablets,OnePlus,2589.95,1013.18,2269,Inactive
PROD0004726,expedita aperiam,Electronics,Laptops,,3666.32,6813.95,467,Active
PROD0004727,doloribus nihil,Electronics,Mobiles,Sony,2873.28,9481.99,1616,Discontinued
PROD0004728,iusto earum,Beauty,Skincare,LG,4012.83,9452.04,1799,Active
PROD0004729,incidunt modi,Beauty,Haircare,Generic,3325.71,999999.0,4289,Active
PROD0004730,iure consequatur,Beauty,Makeup,Generic,2267.31,1342.44,249,Discontinued
PROD0004731,laudantium incidunt,Home & Kitchen,Appliances,LG,1974.89,5084.56,580,Active
PROD0004732,cupiditate sapiente,Electronics,Tablets,Samsung,3990.16,6387.77,4778,Discontinued
PROD0004733,quam reprehenderit,Fashion,Kids,LG,694.63,9663.54,3382,Active
PROD0004734,deleniti enim,Grocery,Fruits,Samsung,4854.98,8138.6,1768,Discontinued
PROD0004735,natus quae,Grocery,Vegetables,Generic,4358.0,6422.81,4248,Active
PROD0004736,veniam sed,Fashion,Shoes,LG,2470.26,3124.41,3735,Inactive
PROD0004737,quidem tempora,Beauty,Haircare,Sony,3227.96,2561.02,4621,Inactive
PROD0004738,fuga inventore,Beauty,Haircare,Sony,4126.76,3923.56,1160,Discontinued
PROD0004739,reprehenderit sit,Beauty,Haircare,Apple,4280.09,2631.34,3093,Inactive
PROD0004740,ex alias,Fashion,Men,,3567.16,1070.56,2213,Inactive
PROD0004741,quasi in,Beauty,Makeup,,3215.63,7054.08,1161,Discontinued
PROD0004742,cum beatae,Home & Kitchen,Appliances,Xiaomi,4910.92,7699.32,4627,Active
PROD0004743,sint cum,Sports,Equipment,OnePlus,1726.14,7452.26,4558,Active
PROD0004744,quia facere,Sports,Footwear,Generic,2963.95,2547.94,1977,Active
PROD0004745,exercitationem culpa,Sports,Apparel,,264.71,4116.6,47,Inactive
PROD0004746,adipisci cumque,Fashion,Shoes,Apple,2333.7,3294.08,2452,Discontinued
PROD0004747,fugit facilis,Grocery,Fruits,OnePlus,2350.95,1660.85,3612,Discontinued
PROD0004748,vitae omnis,Sports,Apparel,Apple,3145.69,6614.04,3376,Inactive
PROD0004749,consequatur atque,Fashion,Women,Samsung,2956.82,2561.89,242,Discontinued
PROD0004750,ipsa amet,Home & Kitchen,Cookware,Generic,404.58,1107.96,3581,Discontinued
PROD0004751,praesentium quod,Sports,Apparel,Sony,4198.13,9374.64,344,Active
PROD0004752,placeat reiciendis,Electronics,Accessories,Sony,2666.67,9888.68,4011,Active
PROD0004753,reprehenderit voluptatem,Sports,Apparel,Apple,423.6,1817.09,1384,Discontinued
PROD0004754,impedit sunt,Fashion,Men,,4136.58,2014.27,3880,Discontinued
PROD0004755,ad harum,Electronics,Tablets,,3020.92,711.6,3847,Discontinued
PROD0004756,nam quae,Grocery,Fruits,LG,4231.87,3114.25,4866,Discontinued
PROD0004757,odio nesciunt,Electronics,Laptops,,4488.76,8487.94,2871,Discontinued
PROD0004758,amet quisquam,Sports,Equipment,Apple,4218.97,3348.28,3931,Discontinued
PROD0004759,placeat repudiandae,Grocery,Fruits,,4954.19,6028.23,339,Inactive
PROD0004760,est magnam,Electronics,Tablets,OnePlus,2531.02,1375.93,2207,Active
PROD0004761,beatae odio,Fashion,Shoes,Sony,143.02,3446.45,919,Discontinued
PROD0004762,occaecati illo,Home & Kitchen,Furniture,Sony,4968.48,6870.71,1717,Active
PROD0004763,molestias amet,Sports,Apparel,Sony,3792.85,7340.45,2865,Inactive
PROD0004764,possimus itaque,Home & Kitchen,Furniture,Apple,1753.35,7666.07,4366,Discontinued
PROD0004765,eos est,Sports,Equipment,LG,267.4,4850.63,4254,Inactive
PROD0004766,ratione accusamus,Sports,Apparel,Samsung,2953.95,7029.97,1189,Discontinued
PROD0004767,soluta consequuntur,Beauty,Makeup,Samsung,3452.12,8134.76,2361,Inactive
PROD0004768,ea quam,Beauty,Makeup,OnePlus,3277.85,1853.87,1793,Discontinued
PROD0004769,dolor eaque,Electronics,Laptops,Samsung,847.13,8690.13,2737,Active
PROD0004770,vel nam,Fashion,Women,,84.14,1319.85,76,Inactive
PROD0004771,aliquid tempore,Home & Kitchen,Furniture,,439.55,2149.51,400,Discontinued
PROD0004772,voluptate sed,Home & Kitchen,Decor,,2775.5,622.93,1003,Active
PROD0004773,unde similique,Fashion,Women,Xiaomi,4573.46,2568.83,4745,Discontinued
PROD0004774,modi expedita,Home & Kitchen,Cookware,Generic,1615.38,7219.72,2303,Inactive
PROD0004775,accusantium quis,Sports,Footwear,LG,832.86,6529.48,525,Discontinued
PROD0004776,sint dolorem,Sports,Equipment,Xiaomi,2388.9,7324.64,547,Active
PROD0004777,enim consectetur,Fashion,Men,LG,737.45,7798.45,3472,Inactive
PROD0004778,alias sunt,Beauty,Makeup,Sony,1848.62,6837.41,758,Active
PROD0004779,placeat molestiae,Home & Kitchen,Furniture,LG,425.96,2038.97,4991,Active
PROD0004780,cupiditate ipsa,Electronics,Accessories,OnePlus,3133.42,4994.25,2756,Inactive
PROD0004781,magni dolor,Electronics,Accessories,Generic,1326.67,5626.06,3213,Discontinued
PROD0004782,laborum sapiente,Electronics,Mobiles,Generic,238.37,1876.74,1600,Active
PROD0004783,expedita dolorum,Beauty,Makeup,Samsung,3801.27,199.17,3119,Discontinued
PROD0004784,necessitatibus nisi,Beauty,Haircare,Generic,598.49,3514.17,743,Active
PROD0004785,tempore temporibus,Electronics,Mobiles,Apple,4080.5,3443.93,986,Active
PROD0004786,soluta excepturi,Home & Kitchen,Cookware,Xiaomi,3233.85,9850.79,1876,Discontinued
PROD0004787,porro ab,Sports,Footwear,Samsung,4118.29,233.97,3905,Inactive
PROD0004788,asperiores repellendus,Home & Kitchen,Appliances,Generic,3815.43,7653.47,2216,Discontinued
PROD0004789,perferendis aliquam,Grocery,Vegetables,Samsung,2829.91,5230.7,3222,Active
PROD0004790,praesentium asperiores,Electronics,Mobiles,OnePlus,1854.13,4534.0,2150,Active
PROD0004791,iure perspiciatis,Beauty,Skincare,LG,975.92,4757.01,96,Active
PROD0004792,ducimus error,Fashion,Shoes,OnePlus,2644.37,9249.28,3260,Discontinued
PROD0004793,dolorem quaerat,Sports,Equipment,Apple,1979.3,5046.88,3827,Inactive
PROD0004794,odio optio,Beauty,Skincare,Apple,2511.61,3288.02,804,Inactive
PROD0004795,odio odit,Electronics,Tablets,,4074.93,3389.45,225,Discontinued
PROD0004796,dolorum mollitia,Home & Kitchen,Furniture,,685.34,503.12,1705,Inactive
PROD0004797,dolorem ea,Fashion,Men,Apple,2047.83,1520.62,2871,Discontinued
PROD0004798,quisquam aut,Electronics,Tablets,Sony,4173.31,4962.23,1736,Discontinued
PROD0004799,deserunt molestiae,Grocery,Vegetables,,3436.85,9776.89,4665,Discontinued
PROD0004800,rem dolore,Electronics,Accessories,Generic,1363.12,3182.36,2886,Discontinued
PROD0004801,atque repellat,Electronics,Mobiles,Samsung,757.71,6963.39,2457,Inactive
PROD0004802,placeat aperiam,Fashion,Shoes,Samsung,89.79,4048.89,2222,Discontinued
PROD0004803,quibusdam excepturi,Sports,Equipment,OnePlus,3846.25,3437.68,415,Active
PROD0004804,et soluta,Fashion,Women,,4739.82,5631.99,3379,Inactive
PROD0004805,distinctio ut,Beauty,Skincare,Sony,4767.7,9076.32,1490,Discontinued
PROD0004806,et officia,Grocery,Dairy,Xiaomi,243.69,3599.9,1397,Inactive
PROD0004807,quibusdam eius,Fashion,Men,Xiaomi,4824.28,2851.71,3640,Discontinued
PROD0004808,qui dignissimos,Electronics,Accessories,LG,3686.92,8164.89,4018,Active
PROD0004809,eveniet autem,Grocery,Snacks,Samsung,1541.55,8146.12,1891,Active
PROD0004810,illo vero,Grocery,Dairy,Samsung,4126.28,1250.93,2011,Active
PROD0004811,officiis maxime,Sports,Footwear,,3863.22,9369.48,2789,Discontinued
PROD0004812,sunt placeat,Beauty,Makeup,,2731.46,9645.96,1527,Inactive
PROD0004813,perferendis delectus,Sports,Equipment,Sony,907.0,2520.76,943,Inactive
PROD0004814,odit accusamus,Fashion,Women,Apple,4462.92,2277.4,4766,Active
PROD0004815,suscipit voluptas,Home & Kitchen,Decor,Apple,2683.19,9854.93,3192,Inactive
PROD0004816,itaque illo,Beauty,Skincare,,895.61,7540.22,1045,Inactive
PROD0004817,commodi voluptate,Home & Kitchen,Furniture,Samsung,2326.51,7698.28,594,Discontinued
PROD0004818,nihil repudiandae,Home & Kitchen,Appliances,Samsung,3228.18,1289.31,3633,Discontinued
PROD0004819,ut illo,Grocery,Snacks,Generic,1949.69,4930.84,3443,Inactive
PROD0004820,fugiat error,Grocery,Fruits,Sony,4106.67,6804.29,2195,Active
PROD0004821,ducimus voluptatum,Home & Kitchen,Decor,Apple,3853.67,9844.8,2579,Active
PROD0004822,repellendus modi,Home & Kitchen,Appliances,,4670.9,9841.12,2049,Inactive
PROD0004823,corrupti ducimus,Fashion,Women,Sony,247.65,2917.24,2881,Active
PROD0004824,nobis eveniet,Home & Kitchen,Furniture,Apple,4136.01,8688.33,3875,Discontinued
PROD0004825,ab in,Electronics,Laptops,,2352.79,1975.25,3445,Inactive
PROD0004826,perspiciatis placeat,Electronics,Mobiles,Xiaomi,2050.07,674.94,2873,Discontinued
PROD0004827,eum sapiente,Home & Kitchen,Furniture,Apple,2426.37,999999.0,3608,Inactive
PROD0004828,explicabo eveniet,Electronics,Accessories,Samsung,4907.42,7118.61,4383,Inactive
PROD0004829,exercitationem labore,Grocery,Fruits,Apple,4355.2,5102.04,830,Inactive
PROD0004830,labore facere,Fashion,Women,,1137.14,665.53,3885,Active
PROD0004831,nobis neque,Sports,Footwear,Generic,229.32,3427.83,536,Active
PROD0004832,cupiditate fuga,Grocery,Fruits,Samsung,252.37,9050.98,530,Inactive
PROD0004833,fugiat ipsa,Beauty,Skincare,Generic,2215.38,3366.79,4869,Active
PROD0004834,eveniet fugiat,Grocery,Snacks,Sony,3130.28,1373.87,4165,Active
PROD0004835,placeat sunt,Beauty,Skincare,Sony,3961.24,6070.29,2988,Active
PROD0004836,numquam reiciendis,Fashion,Men,Sony,1108.93,9203.2,4138,Active
PROD0004837,aperiam facere,Beauty,Haircare,Generic,3592.03,9985.11,4529,Discontinued
PROD0004838,magni magni,Sports,Equipment,OnePlus,1417.57,4301.26,2978,Discontinued
PROD0004839,omnis modi,Electronics,Mobiles,Generic,413.97,9618.39,3178,Discontinued
PROD0004840,nobis aut,Fashion,Men,LG,1053.72,1721.52,2767,Active
PROD0004841,dolorum excepturi,Beauty,Haircare,Generic,700.6,905.35,4862,Discontinued
PROD0004842,itaque adipisci,Beauty,Skincare,Xiaomi,3171.15,1285.28,587,Discontinued
PROD0004843,sint minus,Electronics,Laptops,,2527.86,9604.16,1674,Active
PROD0004844,doloribus natus,Home & Kitchen,Decor,Generic,1101.77,9766.98,1276,Inactive
PROD0004845,repellat reprehenderit,Fashion,Kids,,1048.35,999999.0,819,Inactive
PROD0004846,temporibus magnam,Fashion,Women,LG,1239.62,4860.77,2942,Discontinued
PROD0004847,perferendis quidem,Home & Kitchen,Decor,,3340.86,5663.39,1348,Discontinued
PROD0004848,provident minima,Fashion,Kids,Sony,4695.01,9310.71,4547,Discontinued
PROD0004849,officia modi,Fashion,Women,Sony,1450.31,3571.97,4191,Inactive
PROD0004850,placeat mollitia,Home & Kitchen,Decor,OnePlus,956.72,7293.24,487,Active
PROD0004851,fugiat minima,Beauty,Makeup,Samsung,4711.1,2829.21,4144,Inactive
PROD0004852,culpa aliquid,Home & Kitchen,Appliances,Xiaomi,1619.45,9783.65,3208,Discontinued
PROD0004853,nemo dignissimos,Beauty,Makeup,Apple,2071.72,5435.06,3164,Active
PROD0004854,sequi ex,Fashion,Men,Samsung,2048.33,4411.05,1920,Active
PROD0004855,quis aliquam,Sports,Footwear,OnePlus,4386.82,6197.94,4934,Inactive
PROD0004856,consequuntur voluptas,Sports,Footwear,,2229.39,2298.54,2737,Active
PROD0004857,beatae iure,Electronics,Accessories,Generic,3450.92,4014.03,1408,Discontinued
PROD0004858,dolore id,Home & Kitchen,Decor,Sony,856.7,6913.16,104,Inactive
PROD0004859,voluptate sint,Beauty,Skincare,Sony,781.75,4358.7,4689,Discontinued
PROD0004860,recusandae magni,Fashion,Kids,Apple,2152.85,4085.27,2022,Inactive
PROD0004861,magni ea,Grocery,Dairy,Apple,583.88,7512.72,4626,Inactive
PROD0004862,similique rem,Fashion,Shoes,Sony,3853.65,9024.86,3670,Active
PROD0004863,modi numquam,Fashion,Shoes,Generic,2790.06,9440.66,1332,Active
PROD0004864,iusto delectus,Grocery,Dairy,Sony,2953.0,7084.19,1287,Active
PROD0004865,velit sint,Grocery,Vegetables,LG,1778.64,4437.42,4165,Discontinued
PROD0004866,voluptate et,Fashion,Kids,Generic,2601.52,3871.63,4967,Active
PROD0004867,ad non,Sports,Equipment,,1091.8,3455.55,2161,Inactive
PROD0004868,totam ipsum,Fashion,Shoes,Samsung,2820.93,2600.19,4356,Inactive
PROD0004869,quaerat distinctio,Sports,Equipment,,3645.47,1073.93,4761,Inactive
PROD0004870,architecto expedita,Home & Kitchen,Furniture,LG,840.84,6769.26,837,Active
PROD0004871,laborum repellendus,Electronics,Tablets,Generic,2547.17,7145.18,1487,Active
PROD0004872,libero ratione,Grocery,Dairy,Samsung,635.84,3649.84,140,Discontinued
PROD0004873,dolorum aliquam,Home & Kitchen,Furniture,,2204.18,6948.6,2265,Active
PROD0004874,at cupiditate,Grocery,Vegetables,OnePlus,1648.72,8879.9,570,Active
PROD0004875,odit facilis,Fashion,Shoes,Generic,4083.83,5883.76,4390,Discontinued
PROD0004876,consequatur ut,Home & Kitchen,Cookware,,1117.21,9654.71,1016,Discontinued
PROD0004877,ut sit,Grocery,Dairy,Generic,524.29,2730.23,578,Discontinued
PROD0004878,numquam aut,Sports,Footwear,Sony,2206.84,2714.84,2254,Active
PROD0004879,earum hic,Electronics,Laptops,OnePlus,3174.55,6630.93,2275,Inactive
PROD0004880,eveniet labore,Sports,Equipment,Generic,2684.84,6571.65,2577,Discontinued
PROD0004881,possimus dignissimos,Home & Kitchen,Cookware,,548.95,5492.55,417,Inactive
PROD0004882,pariatur ex,Home & Kitchen,Furniture,OnePlus,686.73,1920.75,1801,Discontinued
PROD0004883,ipsam quisquam,Beauty,Haircare,,3696.29,9491.28,2123,Active
PROD0004884,quam sit,Sports,Equipment,Sony,3724.31,6053.06,4210,Discontinued
PROD0004885,dolor eos,Fashion,Women,Generic,4946.71,8180.28,1098,Discontinued
PROD0004886,temporibus consequuntur,Beauty,Haircare,Samsung,2031.1,7729.4,509,Discontinued
PROD0004887,laudantium blanditiis,Fashion,Men,Apple,334.78,421.1,18,Active
PROD0004888,nesciunt explicabo,Grocery,Vegetables,Xiaomi,4532.59,8037.13,747,Inactive
PROD0004889,omnis nihil,Grocery,Fruits,Apple,2169.69,2632.59,559,Inactive
PROD0004890,omnis excepturi,Grocery,Dairy,Sony,2367.48,9117.89,4289,Inactive
PROD0004891,rem aliquid,Electronics,Mobiles,OnePlus,3107.57,9770.39,2304,Discontinued
PROD0004892,dolorem minus,Sports,Footwear,OnePlus,1792.4,6038.49,1058,Inactive
PROD0004893,atque iste,Grocery,Snacks,Samsung,2679.67,4438.85,4821,Active
PROD0004894,distinctio totam,Fashion,Kids,Sony,2976.03,9979.08,1525,Active
PROD0004895,vel atque,Sports,Apparel,Generic,172.89,886.43,4527,Inactive
PROD0004896,facilis quod,Beauty,Makeup,LG,2491.24,5040.39,1686,Active
PROD0004897,quis ipsum,Electronics,Mobiles,LG,3035.43,2219.89,3379,Discontinued
PROD0004898,voluptate porro,Electronics,Accessories,LG,816.34,9805.47,846,Active
PROD0004899,ex quibusdam,Beauty,Makeup,Xiaomi,1035.83,8416.5,2715,Active
PROD0004900,libero aperiam,Sports,Footwear,Apple,4279.14,8165.27,2081,Inactive
PROD0004901,ea libero,Home & Kitchen,Decor,LG,574.61,8587.07,1037,Active
PROD0004902,repellat est,Home & Kitchen,Decor,Sony,373.54,9355.87,746,Discontinued
PROD0004903,perferendis rerum,Fashion,Shoes,,4835.14,9416.75,1405,Active
PROD0004904,soluta vero,Fashion,Men,Generic,1775.48,4254.51,1697,Inactive
PROD0004905,deleniti error,Beauty,Haircare,,655.62,3168.6,4909,Inactive
PROD0004906,nam porro,Grocery,Fruits,Xiaomi,3226.2,6913.13,3392,Active
PROD0004907,nisi totam,Fashion,Men,OnePlus,216.82,4584.32,55,Active
PROD0004908,in excepturi,Fashion,Women,Apple,3877.18,2315.39,1988,Active
PROD0004909,reiciendis itaque,Grocery,Dairy,OnePlus,1152.28,7272.49,1931,Discontinued
PROD0004910,atque quos,Home & Kitchen,Cookware,Samsung,2011.13,6124.44,1146,Discontinued
PROD0004911,earum amet,Home & Kitchen,Cookware,Samsung,1950.62,2488.88,4863,Discontinued
PROD0004912,quos magni,Sports,Apparel,OnePlus,4354.54,8505.4,946,Inactive
PROD0004913,suscipit deserunt,Home & Kitchen,Decor,Sony,4374.34,5343.82,463,Inactive
PROD0004914,quidem voluptatibus,Home & Kitchen,Furniture,Xiaomi,2872.2,8251.97,2030,Discontinued
PROD0004915,ratione veritatis,Grocery,Fruits,Samsung,4627.1,1243.48,1228,Inactive
PROD0004916,sed soluta,Beauty,Makeup,,3005.18,8531.86,247,Active
PROD0004917,molestiae unde,Sports,Equipment,Generic,254.56,7987.13,755,Discontinued
PROD0004918,laborum culpa,Grocery,Fruits,,2222.14,7662.45,4407,Active
PROD0004919,quia ipsa,Sports,Apparel,,790.0,3679.11,1997,Inactive
PROD0004920,praesentium facere,Sports,Footwear,Apple,752.75,5984.14,2686,Active
PROD0004921,sunt porro,Home & Kitchen,Decor,,4177.9,3483.12,2844,Inactive
PROD0004922,voluptatibus animi,Sports,Equipment,,295.06,4116.76,1333,Discontinued
PROD0004923,alias sapiente,Electronics,Tablets,Sony,4004.2,3702.17,4798,Active
PROD0004924,maxime neque,Beauty,Makeup,Samsung,3969.82,2643.83,3902,Discontinued
PROD0004925,asperiores reprehenderit,Electronics,Laptops,Apple,4263.43,4794.09,425,Discontinued
PROD0004926,ut quo,Grocery,Fruits,Samsung,114.04,1764.45,412,Active
PROD0004927,nemo officia,Fashion,Shoes,Generic,391.07,2748.12,3503,Inactive
PROD0004928,ullam sed,Fashion,Women,Generic,1629.02,8117.96,1346,Active
PROD0004929,necessitatibus numquam,Sports,Footwear,Xiaomi,156.77,4759.61,2338,Active
PROD0004930,reiciendis dolore,Electronics,Tablets,Xiaomi,4578.39,328.21,4343,Active
PROD0004931,deleniti ex,Grocery,Vegetables,Samsung,4321.9,2010.73,2313,Active
PROD0004932,dolorem exercitationem,Electronics,Accessories,Samsung,1537.56,5363.45,843,Inactive
PROD0004933,possimus vero,Electronics,Laptops,LG,1269.4,8984.37,4447,Discontinued
PROD0004934,facilis sunt,Home & Kitchen,Appliances,Generic,354.47,7989.71,3937,Discontinued
PROD0004935,perferendis aspernatur,Grocery,Dairy,Samsung,2076.11,7998.46,2803,Discontinued
PROD0004936,odio eum,Electronics,Mobiles,Xiaomi,4022.24,651.27,997,Inactive
PROD0004937,minima non,Fashion,Kids,Generic,4513.03,1483.19,3865,Active
PROD0004938,laudantium aliquam,Fashion,Men,Apple,2538.48,4832.12,206,Inactive
PROD0004939,ut voluptatum,Fashion,Kids,Generic,3217.32,2798.17,3632,Discontinued
PROD0004940,corrupti corrupti,Beauty,Skincare,,1168.54,1449.4,1795,Discontinued
PROD0004941,repudiandae saepe,Grocery,Fruits,Generic,783.34,6939.68,3740,Inactive
PROD0004942,sequi neque,Fashion,Women,Sony,184.71,1191.71,3010,Inactive
PROD0004943,corrupti dolorem,Beauty,Makeup,Samsung,1380.93,6338.2,1746,Discontinued
PROD0004944,quidem est,Home & Kitchen,Appliances,OnePlus,1594.53,5162.88,193,Inactive
PROD0004945,fuga temporibus,Beauty,Makeup,Sony,3511.42,6047.58,3018,Active
PROD0004946,iusto velit,Grocery,Dairy,Apple,4201.47,2226.8,1391,Inactive
PROD0004947,vel nemo,Fashion,Men,Sony,2959.93,7120.91,2209,Active
PROD0004948,deserunt odio,Beauty,Skincare,Apple,2447.76,1857.55,1652,Active
PROD0004949,dolore quis,Grocery,Fruits,LG,1229.72,3403.9,4934,Active
PROD0004950,nihil modi,Electronics,Laptops,Samsung,1763.86,5088.84,4478,Active
PROD0004951,cupiditate architecto,Sports,Footwear,Sony,3463.68,4840.13,4559,Active
PROD0004952,necessitatibus error,Fashion,Kids,Apple,3680.04,2269.9,2368,Active
PROD0004953,maxime omnis,Home & Kitchen,Appliances,Sony,3848.3,6558.58,2337,Active
PROD0004954,pariatur cumque,Electronics,Tablets,OnePlus,933.54,3981.36,2125,Inactive
PROD0004955,fuga perspiciatis,Fashion,Kids,Sony,4435.48,9310.81,2439,Inactive
PROD0004956,a quia,Home & Kitchen,Appliances,OnePlus,1159.99,4593.64,51,Discontinued
PROD0004957,laboriosam veniam,Home & Kitchen,Appliances,Samsung,940.17,8503.02,3953,Inactive
PROD0004958,harum quo,Sports,Equipment,Apple,1359.41,8170.77,4534,Active
PROD0004959,saepe ducimus,Sports,Footwear,,3591.59,6428.8,2127,Inactive
PROD0004960,unde sapiente,Home & Kitchen,Furniture,OnePlus,158.11,6768.14,1881,Active
PROD0004961,similique in,Sports,Equipment,,4889.06,1977.41,3238,Active
PROD0004962,nostrum quasi,Home & Kitchen,Decor,Generic,3955.79,2208.1,4519,Active
PROD0004963,neque sint,Electronics,Laptops,Samsung,4870.82,2225.97,4536,Inactive
PROD0004964,sed et,Sports,Footwear,Samsung,3961.01,4694.31,1317,Inactive
PROD0004965,praesentium repellendus,Home & Kitchen,Decor,Sony,1196.61,2049.78,2897,Active
PROD0004966,iste sunt,Sports,Equipment,Xiaomi,793.1,5034.98,2004,Inactive
PROD0004967,reiciendis eligendi,Fashion,Men,Apple,1079.61,8517.55,4621,Discontinued
PROD0004968,natus sit,Beauty,Haircare,Apple,605.52,8985.26,2659,Active
PROD0004969,vero sunt,Fashion,Men,Apple,3769.01,2880.8,4318,Inactive
PROD0004970,quae repellat,Fashion,Women,,642.22,4117.57,3253,Active
PROD0004971,inventore ipsum,Sports,Apparel,Samsung,749.81,6088.35,1729,Discontinued
PROD0004972,sed culpa,Home & Kitchen,Appliances,Apple,2299.45,8948.06,4675,Active
PROD0004973,nostrum ullam,Electronics,Accessories,Samsung,2346.42,5231.49,467,Discontinued
PROD0004974,illo omnis,Beauty,Haircare,Apple,4625.59,6082.68,2394,Inactive
PROD0004975,iure corrupti,Home & Kitchen,Appliances,Samsung,2498.2,1761.85,4675,Active
PROD0004976,minus veritatis,Electronics,Laptops,Generic,2162.97,9689.73,2525,Active
PROD0004977,vitae perspiciatis,Home & Kitchen,Cookware,Apple,1213.6,3626.01,3080,Inactive
PROD0004978,molestias consectetur,Grocery,Fruits,Generic,1283.84,2200.97,1059,Inactive
PROD0004979,voluptates similique,Fashion,Women,Apple,780.57,1004.4,2717,Discontinued
PROD0004980,saepe quidem,Grocery,Snacks,Xiaomi,1959.03,1703.78,1419,Active
PROD0004981,inventore blanditiis,Beauty,Haircare,LG,3424.09,1828.27,4241,Inactive
PROD0004982,fugiat provident,Sports,Apparel,Apple,3576.62,7965.87,396,Discontinued
PROD0004983,beatae ut,Fashion,Shoes,LG,3302.35,6915.0,4590,Inactive
PROD0004984,ullam ducimus,Beauty,Makeup,Sony,3263.82,8388.13,1996,Active
PROD0004985,in ratione,Beauty,Skincare,Sony,3052.76,2479.09,4626,Active
PROD0004986,dicta adipisci,Grocery,Snacks,Generic,3518.87,5729.77,3471,Inactive
PROD0004987,sit distinctio,Home & Kitchen,Cookware,OnePlus,1692.71,6863.71,3779,Inactive
PROD0004988,debitis minus,Sports,Footwear,Apple,3219.8,3681.62,2033,Inactive
PROD0004989,dolor nam,Beauty,Makeup,Apple,2074.84,7176.42,1626,Discontinued
PROD0004990,non sint,Beauty,Skincare,Sony,2298.51,4239.91,2811,Discontinued
PROD0004991,amet non,Fashion,Kids,Xiaomi,3121.6,1850.98,2439,Discontinued
PROD0004992,consequuntur accusantium,Beauty,Makeup,Apple,4596.36,6514.92,1730,Inactive
PROD0004993,voluptatem minus,Grocery,Vegetables,Samsung,1964.87,2208.76,3335,Discontinued
PROD0004994,quibusdam deleniti,Grocery,Vegetables,Generic,4044.41,6906.48,2938,Active
PROD0004995,eveniet nam,Electronics,Mobiles,Apple,893.25,6091.85,192,Discontinued
PROD0004996,est explicabo,Home & Kitchen,Decor,Sony,3458.3,2175.33,2524,Discontinued
PROD0004997,molestiae inventore,Home & Kitchen,Decor,Sony,4986.28,3516.73,753,Discontinued
PROD0004998,reprehenderit corporis,Fashion,Kids,Xiaomi,3285.53,7191.55,1903,Inactive
PROD0004999,nisi magni,Home & Kitchen,Furniture,Sony,2244.67,7243.71,279,Inactive
PROD0005000,occaecati dolorum,Home & Kitchen,Appliances,Samsung,1819.97,771.05,4539,Inactive
PROD0005001,nihil expedita,Home & Kitchen,Furniture,Samsung,1490.52,9614.13,2965,Discontinued
PROD0005002,adipisci et,Electronics,Tablets,OnePlus,4183.16,9414.11,2025,Inactive
PROD0005003,ut pariatur,Home & Kitchen,Cookware,OnePlus,2324.57,5050.17,4158,Active
PROD0005004,odit unde,Home & Kitchen,Cookware,Sony,1345.99,4704.1,3842,Inactive
PROD0005005,reiciendis reiciendis,Electronics,Accessories,Generic,3996.92,4874.57,2185,Discontinued
PROD0005006,iste tempore,Fashion,Shoes,Samsung,1484.98,4575.37,3462,Active
PROD0005007,placeat corrupti,Fashion,Women,Generic,413.13,253.72,2629,Inactive
PROD0005008,ad dolor,Electronics,Mobiles,Samsung,2279.71,856.55,4040,Inactive
PROD0005009,quos tempora,Grocery,Fruits,Sony,4389.04,3834.23,1047,Active
PROD0005010,sint quasi,Grocery,Dairy,LG,243.4,2523.26,4903,Active
PROD0005011,sint vel,Electronics,Laptops,Generic,880.0,6760.85,2318,Active
PROD0005012,assumenda architecto,Sports,Apparel,,2543.01,5988.66,2568,Inactive
PROD0005013,sint eius,Sports,Equipment,Xiaomi,3161.06,998.98,2204,Inactive
PROD0005014,itaque ab,Grocery,Fruits,OnePlus,964.72,3853.22,2747,Active
PROD0005015,consequatur ut,Electronics,Mobiles,Generic,3248.03,9237.44,1833,Active
PROD0005016,sed labore,Grocery,Dairy,,424.02,4471.89,4223,Inactive
PROD0005017,odio possimus,Sports,Footwear,,4447.23,5363.19,4626,Discontinued
PROD0005018,qui sequi,Grocery,Dairy,LG,4188.92,7816.48,2512,Active
PROD0005019,aperiam inventore,Fashion,Women,Samsung,1075.28,8472.63,4890,Inactive
PROD0005020,sint dolorum,Home & Kitchen,Cookware,,3027.47,1229.97,3801,Inactive
PROD0005021,quae atque,Grocery,Vegetables,OnePlus,3868.87,6015.86,4811,Discontinued
PROD0005022,a ullam,Sports,Footwear,OnePlus,761.95,3064.72,878,Active
PROD0005023,harum optio,Home & Kitchen,Decor,Sony,302.11,6300.04,4520,Active
PROD0005024,facilis commodi,Grocery,Dairy,Apple,1182.33,1247.17,2912,Active
PROD0005025,eligendi facere,Fashion,Women,,4702.18,8435.05,2043,Discontinued
PROD0005026,ab laboriosam,Fashion,Shoes,Samsung,2544.71,4153.27,1223,Inactive
PROD0005027,deserunt pariatur,Home & Kitchen,Cookware,Xiaomi,2807.16,6535.37,737,Discontinued
PROD0005028,temporibus beatae,Home & Kitchen,Cookware,Samsung,3637.93,9642.85,4630,Active
PROD0005029,quibusdam illo,Beauty,Makeup,LG,1015.99,7295.27,1614,Discontinued
PROD0005030,cum id,Beauty,Haircare,,2519.38,4235.58,2534,Inactive
PROD0005031,facilis eum,Electronics,Laptops,,2263.53,1728.07,271,Active
PROD0005032,corrupti explicabo,Grocery,Fruits,Apple,2181.16,6033.53,3089,Discontinued
PROD0005033,perspiciatis assumenda,Sports,Apparel,LG,4782.1,3767.44,2891,Active
PROD0005034,quas ullam,Sports,Footwear,Samsung,4537.49,2498.85,149,Active
PROD0005035,eos quis,Home & Kitchen,Cookware,Sony,4198.08,4195.09,2456,Inactive
PROD0005036,laborum voluptatum,Grocery,Dairy,Samsung,1237.84,8982.76,1718,Discontinued
PROD0005037,quod earum,Electronics,Mobiles,LG,4690.18,8979.35,3411,Discontinued
PROD0005038,quos dolore,Sports,Apparel,OnePlus,3011.24,3012.09,4696,Inactive
PROD0005039,qui sit,Home & Kitchen,Decor,,844.46,8397.47,4496,Active
PROD0005040,nobis eius,Fashion,Women,OnePlus,823.16,7713.02,4700,Discontinued
PROD0005041,repellat voluptatibus,Fashion,Kids,Generic,1093.68,3692.77,872,Inactive
PROD0005042,unde eligendi,Electronics,Accessories,LG,1297.67,8979.81,1317,Discontinued
PROD0005043,nesciunt explicabo,Home & Kitchen,Furniture,Samsung,4679.52,634.23,350,Discontinued
PROD0005044,occaecati excepturi,Fashion,Men,OnePlus,3604.55,7866.86,208,Active
PROD0005045,nisi in,Grocery,Fruits,Samsung,4701.86,6197.43,2329,Active
PROD0005046,consequuntur magnam,Home & Kitchen,Decor,LG,2094.65,6827.7,3230,Inactive
PROD0005047,exercitationem similique,Grocery,Vegetables,Apple,1838.22,3561.79,2493,Inactive
PROD0005048,porro quasi,Electronics,Accessories,,4202.33,4306.76,415,Inactive
PROD0005049,sed quasi,Grocery,Snacks,,2337.31,6549.98,1344,Active
PROD0005050,rerum magnam,Fashion,Shoes,,360.27,2823.2,3995,Inactive
PROD0005051,nihil aliquam,Beauty,Haircare,Generic,644.47,3662.19,4127,Inactive
PROD0005052,illum quas,Beauty,Haircare,LG,3425.25,6231.89,3828,Discontinued
PROD0005053,fugit ipsum,Beauty,Makeup,Xiaomi,4304.25,6908.51,2489,Inactive
PROD0005054,similique natus,Grocery,Fruits,,1838.14,8653.1,1537,Active
PROD0005055,necessitatibus sequi,Fashion,Kids,Samsung,2043.9,3631.79,4404,Discontinued
PROD0005056,vel minima,Sports,Apparel,Sony,1068.82,6142.09,1541,Active
PROD0005057,quibusdam voluptatum,Grocery,Snacks,,4953.68,424.18,3030,Active
PROD0005058,cupiditate quas,Fashion,Women,Sony,633.91,6742.7,951,Discontinued
PROD0005059,praesentium ea,Electronics,Mobiles,Generic,3140.7,8008.34,2178,Inactive
PROD0005060,non necessitatibus,Grocery,Dairy,OnePlus,2799.6,1174.8,4660,Discontinued
PROD0005061,veniam asperiores,Beauty,Haircare,OnePlus,384.37,417.62,4508,Inactive
PROD0005062,dolore sunt,Electronics,Laptops,OnePlus,3451.35,9360.68,4610,Active
PROD0005063,voluptatem quod,Sports,Apparel,Xiaomi,3448.82,8757.07,2638,Inactive
PROD0005064,blanditiis pariatur,Home & Kitchen,Furniture,OnePlus,4451.16,3236.31,3611,Inactive
PROD0005065,animi praesentium,Electronics,Laptops,Samsung,4693.57,3741.39,543,Discontinued
PROD0005066,doloribus minima,Home & Kitchen,Cookware,Samsung,4810.63,4063.25,2951,Active
PROD0005067,laudantium dolores,Fashion,Kids,Apple,1509.78,3977.62,1066,Inactive
PROD0005068,assumenda officiis,Sports,Equipment,LG,609.36,7477.22,4592,Discontinued
PROD0005069,tempore qui,Beauty,Makeup,LG,436.03,3776.68,1167,Inactive
PROD0005070,perferendis occaecati,Grocery,Dairy,LG,1473.1,6019.4,3201,Active
PROD0005071,tempore voluptatum,Beauty,Haircare,,2498.92,5689.62,2961,Inactive
PROD0005072,sunt vero,Beauty,Makeup,Sony,2864.39,4507.3,4533,Active
PROD0005073,dolore esse,Electronics,Mobiles,Apple,1308.15,804.71,4182,Active
PROD0005074,temporibus mollitia,Electronics,Tablets,Samsung,4088.83,7188.46,180,Active
PROD0005075,omnis eligendi,Fashion,Men,Xiaomi,1361.86,1134.15,2754,Active
PROD0005076,qui accusantium,Grocery,Fruits,Apple,3297.95,9106.56,1043,Active
PROD0005077,quis suscipit,Beauty,Skincare,Xiaomi,2067.02,-500.0,2505,Inactive
PROD0005078,laudantium nam,Grocery,Fruits,Sony,2964.82,1324.78,4471,Discontinued
PROD0005079,voluptatem rem,Grocery,Snacks,LG,108.98,2667.31,567,Discontinued
PROD0005080,vero labore,Grocery,Vegetables,Xiaomi,80.95,6580.86,4205,Inactive
PROD0005081,nisi aliquid,Fashion,Shoes,OnePlus,2542.43,1783.2,2200,Discontinued
PROD0005082,quibusdam perferendis,Sports,Apparel,Samsung,2515.96,5210.48,3891,Inactive
PROD0005083,ab consequatur,Home & Kitchen,Cookware,OnePlus,960.64,8177.68,4743,Active
PROD0005084,alias asperiores,Fashion,Shoes,Sony,4421.09,4940.14,924,Inactive
PROD0005085,omnis aut,Beauty,Skincare,Samsung,2018.28,5997.64,1161,Active
PROD0005086,minus voluptates,Electronics,Laptops,,1147.01,4627.48,1391,Inactive
PROD0005087,illum quas,Fashion,Women,Apple,1514.76,9880.53,3127,Inactive
PROD0005088,dignissimos cumque,Home & Kitchen,Appliances,OnePlus,479.8,7847.26,4985,Inactive
PROD0005089,est pariatur,Sports,Footwear,Generic,4343.82,2098.25,3078,Inactive
PROD0005090,nulla rem,Fashion,Shoes,,2285.01,8816.28,4889,Active
PROD0005091,eius rem,Fashion,Kids,Sony,1937.22,7765.01,2163,Discontinued
PROD0005092,tempora quidem,Grocery,Vegetables,Apple,2397.4,999999.0,90,Inactive
PROD0005093,voluptatem laudantium,Fashion,Kids,,1554.17,3204.11,4739,Discontinued
PROD0005094,eum magnam,Home & Kitchen,Decor,Samsung,2746.47,6095.1,1759,Discontinued
PROD0005095,eveniet nisi,Sports,Apparel,Samsung,992.73,5806.38,1850,Discontinued
PROD0005096,eius perferendis,Sports,Footwear,Apple,1481.58,8081.61,967,Inactive
PROD0005097,minus magnam,Beauty,Skincare,Generic,178.39,315.68,4875,Active
PROD0005098,et inventore,Grocery,Dairy,,657.75,2635.71,2859,Active
PROD0005099,in libero,Fashion,Women,LG,499.68,7614.81,3352,Discontinued
PROD0005100,iusto beatae,Beauty,Makeup,OnePlus,4787.89,7870.23,903,Discontinued
PROD0005101,quos nisi,Home & Kitchen,Cookware,,4017.85,5606.97,1833,Discontinued
PROD0005102,dolore sint,Sports,Footwear,Samsung,4685.77,6833.15,2311,Inactive
PROD0005103,voluptate quod,Grocery,Fruits,Samsung,4410.25,5564.83,4696,Discontinued
PROD0005104,modi autem,Home & Kitchen,Appliances,OnePlus,4239.19,8986.67,4180,Inactive
PROD0005105,eveniet nobis,Home & Kitchen,Appliances,Sony,4001.93,6671.6,2038,Discontinued
PROD0005106,accusamus facilis,Fashion,Men,Generic,2729.99,1514.83,556,Discontinued
PROD0005107,atque quae,Electronics,Mobiles,Xiaomi,3758.15,8683.66,1578,Discontinued
PROD0005108,fugiat fuga,Home & Kitchen,Appliances,Xiaomi,3453.39,6114.87,4923,Inactive
PROD0005109,mollitia debitis,Grocery,Snacks,LG,3075.14,9627.62,1602,Active
PROD0005110,veniam qui,Sports,Footwear,OnePlus,4317.51,5414.21,4411,Inactive
PROD0005111,nobis molestiae,Fashion,Women,OnePlus,4894.05,5213.08,2852,Active
PROD0005112,cupiditate exercitationem,Fashion,Men,OnePlus,4693.85,7048.2,4145,Active
PROD0005113,sit molestiae,Fashion,Men,Generic,1131.33,7225.91,4022,Active
PROD0005114,nisi cum,Beauty,Skincare,OnePlus,2045.66,3376.08,2079,Active
PROD0005115,architecto tenetur,Home & Kitchen,Decor,OnePlus,599.11,2262.58,521,Active
PROD0005116,porro cupiditate,Sports,Footwear,Samsung,766.6,5138.17,1749,Discontinued
PROD0005117,eaque sequi,Fashion,Kids,Xiaomi,2472.94,1681.35,1274,Active
PROD0005118,natus quasi,Home & Kitchen,Furniture,Xiaomi,2720.59,1066.25,986,Inactive
PROD0005119,itaque adipisci,Home & Kitchen,Cookware,Xiaomi,2562.17,9448.95,281,Discontinued
PROD0005120,molestiae quo,Fashion,Women,OnePlus,4477.83,2706.81,771,Inactive
PROD0005121,minus minus,Electronics,Accessories,Samsung,4172.69,8152.4,2412,Active
PROD0005122,necessitatibus possimus,Beauty,Haircare,Apple,3292.72,-500.0,3249,Active
PROD0005123,perspiciatis iusto,Fashion,Shoes,OnePlus,1291.19,4046.43,1239,Discontinued
PROD0005124,ad ipsa,Electronics,Laptops,LG,3820.65,3856.8,1350,Active
PROD0005125,hic voluptate,Sports,Footwear,,816.45,7735.23,1396,Discontinued
PROD0005126,veniam illum,Grocery,Vegetables,OnePlus,1697.78,7458.84,2611,Inactive
PROD0005127,quae vitae,Electronics,Accessories,OnePlus,2863.13,-100.0,2935,Active
PROD0005128,et tempora,Beauty,Makeup,Generic,2775.97,9450.72,3614,Active
PROD0005129,blanditiis neque,Home & Kitchen,Decor,LG,1046.62,2749.46,2936,Active
PROD0005130,unde temporibus,Fashion,Kids,Apple,4154.01,808.5,3875,Discontinued
PROD0005131,nam esse,Beauty,Haircare,OnePlus,250.71,9368.44,2075,Active
PROD0005132,optio vero,Electronics,Accessories,Samsung,676.97,5798.84,2292,Active
PROD0005133,at nesciunt,Beauty,Haircare,LG,2965.15,160.41,4175,Active
PROD0005134,cumque cupiditate,Beauty,Skincare,LG,2284.36,8798.52,4536,Active
PROD0005135,alias nihil,Grocery,Vegetables,OnePlus,191.11,7696.43,2469,Active
PROD0005136,est nihil,Home & Kitchen,Decor,LG,4986.83,3178.92,1571,Discontinued
PROD0005137,asperiores saepe,Home & Kitchen,Furniture,,4978.15,1966.99,889,Discontinued
PROD0005138,dolorem sapiente,Electronics,Accessories,OnePlus,1869.2,3967.6,3922,Active
PROD0005139,facilis illo,Home & Kitchen,Cookware,Generic,113.96,8315.92,464,Inactive
PROD0005140,provident fuga,Electronics,Tablets,Generic,3142.65,3848.07,3828,Active
PROD0005141,magni temporibus,Grocery,Snacks,Samsung,645.89,349.88,1889,Inactive
PROD0005142,consectetur pariatur,Home & Kitchen,Appliances,,4796.34,3448.12,1387,Inactive
PROD0005143,tempore quam,Beauty,Makeup,Sony,2181.82,2677.11,194,Discontinued
PROD0005144,ratione alias,Electronics,Tablets,Apple,3998.2,7804.49,3417,Active
PROD0005145,aliquid voluptatum,Electronics,Tablets,,2403.74,4153.04,3581,Discontinued
PROD0005146,assumenda reiciendis,Electronics,Accessories,Apple,864.49,7134.53,3702,Active
PROD0005147,excepturi ea,Grocery,Dairy,Generic,2476.46,8339.59,1230,Active
PROD0005148,quasi maiores,Electronics,Tablets,Samsung,4351.21,1253.52,4714,Discontinued
PROD0005149,aperiam occaecati,Fashion,Men,LG,2905.5,3440.08,4127,Active
PROD0005150,debitis beatae,Electronics,Laptops,Samsung,4026.45,9499.99,1457,Inactive
PROD0005151,minima optio,Sports,Equipment,Samsung,4220.87,4068.79,4240,Active
PROD0005152,nobis doloribus,Electronics,Laptops,Sony,732.79,7978.15,4527,Discontinued
PROD0005153,harum est,Home & Kitchen,Appliances,LG,3561.52,7087.67,2455,Inactive
PROD0005154,cumque error,Beauty,Skincare,LG,774.23,7335.53,1024,Inactive
PROD0005155,commodi architecto,Grocery,Fruits,Samsung,2477.44,1347.36,2811,Active
PROD0005156,itaque repellat,Grocery,Fruits,Xiaomi,2688.83,8876.93,1393,Discontinued
PROD0005157,tenetur molestias,Home & Kitchen,Appliances,Sony,2473.75,5188.58,315,Discontinued
PROD0005158,voluptate iusto,Sports,Equipment,OnePlus,1551.96,9468.24,1017,Active
PROD0005159,pariatur consequuntur,Grocery,Snacks,Xiaomi,4660.69,5105.24,1182,Active
PROD0005160,porro repellendus,Fashion,Men,Apple,2176.44,2681.19,3410,Active
PROD0005161,doloribus praesentium,Home & Kitchen,Furniture,Sony,3663.84,8796.11,3219,Active
PROD0005162,atque architecto,Beauty,Makeup,OnePlus,2161.52,9723.61,4061,Active
PROD0005163,odio aspernatur,Beauty,Skincare,Generic,2377.91,1775.19,1066,Inactive
PROD0005164,tempora totam,Beauty,Makeup,Generic,1552.85,8076.53,1509,Discontinued
PROD0005165,aspernatur officiis,Sports,Equipment,Apple,1413.78,4108.25,846,Discontinued
PROD0005166,natus eum,Electronics,Mobiles,Xiaomi,951.85,8090.32,915,Discontinued
PROD0005167,explicabo minus,Fashion,Kids,Xiaomi,322.28,8924.51,1600,Inactive
PROD0005168,ratione incidunt,Sports,Equipment,LG,3704.16,4786.35,3938,Inactive
PROD0005169,consequuntur culpa,Sports,Apparel,Generic,1319.88,8930.02,4351,Discontinued
PROD0005170,pariatur in,Sports,Equipment,Sony,4962.89,8664.37,561,Discontinued
PROD0005171,sapiente aut,Grocery,Snacks,Sony,4508.88,7160.31,3804,Inactive
PROD0005172,officiis nobis,Beauty,Skincare,Apple,3555.86,3345.61,2138,Active
PROD0005173,rem magnam,Home & Kitchen,Furniture,LG,4015.72,3550.38,4243,Active
PROD0005174,rem dolorem,Fashion,Kids,Xiaomi,4217.67,290.47,337,Inactive
PROD0005175,nulla molestias,Fashion,Shoes,Xiaomi,2107.21,2031.75,4354,Active
PROD0005176,suscipit assumenda,Grocery,Snacks,,2503.52,3442.7,867,Active
PROD0005177,labore ad,Beauty,Skincare,Xiaomi,650.35,8963.84,2938,Inactive
PROD0005178,cumque iste,Fashion,Women,LG,1192.55,6934.26,3735,Discontinued
PROD0005179,vitae facilis,Home & Kitchen,Decor,Xiaomi,1635.48,4094.1,3511,Inactive
PROD0005180,dolorem perspiciatis,Electronics,Mobiles,OnePlus,289.73,4546.66,713,Discontinued
PROD0005181,facere inventore,Grocery,Vegetables,Apple,3155.09,9375.31,4447,Active
PROD0005182,dolores iste,Fashion,Men,,3364.11,5544.14,3367,Inactive
PROD0005183,earum eum,Beauty,Haircare,OnePlus,737.73,1832.01,4707,Active
PROD0005184,porro odit,Beauty,Haircare,Generic,451.1,2418.4,2558,Active
PROD0005185,fuga sequi,Sports,Footwear,Xiaomi,4174.74,6851.48,2120,Active
PROD0005186,tempore culpa,Fashion,Shoes,Sony,4262.36,5191.3,3112,Active
PROD0005187,impedit officiis,Electronics,Accessories,LG,2469.54,9833.53,1167,Active
PROD0005188,maxime minus,Home & Kitchen,Cookware,Generic,4839.21,7004.8,3085,Discontinued
PROD0005189,aperiam optio,Beauty,Skincare,LG,2156.4,7632.44,2036,Active
PROD0005190,maxime possimus,Fashion,Men,LG,346.8,9175.85,1353,Discontinued
PROD0005191,quae voluptatem,Beauty,Skincare,Generic,2314.43,7069.91,2638,Active
PROD0005192,magni itaque,Beauty,Skincare,Xiaomi,3725.37,8404.88,4950,Discontinued
PROD0005193,sint voluptatum,Home & Kitchen,Decor,,4111.19,2055.92,652,Active
PROD0005194,fugiat alias,Beauty,Haircare,Samsung,4021.55,7643.31,3099,Inactive
PROD0005195,assumenda voluptates,Fashion,Shoes,Apple,249.7,9711.99,3660,Discontinued
PROD0005196,non sed,Grocery,Dairy,,4917.3,3930.24,2055,Inactive
PROD0005197,quos accusantium,Beauty,Makeup,OnePlus,303.37,1651.77,2241,Active
PROD0005198,repellendus eveniet,Fashion,Men,Xiaomi,482.65,892.32,4777,Discontinued
PROD0005199,iusto doloribus,Fashion,Shoes,,625.48,7170.7,3918,Active
PROD0005200,iure molestias,Beauty,Makeup,OnePlus,4698.77,4632.73,590,Inactive
PROD0005201,perspiciatis vel,Beauty,Haircare,LG,2457.25,9639.87,1998,Discontinued
PROD0005202,totam asperiores,Beauty,Haircare,LG,3936.98,9727.09,1966,Active
PROD0005203,ipsa soluta,Beauty,Makeup,Xiaomi,742.09,6159.26,3318,Discontinued
PROD0005204,a aliquid,Fashion,Shoes,Generic,1827.09,8285.79,2505,Discontinued
PROD0005205,suscipit distinctio,Fashion,Men,Samsung,2982.6,1857.04,796,Inactive
PROD0005206,sed nisi,Electronics,Accessories,Sony,3993.75,6847.02,3049,Discontinued
PROD0005207,ratione aliquam,Home & Kitchen,Decor,LG,4773.39,7403.95,4870,Discontinued
PROD0005208,cupiditate assumenda,Fashion,Women,,4803.65,1773.46,3054,Inactive
PROD0005209,in repellendus,Grocery,Snacks,Sony,2960.16,181.64,4777,Active
PROD0005210,modi aut,Grocery,Fruits,Xiaomi,4638.96,4459.02,4997,Discontinued
PROD0005211,impedit libero,Fashion,Kids,OnePlus,95.14,3236.91,3474,Inactive
PROD0005212,nulla possimus,Beauty,Haircare,LG,4582.34,9717.32,3309,Inactive
PROD0005213,nihil ullam,Fashion,Men,Xiaomi,1282.3,3723.78,1143,Inactive
PROD0005214,eveniet ad,Beauty,Makeup,LG,1186.08,7966.48,1061,Inactive
PROD0005215,cumque eos,Grocery,Snacks,Generic,4805.27,8147.57,4815,Discontinued
PROD0005216,natus nesciunt,Grocery,Vegetables,Samsung,4634.05,7054.91,4547,Inactive
PROD0005217,numquam natus,Electronics,Mobiles,,3374.55,8538.1,1607,Inactive
PROD0005218,odio consequatur,Beauty,Haircare,Sony,3421.89,4807.61,1163,Active
PROD0005219,quae quis,Grocery,Vegetables,Generic,177.35,7177.28,4840,Discontinued
PROD0005220,sint temporibus,Sports,Apparel,OnePlus,4755.92,4530.71,3420,Inactive
PROD0005221,laboriosam odio,Grocery,Fruits,,2381.82,7199.89,3856,Discontinued
PROD0005222,voluptate saepe,Fashion,Women,Xiaomi,173.51,3013.17,3421,Inactive
PROD0005223,sint possimus,Home & Kitchen,Decor,LG,1414.69,7488.85,4534,Inactive
PROD0005224,vitae modi,Sports,Equipment,Generic,2076.6,655.66,3977,Active
PROD0005225,ut totam,Fashion,Kids,Apple,319.25,8636.2,4430,Discontinued
PROD0005226,dolorem ullam,Beauty,Haircare,Apple,1258.29,186.15,736,Discontinued
PROD0005227,explicabo blanditiis,Beauty,Makeup,LG,1964.79,3841.02,2721,Active
PROD0005228,aliquam deleniti,Beauty,Haircare,LG,1755.53,999999.0,4504,Discontinued
PROD0005229,eos necessitatibus,Sports,Equipment,Generic,2389.26,1270.66,3773,Inactive
PROD0005230,minima occaecati,Electronics,Laptops,OnePlus,3403.72,6514.15,2378,Inactive
PROD0005231,praesentium culpa,Beauty,Haircare,Apple,3983.9,7045.74,562,Discontinued
PROD0005232,deleniti laborum,Beauty,Skincare,LG,2769.55,1533.96,4355,Inactive
PROD0005233,provident nulla,Electronics,Tablets,Xiaomi,939.27,9408.99,3817,Discontinued
PROD0005234,quisquam doloribus,Fashion,Kids,,3019.96,7708.55,2573,Active
PROD0005235,dicta officiis,Electronics,Laptops,Apple,3627.62,5110.58,4674,Discontinued
PROD0005236,exercitationem tempore,Sports,Equipment,OnePlus,2476.52,4866.13,3477,Inactive
PROD0005237,expedita veritatis,Grocery,Dairy,Apple,4841.85,478.74,1103,Active
PROD0005238,iusto officiis,Beauty,Skincare,Apple,3649.46,9923.02,127,Active
PROD0005239,perspiciatis iusto,Electronics,Mobiles,Generic,3227.1,6881.3,1783,Active
PROD0005240,voluptatem nulla,Beauty,Haircare,Sony,134.93,940.14,2724,Inactive
PROD0005241,explicabo debitis,Beauty,Makeup,OnePlus,1082.88,7298.22,3928,Inactive
PROD0005242,inventore repellendus,Sports,Apparel,LG,3426.1,1527.09,437,Discontinued
PROD0005243,nihil deserunt,Fashion,Kids,LG,3376.33,4702.02,2267,Active
PROD0005244,quae voluptas,Sports,Apparel,Generic,582.77,9500.83,3636,Inactive
PROD0005245,fuga impedit,Beauty,Skincare,OnePlus,4668.33,2141.39,237,Active
PROD0005246,hic placeat,Sports,Equipment,,1798.7,4722.71,1100,Inactive
PROD0005247,facere culpa,Beauty,Skincare,Xiaomi,3049.84,3453.94,4508,Discontinued
PROD0005248,ipsa inventore,Grocery,Dairy,Sony,3894.26,6884.07,503,Inactive
PROD0005249,dolorem itaque,Home & Kitchen,Furniture,Samsung,4206.84,1452.67,126,Discontinued
PROD0005250,aspernatur reprehenderit,Electronics,Tablets,Generic,668.5,6042.38,4356,Discontinued
PROD0005251,doloribus amet,Beauty,Skincare,OnePlus,1524.76,6491.42,2336,Discontinued
PROD0005252,at in,Sports,Footwear,LG,2957.33,1009.97,692,Active
PROD0005253,distinctio excepturi,Fashion,Women,Sony,1029.06,6331.67,2518,Inactive
PROD0005254,similique aspernatur,Fashion,Men,Samsung,4602.2,1345.23,4578,Active
PROD0005255,officiis rem,Beauty,Haircare,Samsung,1514.1,3586.98,3469,Discontinued
PROD0005256,voluptates porro,Fashion,Kids,OnePlus,1425.36,8938.24,4629,Inactive
PROD0005257,esse nam,Electronics,Accessories,Samsung,1450.58,7130.04,445,Inactive
PROD0005258,earum accusantium,Grocery,Vegetables,OnePlus,1167.3,4883.49,1099,Inactive
PROD0005259,vero nam,Grocery,Vegetables,Xiaomi,4096.71,1493.49,3958,Inactive
PROD0005260,culpa voluptatem,Beauty,Haircare,Samsung,1100.85,580.06,2104,Active
PROD0005261,distinctio voluptas,Electronics,Accessories,Samsung,387.05,315.94,4278,Inactive
PROD0005262,magnam distinctio,Beauty,Skincare,OnePlus,2242.69,7325.92,3822,Discontinued
PROD0005263,aliquam aspernatur,Electronics,Mobiles,Samsung,3751.67,841.32,2855,Inactive
PROD0005264,optio occaecati,Beauty,Makeup,,4295.13,2957.66,3291,Active
PROD0005265,molestias non,Beauty,Makeup,Generic,4854.68,7284.94,2767,Inactive
PROD0005266,nobis voluptatibus,Fashion,Kids,Apple,2120.11,4036.42,1015,Active
PROD0005267,culpa labore,Electronics,Accessories,Xiaomi,2051.88,4402.53,4232,Active
PROD0005268,doloremque aut,Beauty,Makeup,OnePlus,4584.72,2116.61,4912,Discontinued
PROD0005269,eveniet esse,Sports,Footwear,Apple,4432.72,1308.8,2676,Active
PROD0005270,ratione iste,Grocery,Snacks,Sony,2033.49,1447.68,260,Inactive
PROD0005271,quia animi,Fashion,Men,OnePlus,3933.66,2704.4,3914,Discontinued
PROD0005272,mollitia quaerat,Beauty,Skincare,OnePlus,4691.9,3939.56,732,Inactive
PROD0005273,reprehenderit magni,Grocery,Snacks,OnePlus,3995.06,7827.6,228,Discontinued
PROD0005274,adipisci numquam,Beauty,Haircare,Sony,4861.89,2013.86,543,Discontinued
PROD0005275,veritatis fuga,Electronics,Accessories,Xiaomi,3768.92,1419.75,1435,Inactive
PROD0005276,modi odio,Fashion,Kids,Xiaomi,2352.97,7489.88,2492,Inactive
PROD0005277,ex voluptas,Fashion,Women,Samsung,3051.04,1949.76,1547,Active
PROD0005278,natus quis,Grocery,Vegetables,Sony,3159.67,2273.55,1577,Inactive
PROD0005279,officiis laboriosam,Sports,Apparel,LG,2543.5,5621.37,2550,Inactive
PROD0005280,alias cupiditate,Grocery,Dairy,Sony,348.2,2177.51,4286,Inactive
PROD0005281,esse temporibus,Grocery,Dairy,Samsung,3741.48,6505.41,4462,Discontinued
PROD0005282,a minima,Electronics,Laptops,Generic,1058.59,8837.95,626,Inactive
PROD0005283,rem voluptatum,Home & Kitchen,Appliances,LG,2951.28,2992.44,1927,Discontinued
PROD0005284,necessitatibus facere,Electronics,Laptops,Sony,706.68,3350.97,1700,Active
PROD0005285,natus cumque,Electronics,Laptops,OnePlus,626.88,7817.52,2947,Active
PROD0005286,blanditiis delectus,Home & Kitchen,Appliances,Generic,4324.29,8747.17,2693,Discontinued
PROD0005287,neque earum,Sports,Apparel,Apple,1560.71,9903.59,1878,Inactive
PROD0005288,exercitationem ipsum,Grocery,Snacks,LG,3765.42,3245.39,4387,Discontinued
PROD0005289,accusantium sequi,Grocery,Fruits,Samsung,4589.01,2634.29,4036,Inactive
PROD0005290,earum ut,Beauty,Skincare,OnePlus,813.83,1782.66,2517,Active
PROD0005291,distinctio voluptas,Fashion,Shoes,OnePlus,78.53,4992.38,1096,Active
PROD0005292,consequatur laudantium,Sports,Footwear,Generic,162.58,9233.24,595,Inactive
PROD0005293,quaerat quos,Electronics,Tablets,Sony,2159.72,5317.91,4213,Discontinued
PROD0005294,labore enim,Grocery,Dairy,,4515.33,6927.8,4828,Discontinued
PROD0005295,nam odit,Grocery,Vegetables,Sony,2199.97,6645.53,6,Inactive
PROD0005296,alias beatae,Sports,Footwear,Xiaomi,2326.52,5568.39,2569,Inactive
PROD0005297,voluptas enim,Sports,Apparel,Xiaomi,3387.97,8790.9,1056,Inactive
PROD0005298,dolor debitis,Fashion,Shoes,LG,4971.98,7142.47,4462,Inactive
PROD0005299,architecto deserunt,Sports,Footwear,Apple,2295.5,1866.02,1707,Inactive
PROD0005300,nesciunt sed,Sports,Apparel,Apple,125.28,7434.93,1069,Active
PROD0005301,esse fuga,Fashion,Kids,OnePlus,1365.65,6254.71,2116,Active
PROD0005302,possimus culpa,Beauty,Makeup,Xiaomi,3627.8,137.62,2919,Inactive
PROD0005303,nesciunt ad,Electronics,Accessories,Xiaomi,2619.13,7920.34,2344,Active
PROD0005304,tenetur distinctio,Fashion,Kids,Xiaomi,1924.45,498.07,2929,Active
PROD0005305,ea in,Fashion,Men,Sony,1353.2,2337.55,4204,Active
PROD0005306,quam iste,Electronics,Accessories,Sony,1973.26,8586.55,1784,Active
PROD0005307,libero et,Sports,Footwear,,878.99,2482.66,4593,Inactive
PROD0005308,eius quam,Beauty,Makeup,Apple,1028.66,9144.62,1886,Inactive
PROD0005309,illo amet,Home & Kitchen,Cookware,Xiaomi,2630.12,3849.23,3854,Active
PROD0005310,accusamus ea,Home & Kitchen,Furniture,OnePlus,4756.02,688.94,1365,Discontinued
PROD0005311,a perspiciatis,Sports,Footwear,Xiaomi,3648.12,8874.17,4,Inactive
PROD0005312,inventore commodi,Beauty,Skincare,OnePlus,1733.9,2495.32,1524,Discontinued
PROD0005313,animi itaque,Electronics,Accessories,Samsung,1969.2,1823.09,1340,Inactive
PROD0005314,molestias neque,Sports,Equipment,OnePlus,1841.8,7335.39,1748,Discontinued
PROD0005315,nobis doloribus,Home & Kitchen,Appliances,Xiaomi,3277.74,4149.6,3369,Inactive
PROD0005316,ab eveniet,Sports,Footwear,Xiaomi,4223.0,652.28,4515,Discontinued
PROD0005317,aut labore,Electronics,Mobiles,OnePlus,2672.52,8540.44,827,Discontinued
PROD0005318,blanditiis debitis,Sports,Equipment,Generic,1148.73,6602.1,3749,Inactive
PROD0005319,rerum autem,Sports,Equipment,OnePlus,4413.64,8367.41,2520,Inactive
PROD0005320,expedita dolorum,Electronics,Mobiles,Generic,502.9,9926.84,1874,Inactive
PROD0005321,impedit impedit,Fashion,Kids,OnePlus,1225.33,-100.0,875,Active
PROD0005322,alias aliquam,Electronics,Accessories,LG,2505.6,859.08,1807,Active
PROD0005323,adipisci veniam,Grocery,Vegetables,Generic,795.1,4728.66,966,Discontinued
PROD0005324,excepturi recusandae,Grocery,Dairy,Xiaomi,2824.06,2066.7,2430,Discontinued
PROD0005325,minus fugiat,Beauty,Haircare,OnePlus,1677.63,4572.64,326,Discontinued
PROD0005326,a accusamus,Sports,Apparel,OnePlus,1987.57,6584.84,1320,Inactive
PROD0005327,necessitatibus qui,Fashion,Kids,Sony,2266.7,9348.87,1071,Discontinued
PROD0005328,magni rerum,Electronics,Mobiles,Samsung,3418.69,6918.49,3185,Inactive
PROD0005329,magni porro,Home & Kitchen,Appliances,Generic,822.42,4342.63,170,Active
PROD0005330,facilis repellat,Beauty,Makeup,Sony,4841.7,6271.67,8,Active
PROD0005331,excepturi debitis,Sports,Equipment,,921.65,9756.74,4513,Inactive
PROD0005332,autem iure,Fashion,Shoes,Samsung,1195.31,1284.36,3714,Discontinued
PROD0005333,enim earum,Beauty,Haircare,Samsung,58.46,2953.94,2357,Active
PROD0005334,accusamus magnam,Sports,Apparel,,4821.96,2386.94,3421,Inactive
PROD0005335,officiis numquam,Beauty,Haircare,,2243.0,3737.68,184,Discontinued
PROD0005336,odio suscipit,Grocery,Vegetables,Apple,2798.65,2002.19,1219,Active
PROD0005337,sunt esse,Beauty,Haircare,Xiaomi,4924.46,7355.45,4065,Inactive
PROD0005338,et nulla,Electronics,Accessories,Xiaomi,4199.65,2918.95,1658,Inactive
PROD0005339,error placeat,Grocery,Snacks,Sony,4646.45,9367.45,252,Discontinued
PROD0005340,veniam quidem,Electronics,Tablets,Apple,4011.44,6367.3,821,Discontinued
PROD0005341,fugiat at,Grocery,Vegetables,Sony,3241.57,8848.21,1415,Discontinued
PROD0005342,necessitatibus ratione,Electronics,Tablets,LG,1772.5,4268.62,974,Inactive
PROD0005343,ipsam iure,Grocery,Dairy,Xiaomi,1121.2,7437.76,793,Inactive
PROD0005344,et consequuntur,Sports,Apparel,Generic,2146.39,1136.7,3980,Active
PROD0005345,labore ut,Electronics,Laptops,Sony,4243.77,7301.93,3528,Active
PROD0005346,eligendi labore,Beauty,Skincare,Xiaomi,4876.56,1413.64,1569,Inactive
PROD0005347,ipsa assumenda,Beauty,Haircare,Xiaomi,4654.36,1181.57,1201,Discontinued
PROD0005348,nulla possimus,Sports,Apparel,Generic,2201.62,7534.59,3899,Inactive
PROD0005349,totam rerum,Grocery,Fruits,Apple,985.63,3278.91,3518,Active
PROD0005350,voluptatem voluptate,Sports,Footwear,Sony,1969.03,7798.88,1091,Discontinued
PROD0005351,sunt quibusdam,Grocery,Fruits,LG,4807.77,9641.16,4909,Active
PROD0005352,sint commodi,Home & Kitchen,Decor,Xiaomi,4609.26,4658.08,2773,Discontinued
PROD0005353,saepe repellat,Electronics,Mobiles,OnePlus,2213.11,7787.43,4684,Inactive
PROD0005354,voluptas itaque,Grocery,Fruits,OnePlus,916.66,1703.79,3745,Discontinued
PROD0005355,debitis aliquid,Home & Kitchen,Cookware,Samsung,4215.57,336.45,2122,Active
PROD0005356,quas impedit,Sports,Apparel,OnePlus,3275.65,926.56,486,Active
PROD0005357,repudiandae cupiditate,Sports,Footwear,Apple,1362.56,330.44,525,Inactive
PROD0005358,quisquam sunt,Grocery,Fruits,LG,3843.68,3234.68,901,Discontinued
PROD0005359,sequi quia,Electronics,Mobiles,OnePlus,4755.01,3030.79,1701,Active
PROD0005360,distinctio quam,Grocery,Vegetables,Sony,971.27,5371.04,643,Active
PROD0005361,accusantium voluptas,Grocery,Fruits,,1031.86,4096.7,3171,Inactive
PROD0005362,quos nam,Home & Kitchen,Decor,,3636.38,4433.06,2745,Inactive
PROD0005363,rerum excepturi,Grocery,Snacks,Apple,421.14,7476.06,2069,Inactive
PROD0005364,adipisci veritatis,Fashion,Men,Xiaomi,2709.42,5374.03,3897,Active
PROD0005365,necessitatibus magni,Electronics,Accessories,,1764.22,9868.08,2185,Active
PROD0005366,praesentium officia,Fashion,Kids,Generic,1107.08,3866.11,4027,Discontinued
PROD0005367,recusandae totam,Electronics,Mobiles,LG,1614.26,8340.54,4543,Discontinued
PROD0005368,dignissimos adipisci,Beauty,Makeup,Generic,3521.35,7373.37,1787,Discontinued
PROD0005369,omnis veritatis,Grocery,Fruits,OnePlus,2005.78,3557.52,1030,Active
PROD0005370,aut illo,Grocery,Dairy,Samsung,4240.21,5905.27,1074,Discontinued
PROD0005371,dicta ipsa,Beauty,Makeup,,4220.59,3743.54,1279,Inactive
PROD0005372,quod quaerat,Fashion,Men,LG,3248.03,2169.83,2131,Discontinued
PROD0005373,cupiditate et,Grocery,Fruits,Generic,3109.2,4874.55,4473,Active
PROD0005374,incidunt nostrum,Sports,Footwear,,423.34,3914.81,2761,Discontinued
PROD0005375,accusamus magnam,Home & Kitchen,Appliances,LG,3993.79,5485.73,2223,Inactive
PROD0005376,reiciendis assumenda,Electronics,Mobiles,Xiaomi,4581.35,6838.08,3074,Inactive
PROD0005377,aspernatur voluptatem,Beauty,Makeup,LG,4211.94,2212.7,796,Discontinued
PROD0005378,non dicta,Grocery,Snacks,,1159.59,1234.21,2527,Active
PROD0005379,tenetur laudantium,Electronics,Accessories,OnePlus,887.72,6166.54,4657,Active
PROD0005380,natus ea,Beauty,Skincare,,2065.75,1047.76,4159,Active
PROD0005381,dolorum cumque,Beauty,Makeup,,4608.71,544.14,3051,Active
PROD0005382,officia quia,Sports,Equipment,Samsung,3253.36,2212.77,464,Inactive
PROD0005383,esse voluptatum,Sports,Apparel,,2186.26,9883.15,1846,Discontinued
PROD0005384,mollitia excepturi,Home & Kitchen,Furniture,Samsung,1056.16,4019.21,1117,Inactive
PROD0005385,doloremque sunt,Electronics,Mobiles,Samsung,3919.55,4845.07,386,Active
PROD0005386,similique sed,Beauty,Skincare,LG,3865.02,5639.88,2269,Discontinued
PROD0005387,neque voluptatem,Beauty,Makeup,Xiaomi,1370.52,6646.34,4704,Active
PROD0005388,aliquam praesentium,Fashion,Women,Generic,3349.91,601.38,2335,Active
PROD0005389,aliquam velit,Home & Kitchen,Furniture,Apple,1312.22,7083.08,78,Discontinued
PROD0005390,accusamus illo,Fashion,Women,,3913.45,7043.95,4002,Discontinued
PROD0005391,a illo,Electronics,Accessories,OnePlus,194.73,4783.82,4393,Active
PROD0005392,odit iure,Grocery,Fruits,Samsung,4416.61,8678.7,3664,Active
PROD0005393,laborum odio,Grocery,Vegetables,OnePlus,2740.77,2069.54,3224,Inactive
PROD0005394,ducimus ducimus,Sports,Apparel,LG,1024.29,5537.63,3568,Inactive
PROD0005395,veniam maxime,Home & Kitchen,Appliances,Sony,2979.52,9409.15,2611,Active
PROD0005396,sunt voluptatem,Beauty,Haircare,Sony,3644.97,6740.45,2517,Discontinued
PROD0005397,culpa cumque,Fashion,Women,Samsung,3708.26,1394.96,3829,Active
PROD0005398,occaecati tenetur,Beauty,Skincare,Samsung,4754.33,2941.76,4924,Active
PROD0005399,eligendi harum,Electronics,Laptops,OnePlus,1966.94,5231.93,2774,Active
PROD0005400,quibusdam ratione,Sports,Footwear,Sony,4321.46,-100.0,1551,Discontinued
PROD0005401,voluptates quisquam,Electronics,Accessories,Generic,271.95,9170.94,4166,Discontinued
PROD0005402,repellat ipsa,Electronics,Laptops,Samsung,1568.11,4479.99,2298,Active
PROD0005403,animi odit,Fashion,Shoes,Generic,2626.15,2634.48,1175,Discontinued
PROD0005404,facilis at,Fashion,Kids,,4314.29,916.55,1400,Active
PROD0005405,voluptatem sapiente,Home & Kitchen,Cookware,Apple,2459.03,1838.75,1354,Active
PROD0005406,libero hic,Sports,Footwear,Generic,3006.0,2803.44,4946,Active
PROD0005407,corrupti harum,Sports,Equipment,Generic,1206.33,5847.06,1941,Discontinued
PROD0005408,dignissimos eaque,Sports,Footwear,,1462.64,4912.36,2129,Discontinued
PROD0005409,autem autem,Sports,Footwear,Xiaomi,3492.07,9265.04,463,Inactive
PROD0005410,eum quaerat,Sports,Apparel,LG,4998.76,9290.48,698,Discontinued
PROD0005411,distinctio illum,Beauty,Makeup,,4491.37,2347.13,4093,Discontinued
PROD0005412,cum necessitatibus,Electronics,Mobiles,LG,3875.01,5283.42,4804,Inactive
PROD0005413,officiis debitis,Grocery,Snacks,Generic,832.28,1419.0,486,Active
PROD0005414,aperiam voluptatum,Grocery,Dairy,OnePlus,4040.05,253.3,2415,Discontinued
PROD0005415,autem veritatis,Fashion,Kids,Generic,3825.99,8482.35,4130,Inactive
PROD0005416,aut placeat,Sports,Footwear,Xiaomi,505.26,4378.21,1241,Inactive
PROD0005417,veritatis distinctio,Sports,Apparel,,1208.78,8777.28,718,Active
PROD0005418,ullam esse,Fashion,Men,LG,1761.32,7314.3,4962,Discontinued
PROD0005419,sed iste,Home & Kitchen,Decor,Generic,3259.28,3335.73,1774,Inactive
PROD0005420,enim similique,Beauty,Skincare,Generic,1573.03,1844.69,4641,Discontinued
PROD0005421,veniam iusto,Electronics,Mobiles,Samsung,630.36,2771.3,2022,Inactive
PROD0005422,perferendis dolores,Grocery,Snacks,Sony,270.69,7253.03,3349,Inactive
PROD0005423,vel odit,Home & Kitchen,Appliances,Xiaomi,3375.34,8566.8,4632,Active
PROD0005424,eaque et,Electronics,Accessories,Xiaomi,987.34,3320.37,2021,Active
PROD0005425,nulla impedit,Beauty,Makeup,Apple,4291.55,5429.53,2519,Discontinued
PROD0005426,sequi provident,Grocery,Snacks,Xiaomi,4913.49,5164.04,805,Discontinued
PROD0005427,enim illo,Beauty,Skincare,Sony,1744.13,4877.66,1147,Inactive
PROD0005428,illo magnam,Grocery,Snacks,,4584.76,1277.66,2736,Discontinued
PROD0005429,pariatur accusantium,Home & Kitchen,Appliances,Xiaomi,3157.18,2784.52,1816,Inactive
PROD0005430,ullam ad,Beauty,Skincare,,2218.01,2632.56,4637,Inactive
PROD0005431,harum sunt,Grocery,Fruits,LG,264.14,1051.65,3967,Inactive
PROD0005432,nam assumenda,Fashion,Kids,Samsung,1998.93,-100.0,3301,Discontinued
PROD0005433,voluptatum eaque,Beauty,Haircare,,4217.27,2560.4,70,Inactive
PROD0005434,hic commodi,Grocery,Fruits,Sony,4030.48,8877.75,253,Active
PROD0005435,modi iusto,Sports,Apparel,Xiaomi,4848.22,3910.52,3253,Inactive
PROD0005436,soluta libero,Grocery,Vegetables,,3634.58,7024.4,3844,Active
PROD0005437,laudantium modi,Electronics,Laptops,Apple,3241.76,8279.99,3438,Discontinued
PROD0005438,maiores explicabo,Beauty,Makeup,Samsung,3028.53,3660.35,1819,Inactive
PROD0005439,cum optio,Home & Kitchen,Cookware,OnePlus,744.56,5560.57,997,Discontinued
PROD0005440,at expedita,Fashion,Kids,LG,302.19,4712.55,1746,Inactive
PROD0005441,nulla adipisci,Fashion,Kids,Generic,2295.53,408.68,3244,Inactive
PROD0005442,perferendis possimus,Beauty,Makeup,Generic,4441.55,6277.42,435,Discontinued
PROD0005443,reiciendis blanditiis,Grocery,Dairy,Xiaomi,4771.24,6399.52,480,Discontinued
PROD0005444,est enim,Grocery,Dairy,Samsung,4601.21,3513.11,2507,Inactive
PROD0005445,nostrum labore,Home & Kitchen,Cookware,Generic,1085.11,283.6,475,Active
PROD0005446,animi commodi,Beauty,Skincare,Apple,3234.45,8539.1,4562,Inactive
PROD0005447,unde tempore,Sports,Equipment,Sony,4342.1,1378.68,2819,Inactive
PROD0005448,voluptatem adipisci,Home & Kitchen,Appliances,Generic,88.57,5356.79,705,Discontinued
PROD0005449,sint dolore,Grocery,Fruits,Sony,582.34,5883.07,3051,Active
PROD0005450,nemo repellendus,Sports,Equipment,Generic,4603.6,1543.95,4009,Active
PROD0005451,amet ipsum,Grocery,Snacks,OnePlus,4847.05,9750.94,3802,Discontinued
PROD0005452,odio ipsum,Grocery,Fruits,Apple,69.13,4130.62,3241,Discontinued
PROD0005453,veniam sequi,Beauty,Makeup,Sony,1639.29,9991.63,4813,Active
PROD0005454,voluptatibus unde,Electronics,Accessories,Samsung,4075.27,5788.58,1536,Discontinued
PROD0005455,tenetur dolore,Fashion,Men,Generic,434.51,9292.22,650,Inactive
PROD0005456,ut cumque,Beauty,Skincare,LG,2421.98,8716.32,1327,Inactive
PROD0005457,sapiente omnis,Beauty,Haircare,Sony,4734.29,984.83,843,Discontinued
PROD0005458,debitis possimus,Sports,Footwear,OnePlus,3270.05,5549.67,2106,Inactive
PROD0005459,maiores fuga,Beauty,Makeup,Xiaomi,4554.6,4967.42,553,Active
PROD0005460,quasi nostrum,Sports,Equipment,OnePlus,3434.96,825.45,4967,Inactive
PROD0005461,velit iusto,Beauty,Haircare,Xiaomi,4975.34,9190.66,1877,Discontinued
PROD0005462,atque ipsa,Fashion,Men,Xiaomi,939.78,9020.95,368,Inactive
PROD0005463,est libero,Fashion,Men,Samsung,105.15,8172.63,1978,Discontinued
PROD0005464,vero voluptate,Home & Kitchen,Furniture,Generic,769.02,2354.97,807,Active
PROD0005465,placeat voluptate,Grocery,Fruits,Apple,2658.57,8004.01,4601,Discontinued
PROD0005466,ipsum deserunt,Grocery,Dairy,,1606.69,7663.63,615,Discontinued
PROD0005467,nemo illum,Home & Kitchen,Appliances,,555.93,2298.07,804,Active
PROD0005468,culpa odit,Grocery,Snacks,Samsung,345.46,907.25,4726,Discontinued
PROD0005469,culpa quae,Beauty,Skincare,Apple,168.38,7600.17,72,Active
PROD0005470,molestias minus,Fashion,Kids,Sony,547.86,903.02,1050,Active
PROD0005471,voluptatibus qui,Sports,Apparel,Samsung,3586.33,2960.4,718,Inactive
PROD0005472,tenetur neque,Beauty,Skincare,Xiaomi,3976.98,6808.94,2846,Active
PROD0005473,repellat repudiandae,Electronics,Tablets,Sony,3815.33,2407.3,3027,Inactive
PROD0005474,repudiandae deleniti,Home & Kitchen,Furniture,Apple,2912.32,4373.68,3865,Discontinued
PROD0005475,dolorem saepe,Home & Kitchen,Furniture,Sony,2623.76,1506.75,4840,Discontinued
PROD0005476,impedit cumque,Home & Kitchen,Cookware,Sony,4999.13,6772.34,1615,Discontinued
PROD0005477,velit eligendi,Sports,Equipment,Xiaomi,4503.8,3568.48,3745,Discontinued
PROD0005478,dolor voluptatibus,Home & Kitchen,Decor,OnePlus,1602.04,119.84,671,Discontinued
PROD0005479,dolor excepturi,Fashion,Kids,LG,1204.57,8272.2,570,Inactive
PROD0005480,pariatur impedit,Home & Kitchen,Decor,LG,1870.03,5505.77,4538,Discontinued
PROD0005481,quis placeat,Sports,Apparel,Apple,2550.01,2525.08,2110,Discontinued
PROD0005482,architecto ad,Beauty,Skincare,LG,1436.93,145.86,4637,Active
PROD0005483,perspiciatis beatae,Electronics,Tablets,Apple,2702.3,2703.48,204,Active
PROD0005484,sed odio,Beauty,Haircare,LG,2685.19,4315.82,2031,Inactive
PROD0005485,non adipisci,Beauty,Skincare,Xiaomi,1333.34,-500.0,805,Active
PROD0005486,repudiandae ducimus,Home & Kitchen,Furniture,Sony,427.39,6036.62,3686,Inactive
PROD0005487,officia cum,Beauty,Makeup,Samsung,2323.85,3836.75,1549,Discontinued
PROD0005488,debitis laborum,Electronics,Accessories,,2332.71,6352.04,1988,Discontinued
PROD0005489,dolor cumque,Home & Kitchen,Furniture,Sony,135.16,4555.47,1304,Inactive
PROD0005490,soluta expedita,Fashion,Kids,Sony,3669.29,9757.22,1826,Active
PROD0005491,labore quod,Beauty,Makeup,Generic,1851.14,2508.8,3596,Active
PROD0005492,in beatae,Home & Kitchen,Appliances,Xiaomi,2862.47,1442.13,2429,Inactive
PROD0005493,quaerat eveniet,Sports,Equipment,Apple,117.75,3197.62,575,Active
PROD0005494,dolor quis,Sports,Apparel,Generic,532.7,1311.66,3018,Discontinued
PROD0005495,perferendis hic,Beauty,Haircare,,1642.1,7569.86,672,Inactive
PROD0005496,ex quam,Electronics,Accessories,Samsung,4835.47,9663.19,296,Inactive
PROD0005497,mollitia expedita,Fashion,Shoes,Apple,4469.81,2940.79,3056,Inactive
PROD0005498,nostrum ducimus,Fashion,Kids,Generic,4888.2,9065.69,482,Inactive
PROD0005499,quia doloribus,Home & Kitchen,Furniture,Apple,2221.01,8589.21,2958,Active
PROD0005500,esse sed,Grocery,Vegetables,Xiaomi,165.53,5106.74,1149,Discontinued
PROD0005501,omnis totam,Fashion,Kids,Sony,2180.08,6646.58,1593,Active
PROD0005502,deserunt consequatur,Sports,Apparel,Generic,2190.47,6425.38,1028,Active
PROD0005503,rem neque,Fashion,Women,Xiaomi,4889.89,5423.94,168,Discontinued
PROD0005504,voluptas id,Beauty,Skincare,,627.05,5108.99,1861,Inactive
PROD0005505,expedita non,Electronics,Laptops,LG,605.26,3150.34,2475,Active
PROD0005506,aliquid impedit,Sports,Apparel,LG,2091.46,6471.97,4785,Inactive
PROD0005507,ducimus rerum,Fashion,Kids,Samsung,3343.44,999999.0,4760,Discontinued
PROD0005508,repellendus accusamus,Grocery,Dairy,OnePlus,4101.11,9522.39,3094,Inactive
PROD0005509,aspernatur expedita,Fashion,Shoes,OnePlus,3244.87,4953.52,4531,Discontinued
PROD0005510,pariatur repudiandae,Home & Kitchen,Cookware,Generic,4514.66,6674.57,3776,Inactive
PROD0005511,fuga odio,Grocery,Vegetables,Sony,1796.73,6324.19,3738,Active
PROD0005512,aliquid recusandae,Beauty,Makeup,Sony,3395.7,4730.67,2095,Discontinued
PROD0005513,quas labore,Grocery,Dairy,Samsung,2634.27,2207.28,3648,Discontinued
PROD0005514,veritatis ab,Sports,Apparel,Xiaomi,1303.59,9100.45,1644,Inactive
PROD0005515,laborum aperiam,Home & Kitchen,Appliances,Xiaomi,2995.64,6195.83,2993,Discontinued
PROD0005516,nemo delectus,Fashion,Women,OnePlus,3648.89,7542.71,748,Active
PROD0005517,odit at,Beauty,Makeup,Samsung,4410.35,8578.52,811,Active
PROD0005518,maiores repellendus,Home & Kitchen,Decor,,3439.59,4004.81,737,Inactive
PROD0005519,ab vitae,Grocery,Vegetables,Apple,3458.6,2141.26,1811,Active
PROD0005520,tempore magnam,Electronics,Tablets,Apple,444.77,3352.39,4312,Inactive
PROD0005521,nihil quia,Fashion,Women,Apple,1824.81,3927.4,3292,Active
PROD0005522,officiis id,Beauty,Haircare,LG,2659.74,3269.26,2720,Discontinued
PROD0005523,rem aliquam,Electronics,Tablets,Samsung,3113.49,3055.02,2867,Inactive
PROD0005524,beatae exercitationem,Grocery,Dairy,Generic,2124.11,1864.73,2680,Active
PROD0005525,suscipit distinctio,Grocery,Dairy,Generic,4555.41,962.49,3739,Active
PROD0005526,dolore voluptatum,Beauty,Makeup,Xiaomi,723.47,4395.49,1364,Inactive
PROD0005527,dolores debitis,Beauty,Skincare,Samsung,3843.34,7925.39,2093,Active
PROD0005528,voluptatem eligendi,Grocery,Vegetables,Apple,2474.15,863.19,3432,Discontinued
PROD0005529,hic in,Sports,Equipment,Samsung,341.28,3852.19,2198,Discontinued
PROD0005530,voluptas iure,Beauty,Makeup,OnePlus,1269.22,6104.69,2424,Active
PROD0005531,harum maiores,Home & Kitchen,Decor,Sony,884.48,6716.19,3311,Inactive
PROD0005532,quia quibusdam,Fashion,Men,Generic,251.34,483.24,4075,Inactive
PROD0005533,voluptates excepturi,Beauty,Skincare,Sony,3137.82,1158.2,3094,Active
PROD0005534,in ex,Electronics,Tablets,Samsung,2548.95,286.58,1936,Inactive
PROD0005535,minus illo,Beauty,Skincare,LG,3694.97,5966.5,1134,Discontinued
PROD0005536,quos vero,Sports,Footwear,,882.71,2796.45,2599,Discontinued
PROD0005537,porro labore,Sports,Footwear,OnePlus,4795.12,5019.13,3936,Discontinued
PROD0005538,impedit maxime,Sports,Apparel,OnePlus,1285.17,442.49,3239,Discontinued
PROD0005539,quod quod,Electronics,Mobiles,Xiaomi,3897.44,230.76,2507,Discontinued
PROD0005540,aperiam doloribus,Sports,Apparel,LG,4912.25,1380.44,4504,Active
PROD0005541,sed doloremque,Beauty,Skincare,,759.35,6132.2,3459,Discontinued
PROD0005542,nam voluptatibus,Sports,Footwear,Generic,702.01,869.09,1575,Discontinued
PROD0005543,nemo consequuntur,Fashion,Men,Samsung,3215.02,4647.72,804,Discontinued
PROD0005544,eveniet voluptatibus,Fashion,Women,Samsung,4826.06,6412.08,2234,Active
PROD0005545,optio placeat,Fashion,Shoes,Generic,898.28,3431.43,332,Inactive
PROD0005546,voluptates reiciendis,Beauty,Skincare,Sony,1540.26,-500.0,863,Inactive
PROD0005547,cupiditate voluptatem,Sports,Footwear,,1134.58,347.59,1550,Active
PROD0005548,rerum ipsa,Beauty,Makeup,Generic,3117.37,1316.69,4095,Inactive
PROD0005549,animi ad,Grocery,Vegetables,Generic,1945.61,457.98,4488,Discontinued
PROD0005550,odit id,Electronics,Mobiles,OnePlus,3907.52,9016.76,3852,Inactive
PROD0005551,doloribus illo,Grocery,Fruits,Sony,2627.14,9013.2,3206,Discontinued
PROD0005552,minima sequi,Fashion,Shoes,,3156.65,1428.76,3307,Inactive
PROD0005553,aperiam quae,Home & Kitchen,Furniture,Xiaomi,734.28,2460.96,3637,Active
PROD0005554,voluptatem impedit,Home & Kitchen,Decor,Xiaomi,1058.3,8782.44,4018,Discontinued
PROD0005555,iure quos,Fashion,Women,OnePlus,4903.27,7434.41,1754,Inactive
PROD0005556,tenetur pariatur,Beauty,Skincare,Xiaomi,3034.64,8614.2,4497,Discontinued
PROD0005557,repellat quod,Home & Kitchen,Decor,OnePlus,4428.53,885.5,4553,Inactive
PROD0005558,rerum aut,Beauty,Makeup,Apple,1471.26,7877.39,4679,Inactive
PROD0005559,aut distinctio,Sports,Apparel,Generic,1713.9,7629.51,4501,Discontinued
PROD0005560,minus rem,Electronics,Accessories,Xiaomi,330.54,6804.15,4382,Discontinued
PROD0005561,possimus eos,Beauty,Haircare,Samsung,4505.65,1234.35,3054,Inactive
PROD0005562,perferendis facere,Home & Kitchen,Furniture,LG,774.79,9425.45,3616,Discontinued
PROD0005563,veniam ea,Beauty,Haircare,Xiaomi,1635.63,9153.89,1438,Inactive
PROD0005564,dicta magni,Beauty,Makeup,LG,2070.61,2128.04,301,Active
PROD0005565,voluptatibus dolores,Sports,Apparel,Generic,4100.44,9344.66,2704,Inactive
PROD0005566,iste totam,Grocery,Snacks,Generic,3149.67,5278.01,358,Inactive
PROD0005567,natus ipsam,Sports,Equipment,OnePlus,169.4,7507.23,469,Active
PROD0005568,provident fugiat,Home & Kitchen,Cookware,Generic,2078.34,8360.47,1098,Active
PROD0005569,quasi vero,Home & Kitchen,Appliances,,4931.81,1479.05,4100,Inactive
PROD0005570,ipsa autem,Electronics,Laptops,LG,3662.69,7259.48,2253,Active
PROD0005571,quae architecto,Beauty,Skincare,Sony,1130.55,1293.12,225,Inactive
PROD0005572,impedit ut,Fashion,Men,OnePlus,4883.05,-500.0,4202,Active
PROD0005573,nisi voluptates,Home & Kitchen,Cookware,Apple,3309.69,5437.61,4125,Inactive
PROD0005574,ullam rerum,Home & Kitchen,Appliances,LG,1620.15,1390.09,1017,Inactive
PROD0005575,quia quis,Sports,Equipment,,4368.04,9782.23,159,Discontinued
PROD0005576,aliquid accusantium,Beauty,Skincare,Samsung,580.97,3490.6,2408,Discontinued
PROD0005577,est eum,Electronics,Accessories,OnePlus,934.56,8793.31,3102,Active
PROD0005578,nemo sunt,Fashion,Women,Generic,708.68,7109.45,4509,Active
PROD0005579,blanditiis totam,Home & Kitchen,Decor,Xiaomi,3114.64,1410.95,4820,Active
PROD0005580,quae et,Sports,Equipment,LG,2884.12,4650.8,3045,Discontinued
PROD0005581,sunt natus,Grocery,Snacks,Generic,3221.6,5969.3,3503,Discontinued
PROD0005582,soluta earum,Electronics,Mobiles,OnePlus,3112.85,7335.53,3684,Discontinued
PROD0005583,nostrum minima,Electronics,Laptops,Samsung,4560.47,3652.91,4077,Active
PROD0005584,at aliquam,Grocery,Fruits,Xiaomi,599.48,2487.79,975,Inactive
PROD0005585,quia aliquid,Grocery,Snacks,,2155.85,2090.23,2386,Discontinued
PROD0005586,ipsam delectus,Beauty,Haircare,,854.23,7043.16,1041,Discontinued
PROD0005587,dolore doloremque,Fashion,Women,LG,1030.84,481.77,1197,Discontinued
PROD0005588,pariatur nemo,Electronics,Tablets,Xiaomi,4892.23,9717.72,4295,Inactive
PROD0005589,velit eaque,Sports,Equipment,Apple,1549.05,1681.8,4008,Active
PROD0005590,illum necessitatibus,Beauty,Skincare,Apple,3959.55,7508.85,1539,Inactive
PROD0005591,corporis maiores,Sports,Equipment,LG,1138.42,3182.55,2339,Inactive
PROD0005592,dolorum dolor,Sports,Equipment,Generic,270.27,879.67,3861,Active
PROD0005593,ducimus placeat,Grocery,Fruits,Samsung,1419.16,9966.38,4697,Inactive
PROD0005594,cupiditate eligendi,Sports,Apparel,,4575.2,877.31,193,Discontinued
PROD0005595,quidem dolor,Fashion,Men,LG,952.35,9481.53,2017,Inactive
PROD0005596,excepturi beatae,Electronics,Accessories,Apple,4591.8,5749.22,3500,Inactive
PROD0005597,voluptas natus,Sports,Apparel,Generic,1186.83,6657.02,2648,Active
PROD0005598,soluta facere,Home & Kitchen,Furniture,LG,317.73,-100.0,1111,Inactive
PROD0005599,iusto sequi,Grocery,Fruits,OnePlus,196.45,9126.93,3584,Active
PROD0005600,odit tenetur,Home & Kitchen,Furniture,Sony,1191.37,7230.01,3471,Inactive
PROD0005601,sint ratione,Home & Kitchen,Appliances,Generic,834.29,5840.65,720,Active
PROD0005602,quod maxime,Sports,Apparel,Xiaomi,107.4,594.8,3791,Discontinued
PROD0005603,corrupti nam,Sports,Equipment,Generic,2708.96,999999.0,161,Inactive
PROD0005604,repudiandae pariatur,Beauty,Haircare,,2566.79,3936.49,954,Active
PROD0005605,ut voluptatum,Home & Kitchen,Furniture,Xiaomi,3138.59,3253.86,1527,Active
PROD0005606,modi molestiae,Fashion,Men,Samsung,4863.43,3073.88,1614,Inactive
PROD0005607,consectetur fugiat,Fashion,Kids,OnePlus,4679.33,3207.68,3645,Active
PROD0005608,expedita necessitatibus,Grocery,Vegetables,Samsung,458.29,9972.08,1936,Discontinued
PROD0005609,velit ratione,Home & Kitchen,Furniture,LG,4841.73,8456.1,4823,Discontinued
PROD0005610,dolorem consectetur,Electronics,Accessories,Xiaomi,3274.8,4383.07,4867,Inactive
PROD0005611,veniam voluptate,Fashion,Kids,Xiaomi,4757.68,943.59,1989,Active
PROD0005612,maxime animi,Grocery,Snacks,Samsung,1710.22,1360.22,3073,Discontinued
PROD0005613,ducimus dolorum,Fashion,Kids,Sony,2309.53,2560.2,1198,Discontinued
PROD0005614,modi eos,Electronics,Tablets,Generic,2834.13,4861.37,3602,Inactive
PROD0005615,doloribus inventore,Electronics,Mobiles,Apple,2020.99,598.9,1071,Discontinued
PROD0005616,vero in,Grocery,Fruits,OnePlus,967.18,6307.99,3415,Inactive
PROD0005617,delectus animi,Fashion,Women,Sony,4303.79,9393.62,3029,Active
PROD0005618,nam consequuntur,Electronics,Mobiles,Sony,3655.08,5410.16,2575,Discontinued
PROD0005619,qui voluptatibus,Electronics,Mobiles,Samsung,4806.74,6475.39,3865,Active
PROD0005620,dolorum ea,Grocery,Snacks,Generic,2568.97,-500.0,157,Active
PROD0005621,tenetur perspiciatis,Beauty,Haircare,LG,2613.37,6071.83,147,Active
PROD0005622,vero fugit,Electronics,Accessories,Generic,2582.29,9205.38,1876,Active
PROD0005623,nihil numquam,Fashion,Women,,932.29,7379.22,432,Discontinued
PROD0005624,illum nulla,Grocery,Snacks,Apple,3891.68,6277.54,1699,Active
PROD0005625,blanditiis natus,Beauty,Makeup,Samsung,1832.67,9837.23,284,Discontinued
PROD0005626,repellat dolore,Fashion,Shoes,Samsung,3839.47,5807.96,3778,Inactive
PROD0005627,maxime velit,Sports,Apparel,OnePlus,4216.83,7108.55,2639,Inactive
PROD0005628,odit error,Electronics,Tablets,LG,1214.53,8543.45,2638,Inactive
PROD0005629,ipsum neque,Electronics,Accessories,Samsung,253.56,6455.27,4418,Discontinued
PROD0005630,illum ipsam,Fashion,Women,Sony,1887.81,2550.32,4807,Active
PROD0005631,hic soluta,Sports,Equipment,Sony,4641.17,-500.0,138,Discontinued
PROD0005632,veritatis quisquam,Fashion,Women,Apple,3249.75,2286.3,162,Discontinued
PROD0005633,voluptate fugiat,Beauty,Haircare,Generic,1376.48,2393.19,3822,Active
PROD0005634,ducimus magni,Grocery,Fruits,Xiaomi,2794.95,3271.99,473,Active
PROD0005635,corporis eligendi,Fashion,Men,Apple,4731.59,3407.15,3017,Discontinued
PROD0005636,odio repudiandae,Home & Kitchen,Appliances,Apple,2407.01,8476.15,515,Active
PROD0005637,accusamus dolor,Fashion,Men,Xiaomi,240.75,4437.68,2101,Discontinued
PROD0005638,quia molestiae,Beauty,Makeup,Xiaomi,2688.42,7056.09,3969,Discontinued
PROD0005639,dolorem vel,Fashion,Men,Samsung,1543.91,7698.07,674,Inactive
PROD0005640,odit deserunt,Electronics,Accessories,OnePlus,1966.34,7849.19,3926,Active
PROD0005641,fugit odio,Grocery,Snacks,,4550.05,9208.82,3604,Discontinued
PROD0005642,velit officiis,Electronics,Laptops,Generic,3193.52,9850.17,2618,Active
PROD0005643,nemo rerum,Beauty,Makeup,Apple,970.64,7342.31,1173,Inactive
PROD0005644,cum ratione,Grocery,Fruits,Samsung,395.24,2438.26,4774,Inactive
PROD0005645,fugiat facilis,Fashion,Kids,OnePlus,1777.18,4973.82,1304,Active
PROD0005646,repellat fugit,Electronics,Tablets,Generic,4577.17,7616.21,3040,Discontinued
PROD0005647,veritatis repudiandae,Sports,Apparel,Generic,3888.2,5283.91,2582,Discontinued
PROD0005648,nulla vel,Grocery,Snacks,Sony,1891.1,6123.54,3209,Discontinued
PROD0005649,nam maiores,Fashion,Kids,,4671.4,1499.89,4672,Discontinued
PROD0005650,non mollitia,Grocery,Fruits,LG,4289.18,1899.55,4092,Discontinued
PROD0005651,laborum sed,Electronics,Mobiles,Generic,2326.97,3957.33,2491,Inactive
PROD0005652,tempora rem,Grocery,Fruits,OnePlus,1133.88,4775.03,2365,Discontinued
PROD0005653,recusandae totam,Grocery,Dairy,Samsung,552.38,1770.47,1381,Active
PROD0005654,perspiciatis magnam,Beauty,Skincare,Samsung,4001.26,840.72,3292,Active
PROD0005655,in aperiam,Sports,Apparel,OnePlus,991.41,4117.47,386,Discontinued
PROD0005656,magnam nulla,Beauty,Skincare,,1789.61,1717.84,4100,Discontinued
PROD0005657,sunt corporis,Beauty,Haircare,Apple,4318.15,1723.11,4618,Discontinued
PROD0005658,voluptatem amet,Home & Kitchen,Cookware,Samsung,3996.09,5875.56,1686,Active
PROD0005659,maiores voluptates,Home & Kitchen,Furniture,Generic,529.33,-100.0,1933,Inactive
PROD0005660,tenetur labore,Electronics,Laptops,Xiaomi,3856.04,5510.28,2439,Discontinued
PROD0005661,architecto animi,Grocery,Fruits,Xiaomi,4717.27,1025.95,4245,Inactive
PROD0005662,ut delectus,Fashion,Kids,Apple,4435.38,8429.93,2414,Discontinued
PROD0005663,reiciendis velit,Electronics,Mobiles,Samsung,1651.01,1338.74,3754,Active
PROD0005664,doloribus natus,Beauty,Makeup,,4936.52,749.94,1078,Discontinued
PROD0005665,ipsum facilis,Sports,Apparel,Apple,642.81,7399.48,4376,Active
PROD0005666,cum cupiditate,Home & Kitchen,Cookware,LG,4299.9,2634.13,2887,Active
PROD0005667,officiis quia,Home & Kitchen,Furniture,Apple,1461.3,2145.21,4475,Inactive
PROD0005668,animi unde,Home & Kitchen,Decor,Samsung,982.08,4609.53,2941,Discontinued
PROD0005669,porro reprehenderit,Grocery,Fruits,LG,4780.29,9755.14,3692,Discontinued
PROD0005670,eos quo,Fashion,Shoes,Xiaomi,3754.08,245.73,4181,Active
PROD0005671,tempore officiis,Electronics,Laptops,Generic,2964.23,2985.27,3554,Active
PROD0005672,asperiores maiores,Beauty,Haircare,Xiaomi,2244.38,5034.53,1299,Discontinued
PROD0005673,ducimus veniam,Sports,Equipment,Apple,2983.66,5595.98,537,Active
PROD0005674,quo quas,Fashion,Kids,LG,2260.05,8048.71,4919,Discontinued
PROD0005675,commodi nulla,Grocery,Vegetables,Generic,3633.2,3762.04,972,Discontinued
PROD0005676,nostrum itaque,Grocery,Dairy,Generic,4290.6,9246.3,4681,Active
PROD0005677,necessitatibus facere,Fashion,Women,OnePlus,53.16,2033.52,3838,Discontinued
PROD0005678,magnam explicabo,Grocery,Vegetables,OnePlus,4901.21,235.29,241,Discontinued
PROD0005679,modi nam,Fashion,Women,Sony,2059.36,3944.05,226,Discontinued
PROD0005680,quidem aut,Grocery,Vegetables,Sony,676.47,3547.87,3018,Discontinued
PROD0005681,iusto accusamus,Home & Kitchen,Furniture,Xiaomi,3269.99,1522.73,4460,Inactive
PROD0005682,laboriosam reprehenderit,Fashion,Women,LG,138.16,5346.39,4849,Inactive
PROD0005683,voluptatem quas,Grocery,Dairy,,3981.08,9724.73,1970,Active
PROD0005684,exercitationem doloremque,Grocery,Dairy,OnePlus,4661.21,8708.87,2434,Discontinued
PROD0005685,eaque quod,Electronics,Tablets,,2184.28,2274.08,2927,Discontinued
PROD0005686,eligendi maiores,Home & Kitchen,Decor,Xiaomi,4336.44,6600.26,4931,Inactive
PROD0005687,odit quos,Sports,Apparel,Samsung,173.32,5113.95,4339,Discontinued
PROD0005688,expedita repellendus,Home & Kitchen,Cookware,Sony,2481.59,6357.52,3103,Inactive
PROD0005689,numquam soluta,Electronics,Laptops,Generic,3633.32,5472.91,186,Discontinued
PROD0005690,quam officia,Home & Kitchen,Appliances,Xiaomi,145.58,1243.84,119,Discontinued
PROD0005691,exercitationem ea,Fashion,Kids,Xiaomi,1113.62,7638.6,1577,Inactive
PROD0005692,quasi earum,Beauty,Makeup,OnePlus,4739.55,6105.74,3948,Active
PROD0005693,libero expedita,Grocery,Fruits,Samsung,3085.41,3220.76,3994,Inactive
PROD0005694,inventore eius,Sports,Footwear,Samsung,4880.79,4155.53,998,Active
PROD0005695,reprehenderit quis,Home & Kitchen,Appliances,LG,326.69,6563.44,3125,Active
PROD0005696,vitae aperiam,Home & Kitchen,Furniture,Xiaomi,3407.26,8973.72,2843,Active
PROD0005697,nisi odit,Beauty,Skincare,Xiaomi,1825.97,5709.98,2910,Discontinued
PROD0005698,nesciunt repellendus,Electronics,Tablets,,4016.12,3360.4,3286,Active
PROD0005699,nesciunt ab,Beauty,Makeup,,2321.97,2699.36,4317,Active
PROD0005700,ipsam ea,Home & Kitchen,Cookware,Apple,4900.29,2877.52,3031,Inactive
PROD0005701,soluta veniam,Electronics,Tablets,Generic,4113.54,9865.72,1605,Active
PROD0005702,facere sint,Home & Kitchen,Furniture,Apple,626.13,7484.0,1795,Discontinued
PROD0005703,ullam laboriosam,Home & Kitchen,Decor,Xiaomi,456.99,8673.32,630,Discontinued
PROD0005704,nihil dignissimos,Fashion,Men,Samsung,3001.22,1774.96,3854,Active
PROD0005705,aspernatur natus,Fashion,Men,Samsung,1567.87,6506.3,3476,Active
PROD0005706,dolorem ducimus,Electronics,Mobiles,LG,2330.46,1026.02,1580,Discontinued
PROD0005707,hic expedita,Sports,Apparel,Xiaomi,1826.24,8768.74,2719,Inactive
PROD0005708,enim dignissimos,Fashion,Men,Xiaomi,4462.25,8977.11,4766,Discontinued
PROD0005709,a quaerat,Fashion,Shoes,Sony,544.35,761.14,165,Discontinued
PROD0005710,voluptatem maxime,Beauty,Skincare,Apple,760.33,8782.5,381,Active
PROD0005711,nobis excepturi,Home & Kitchen,Appliances,OnePlus,1337.23,6816.49,4518,Inactive
PROD0005712,ut accusamus,Sports,Equipment,Generic,2786.1,285.69,4268,Active
PROD0005713,reiciendis omnis,Sports,Apparel,Generic,87.56,7753.26,4534,Discontinued
PROD0005714,doloremque distinctio,Sports,Apparel,Generic,778.08,7632.44,3111,Inactive
PROD0005715,quia temporibus,Grocery,Snacks,Xiaomi,3427.39,425.68,3433,Discontinued
PROD0005716,occaecati optio,Beauty,Haircare,Apple,2502.48,6100.68,2180,Inactive
PROD0005717,quam officia,Electronics,Laptops,Xiaomi,4712.38,7498.99,2852,Inactive
PROD0005718,mollitia veritatis,Fashion,Men,Apple,4157.67,4123.4,945,Discontinued
PROD0005719,quos dolorem,Fashion,Shoes,OnePlus,3273.97,7800.15,3607,Discontinued
PROD0005720,adipisci molestiae,Beauty,Skincare,Generic,2617.89,6244.07,110,Discontinued
PROD0005721,modi rerum,Grocery,Dairy,LG,3701.77,8295.98,4189,Discontinued
PROD0005722,delectus beatae,Beauty,Skincare,Sony,3889.82,6682.19,4200,Active
PROD0005723,corporis cum,Home & Kitchen,Furniture,OnePlus,4792.88,1400.61,3442,Active
PROD0005724,ad doloribus,Home & Kitchen,Cookware,Samsung,3916.57,3852.74,1946,Discontinued
PROD0005725,ex dolorem,Fashion,Men,OnePlus,3460.1,1751.36,282,Discontinued
PROD0005726,vitae odit,Grocery,Snacks,OnePlus,4618.8,6198.05,889,Inactive
PROD0005727,natus tempora,Grocery,Snacks,LG,85.97,5167.44,94,Discontinued
PROD0005728,quaerat magni,Home & Kitchen,Appliances,Samsung,4911.14,1892.59,2192,Discontinued
PROD0005729,animi ad,Fashion,Kids,LG,2505.15,5263.9,703,Discontinued
PROD0005730,fuga reprehenderit,Fashion,Women,Sony,3730.18,2877.21,4711,Inactive
PROD0005731,quas commodi,Beauty,Skincare,LG,2346.07,346.93,3172,Discontinued
PROD0005732,optio occaecati,Beauty,Skincare,LG,4696.59,2198.55,2969,Active
PROD0005733,pariatur dolor,Fashion,Shoes,Samsung,3957.34,3926.07,3909,Inactive
PROD0005734,officia perspiciatis,Home & Kitchen,Furniture,LG,639.8,3819.98,303,Inactive
PROD0005735,voluptate et,Sports,Footwear,Xiaomi,852.52,5990.21,4653,Discontinued
PROD0005736,inventore aut,Fashion,Shoes,,4742.34,7762.54,4712,Inactive
PROD0005737,nulla illum,Sports,Equipment,Sony,2623.15,7429.54,1423,Active
PROD0005738,laborum similique,Electronics,Mobiles,Apple,753.54,8117.6,232,Active
PROD0005739,totam et,Home & Kitchen,Cookware,OnePlus,3777.65,5134.65,2134,Inactive
PROD0005740,aperiam nam,Sports,Equipment,Generic,2414.64,332.75,4189,Discontinued
PROD0005741,quos amet,Beauty,Makeup,Apple,1047.75,323.51,1608,Active
PROD0005742,totam velit,Beauty,Makeup,OnePlus,1668.02,7018.78,2958,Inactive
PROD0005743,deleniti quidem,Fashion,Shoes,Samsung,666.77,5041.85,2490,Active
PROD0005744,hic assumenda,Beauty,Skincare,Xiaomi,3346.05,4236.45,889,Active
PROD0005745,ex autem,Fashion,Women,Generic,3721.37,6803.49,2670,Active
PROD0005746,veritatis laborum,Grocery,Vegetables,Apple,133.1,8628.82,1131,Inactive
PROD0005747,labore placeat,Beauty,Skincare,Sony,3353.95,2759.21,4699,Inactive
PROD0005748,doloribus delectus,Home & Kitchen,Decor,,1611.57,5178.78,243,Inactive
PROD0005749,id aperiam,Fashion,Women,,4711.59,5444.34,3866,Active
PROD0005750,esse pariatur,Grocery,Vegetables,OnePlus,1145.23,7459.14,984,Discontinued
PROD0005751,ex distinctio,Grocery,Dairy,Generic,1970.99,327.54,212,Active
PROD0005752,dolor assumenda,Fashion,Women,LG,4841.34,7188.56,4012,Discontinued
PROD0005753,et tempore,Home & Kitchen,Appliances,Sony,3119.87,6463.1,2069,Discontinued
PROD0005754,qui corporis,Home & Kitchen,Appliances,Sony,632.14,4532.53,556,Discontinued
PROD0005755,nihil impedit,Beauty,Haircare,Apple,1474.39,4015.37,1681,Inactive
PROD0005756,minus pariatur,Grocery,Vegetables,,2857.02,6526.61,1175,Inactive
PROD0005757,a adipisci,Fashion,Men,OnePlus,3100.23,8782.11,3790,Discontinued
PROD0005758,quos corrupti,Home & Kitchen,Cookware,Apple,249.04,9585.14,2365,Active
PROD0005759,expedita a,Home & Kitchen,Appliances,Samsung,3455.7,9490.61,2325,Inactive
PROD0005760,harum pariatur,Fashion,Men,OnePlus,1525.38,7384.96,2992,Discontinued
PROD0005761,recusandae accusamus,Sports,Footwear,LG,1769.66,1533.09,2188,Active
PROD0005762,saepe nesciunt,Fashion,Men,LG,2989.84,5716.66,4741,Active
PROD0005763,labore laborum,Electronics,Accessories,LG,2835.35,2678.54,3259,Discontinued
PROD0005764,aspernatur saepe,Fashion,Kids,Samsung,923.95,3200.53,3344,Discontinued
PROD0005765,veritatis modi,Home & Kitchen,Furniture,,2607.31,3406.65,1033,Inactive
PROD0005766,blanditiis vero,Electronics,Tablets,Generic,3384.53,9824.26,4089,Active
PROD0005767,nemo esse,Fashion,Men,LG,3317.3,5553.86,2230,Active
PROD0005768,commodi voluptatum,Sports,Apparel,Xiaomi,426.86,8949.65,1807,Active
PROD0005769,explicabo laboriosam,Fashion,Men,Xiaomi,3534.04,4042.44,1924,Discontinued
PROD0005770,numquam unde,Fashion,Kids,Samsung,1849.45,2709.48,2709,Inactive
PROD0005771,illum rem,Fashion,Shoes,Generic,1830.46,2651.95,202,Discontinued
PROD0005772,consectetur eos,Home & Kitchen,Furniture,Samsung,4667.91,4624.96,291,Active
PROD0005773,totam modi,Electronics,Tablets,,4407.91,3911.98,2058,Discontinued
PROD0005774,tempora est,Grocery,Snacks,Samsung,1628.31,511.21,4296,Active
PROD0005775,ex dolor,Grocery,Fruits,Samsung,1559.6,5124.33,4273,Inactive
PROD0005776,optio consequuntur,Home & Kitchen,Decor,LG,645.3,514.07,1508,Inactive
PROD0005777,occaecati dicta,Fashion,Shoes,OnePlus,574.5,626.17,3517,Active
PROD0005778,officiis maiores,Fashion,Shoes,Sony,543.65,7584.5,631,Inactive
PROD0005779,corrupti doloremque,Grocery,Vegetables,Generic,819.04,3052.41,1368,Discontinued
PROD0005780,alias ullam,Home & Kitchen,Decor,Samsung,352.55,9669.84,113,Discontinued
PROD0005781,at occaecati,Home & Kitchen,Decor,Samsung,1838.04,9637.27,2302,Discontinued
PROD0005782,recusandae illum,Grocery,Dairy,Apple,3321.05,3514.61,1601,Discontinued
PROD0005783,iusto possimus,Electronics,Laptops,Sony,3288.24,9711.58,3517,Discontinued
PROD0005784,exercitationem natus,Home & Kitchen,Decor,Sony,1530.75,9929.03,2058,Active
PROD0005785,dignissimos nihil,Home & Kitchen,Decor,Apple,1158.77,5451.33,2797,Active
PROD0005786,temporibus esse,Home & Kitchen,Appliances,Samsung,677.71,5959.13,2636,Inactive
PROD0005787,deleniti atque,Beauty,Skincare,Samsung,2399.86,4203.43,759,Active
PROD0005788,perspiciatis esse,Grocery,Vegetables,Apple,2118.81,1284.87,1979,Inactive
PROD0005789,amet eum,Home & Kitchen,Cookware,Apple,3853.1,4217.3,1383,Active
PROD0005790,architecto quidem,Grocery,Vegetables,Sony,4754.21,5141.39,2460,Discontinued
PROD0005791,ad minima,Beauty,Makeup,Samsung,3389.55,5124.85,85,Active
PROD0005792,adipisci rem,Beauty,Makeup,Apple,1296.92,7446.66,74,Inactive
PROD0005793,dolor error,Home & Kitchen,Furniture,Sony,443.76,3100.31,4924,Discontinued
PROD0005794,porro voluptates,Grocery,Snacks,Apple,1951.41,4021.85,145,Active
PROD0005795,ea nostrum,Beauty,Haircare,Xiaomi,2727.08,2187.93,3204,Inactive
PROD0005796,soluta perspiciatis,Home & Kitchen,Appliances,Sony,4653.67,5748.49,4839,Discontinued
PROD0005797,labore numquam,Fashion,Shoes,Apple,2902.34,9630.42,2027,Discontinued
PROD0005798,quam eligendi,Fashion,Kids,Generic,2738.7,6914.03,4447,Discontinued
PROD0005799,aliquam consectetur,Electronics,Accessories,LG,2248.98,9350.9,1944,Active
PROD0005800,quam saepe,Home & Kitchen,Appliances,LG,1046.45,8032.12,2333,Active
PROD0005801,sed numquam,Home & Kitchen,Decor,Xiaomi,237.83,-500.0,1861,Active
PROD0005802,magni enim,Sports,Equipment,Xiaomi,332.78,1323.32,1620,Discontinued
PROD0005803,ullam similique,Grocery,Snacks,Sony,2331.93,3794.47,4714,Discontinued
PROD0005804,maxime quae,Sports,Apparel,,2041.57,4857.28,4882,Discontinued
PROD0005805,similique libero,Home & Kitchen,Decor,LG,3533.05,6185.49,4997,Discontinued
PROD0005806,rem blanditiis,Home & Kitchen,Appliances,Generic,4591.68,2523.27,943,Discontinued
PROD0005807,dolore quis,Fashion,Women,LG,3486.95,1764.6,3498,Discontinued
PROD0005808,dolorem recusandae,Electronics,Tablets,Xiaomi,3801.72,9055.57,600,Active
PROD0005809,consequuntur molestiae,Sports,Equipment,,2808.23,908.64,1933,Discontinued
PROD0005810,natus quas,Fashion,Shoes,LG,1616.31,-500.0,766,Inactive
PROD0005811,voluptatibus doloribus,Beauty,Haircare,OnePlus,2449.69,3414.25,3320,Active
PROD0005812,doloremque quibusdam,Electronics,Mobiles,Xiaomi,883.13,5655.93,2817,Discontinued
PROD0005813,similique culpa,Fashion,Women,,2084.13,2319.88,1772,Active
PROD0005814,blanditiis non,Grocery,Snacks,Xiaomi,3497.01,5151.3,2660,Active
PROD0005815,excepturi corporis,Fashion,Men,Apple,1854.5,4728.38,3360,Inactive
PROD0005816,aliquid quibusdam,Beauty,Skincare,OnePlus,1982.9,6189.76,693,Inactive
PROD0005817,soluta perferendis,Grocery,Vegetables,Generic,4361.18,1311.74,510,Active
PROD0005818,libero earum,Home & Kitchen,Decor,Generic,3184.55,8734.24,2348,Inactive
PROD0005819,dolorem nihil,Beauty,Skincare,LG,171.29,4641.72,3515,Active
PROD0005820,reprehenderit dolorum,Electronics,Laptops,OnePlus,185.89,5157.29,2532,Active
PROD0005821,repellat incidunt,Sports,Apparel,LG,3705.1,2047.99,4750,Active
PROD0005822,velit laborum,Beauty,Haircare,,4762.36,7514.03,3403,Active
PROD0005823,laboriosam laborum,Grocery,Vegetables,,4665.81,8830.61,2851,Active
PROD0005824,nisi consectetur,Grocery,Dairy,Generic,152.42,5293.63,3281,Discontinued
PROD0005825,voluptatum repellat,Sports,Footwear,LG,2178.36,358.39,4838,Inactive
PROD0005826,eligendi cumque,Grocery,Dairy,Sony,2017.97,5953.12,4991,Inactive
PROD0005827,reprehenderit totam,Beauty,Haircare,Sony,848.36,2589.58,45,Active
PROD0005828,qui itaque,Grocery,Fruits,Apple,3174.59,8616.9,2378,Discontinued
PROD0005829,eligendi culpa,Grocery,Fruits,LG,793.23,3631.91,2609,Discontinued
PROD0005830,perspiciatis sequi,Fashion,Shoes,,2974.99,9945.04,1751,Active
PROD0005831,sed doloribus,Electronics,Laptops,,3757.87,255.66,3201,Inactive
PROD0005832,quod maxime,Grocery,Dairy,,1619.79,581.42,762,Inactive
PROD0005833,debitis tempore,Electronics,Accessories,Apple,1282.44,3761.81,332,Active
PROD0005834,laborum consequuntur,Grocery,Dairy,Xiaomi,976.36,999999.0,505,Inactive
PROD0005835,beatae architecto,Sports,Equipment,Apple,1482.89,7851.87,3585,Discontinued
PROD0005836,repellendus repudiandae,Fashion,Men,OnePlus,120.46,7821.62,2441,Active
PROD0005837,asperiores officia,Grocery,Vegetables,LG,2589.82,5310.85,4889,Discontinued
PROD0005838,mollitia numquam,Fashion,Shoes,LG,3814.28,2570.23,2242,Inactive
PROD0005839,veniam esse,Home & Kitchen,Cookware,OnePlus,1499.66,8743.02,3788,Discontinued
PROD0005840,a cum,Sports,Footwear,OnePlus,2883.43,7285.87,544,Discontinued
PROD0005841,vero culpa,Home & Kitchen,Decor,Samsung,2976.91,1035.09,4211,Active
PROD0005842,provident nulla,Grocery,Snacks,Samsung,880.54,7820.79,152,Active
PROD0005843,quae ea,Fashion,Women,,2751.29,8776.65,507,Active
PROD0005844,tempore culpa,Electronics,Tablets,Apple,428.95,5322.34,2600,Inactive
PROD0005845,ea nesciunt,Beauty,Haircare,Samsung,2693.78,305.44,1936,Discontinued
PROD0005846,ad iusto,Fashion,Men,Samsung,4969.9,3744.72,814,Inactive
PROD0005847,ipsa vero,Beauty,Skincare,LG,2034.22,1695.02,319,Inactive
PROD0005848,dolorum excepturi,Beauty,Makeup,OnePlus,1603.71,2324.41,2761,Inactive
PROD0005849,totam facilis,Grocery,Snacks,Samsung,1063.04,8213.02,2746,Inactive
PROD0005850,fuga quas,Home & Kitchen,Appliances,LG,3995.93,9501.42,3660,Discontinued
PROD0005851,reprehenderit pariatur,Fashion,Kids,Apple,2310.27,3255.75,4234,Inactive
PROD0005852,neque nisi,Electronics,Laptops,Generic,3990.72,3420.57,2279,Active
PROD0005853,aperiam magni,Beauty,Skincare,,4583.95,7363.82,3346,Active
PROD0005854,corrupti modi,Home & Kitchen,Furniture,Samsung,4333.95,4429.0,1084,Discontinued
PROD0005855,quos praesentium,Beauty,Haircare,LG,4271.37,7756.14,4552,Discontinued
PROD0005856,nam molestias,Home & Kitchen,Decor,LG,1123.44,7138.32,405,Active
PROD0005857,sapiente id,Home & Kitchen,Cookware,LG,2741.11,6506.76,1345,Inactive
PROD0005858,temporibus facere,Fashion,Men,,3035.12,5626.77,4870,Active
PROD0005859,voluptatum doloremque,Sports,Equipment,Sony,871.11,2001.14,2753,Active
PROD0005860,dolor sapiente,Electronics,Tablets,Xiaomi,3745.2,8739.13,1833,Active
PROD0005861,repudiandae optio,Fashion,Shoes,LG,314.22,6642.14,2763,Active
PROD0005862,blanditiis ipsa,Grocery,Vegetables,Samsung,3682.21,1126.55,4879,Active
PROD0005863,libero placeat,Sports,Footwear,OnePlus,1383.7,3277.28,2564,Inactive
PROD0005864,error ipsum,Sports,Footwear,OnePlus,772.59,5702.57,2489,Discontinued
PROD0005865,tempora doloremque,Electronics,Tablets,Apple,971.0,1123.52,2192,Inactive
PROD0005866,eveniet suscipit,Grocery,Fruits,,2176.65,361.16,72,Inactive
PROD0005867,nam voluptatum,Fashion,Kids,Samsung,2297.0,2019.48,4549,Inactive
PROD0005868,iste quibusdam,Sports,Footwear,Sony,2394.71,3372.61,2613,Discontinued
PROD0005869,velit omnis,Sports,Apparel,,2375.34,7431.75,4035,Active
PROD0005870,fuga minima,Fashion,Women,Xiaomi,3409.28,4365.73,2184,Inactive
PROD0005871,velit error,Electronics,Laptops,Xiaomi,779.85,706.44,3538,Inactive
PROD0005872,saepe minus,Electronics,Laptops,LG,1923.69,6257.64,3523,Discontinued
PROD0005873,similique praesentium,Sports,Equipment,OnePlus,1642.47,7371.95,1911,Discontinued
PROD0005874,sunt sequi,Grocery,Snacks,Samsung,603.19,989.34,3487,Inactive
PROD0005875,odio dolorem,Sports,Apparel,Apple,4725.22,6504.46,802,Discontinued
PROD0005876,laboriosam deserunt,Grocery,Fruits,Sony,631.81,3757.63,4110,Inactive
PROD0005877,officia nostrum,Electronics,Tablets,Generic,4942.91,8112.95,1489,Inactive
PROD0005878,temporibus nobis,Home & Kitchen,Appliances,Samsung,1324.2,6403.47,3132,Active
PROD0005879,sit modi,Sports,Equipment,LG,1868.66,6055.3,3040,Active
PROD0005880,vitae voluptatibus,Grocery,Fruits,Sony,4646.9,4467.8,1764,Inactive
PROD0005881,doloremque aperiam,Sports,Equipment,Samsung,3322.72,2295.8,1302,Inactive
PROD0005882,ipsum veritatis,Electronics,Laptops,Sony,2614.51,282.88,3177,Active
PROD0005883,nemo maxime,Grocery,Snacks,Generic,3246.96,4630.3,2330,Active
PROD0005884,eos ullam,Sports,Footwear,Xiaomi,449.14,3787.3,4725,Inactive
PROD0005885,sapiente consequuntur,Sports,Equipment,Sony,375.37,2525.83,1511,Active
PROD0005886,natus culpa,Beauty,Haircare,Generic,4701.37,7224.11,2952,Inactive
PROD0005887,delectus soluta,Beauty,Haircare,OnePlus,2989.11,9096.59,1495,Discontinued
PROD0005888,aperiam modi,Grocery,Dairy,,3851.25,3953.62,3170,Discontinued
PROD0005889,delectus delectus,Home & Kitchen,Appliances,OnePlus,4570.32,4629.38,1602,Discontinued
PROD0005890,officiis ducimus,Fashion,Men,Apple,4047.71,7606.82,3808,Discontinued
PROD0005891,aperiam distinctio,Fashion,Women,Sony,1188.5,5275.0,807,Active
PROD0005892,doloribus accusamus,Electronics,Accessories,Apple,210.94,7256.24,1149,Discontinued
PROD0005893,odit eligendi,Home & Kitchen,Appliances,Sony,1713.72,8105.73,3275,Discontinued
PROD0005894,labore earum,Electronics,Mobiles,Sony,839.55,3651.66,726,Discontinued
PROD0005895,atque occaecati,Electronics,Tablets,LG,1349.09,8435.04,2002,Inactive
PROD0005896,blanditiis expedita,Electronics,Accessories,Xiaomi,4637.43,7516.1,4483,Discontinued
PROD0005897,odio iure,Beauty,Haircare,Generic,318.34,7164.92,2247,Discontinued
PROD0005898,est illo,Sports,Apparel,Xiaomi,2932.27,5150.73,2435,Inactive
PROD0005899,nobis blanditiis,Sports,Footwear,OnePlus,4539.65,7015.73,854,Discontinued
PROD0005900,magni doloribus,Electronics,Laptops,Samsung,3678.55,9439.07,3443,Active
PROD0005901,et consectetur,Home & Kitchen,Cookware,Samsung,1239.8,4961.01,734,Discontinued
PROD0005902,consequatur temporibus,Electronics,Tablets,Xiaomi,1382.9,7129.41,4315,Discontinued
PROD0005903,est velit,Fashion,Kids,Samsung,1079.07,7901.26,3247,Inactive
PROD0005904,libero amet,Electronics,Mobiles,OnePlus,1493.97,1024.17,4954,Discontinued
PROD0005905,accusamus facilis,Home & Kitchen,Furniture,OnePlus,2193.45,4251.3,1143,Discontinued
PROD0005906,veritatis vitae,Grocery,Vegetables,Generic,4751.17,1692.81,1927,Inactive
PROD0005907,enim enim,Grocery,Dairy,Xiaomi,2271.13,9159.6,4729,Active
PROD0005908,voluptates cupiditate,Sports,Footwear,Generic,355.83,8100.17,4156,Discontinued
PROD0005909,unde dolorum,Electronics,Accessories,OnePlus,449.87,999999.0,3911,Discontinued
PROD0005910,deleniti ad,Grocery,Vegetables,Sony,4689.04,3115.03,493,Active
PROD0005911,cumque quia,Beauty,Skincare,Generic,1866.98,6558.33,752,Active
PROD0005912,ratione ex,Electronics,Mobiles,Generic,3202.4,8129.18,122,Discontinued
PROD0005913,est recusandae,Fashion,Shoes,Apple,758.81,2197.29,4602,Inactive
PROD0005914,ut inventore,Electronics,Mobiles,Generic,1703.57,-100.0,4854,Inactive
PROD0005915,iure voluptates,Fashion,Men,Generic,2601.33,896.39,2895,Inactive
PROD0005916,ipsam magnam,Home & Kitchen,Appliances,Samsung,1558.36,2546.12,1588,Active
PROD0005917,ducimus at,Fashion,Men,Apple,515.78,9295.12,4167,Inactive
PROD0005918,sequi suscipit,Sports,Equipment,Generic,1310.81,7477.4,1408,Discontinued
PROD0005919,earum incidunt,Beauty,Haircare,LG,1814.81,4648.6,567,Active
PROD0005920,fugit sequi,Sports,Equipment,OnePlus,3961.66,1848.87,580,Inactive
PROD0005921,qui impedit,Beauty,Makeup,Apple,87.48,2690.51,3002,Inactive
PROD0005922,consectetur asperiores,Grocery,Snacks,Xiaomi,4826.5,4409.41,2491,Active
PROD0005923,harum quod,Fashion,Kids,,723.68,1214.6,2632,Discontinued
PROD0005924,ex nihil,Sports,Footwear,Sony,2833.32,2493.79,2672,Active
PROD0005925,numquam qui,Sports,Footwear,Apple,4664.06,6443.85,846,Discontinued
PROD0005926,ducimus consectetur,Sports,Apparel,,2330.82,8545.83,2643,Discontinued
PROD0005927,recusandae beatae,Electronics,Laptops,Xiaomi,4740.9,8049.24,3930,Inactive
PROD0005928,aliquam ut,Fashion,Men,Apple,1852.83,5119.81,3481,Active
PROD0005929,aut laudantium,Electronics,Tablets,Generic,1652.56,481.53,2480,Discontinued
PROD0005930,magni accusantium,Sports,Equipment,Generic,1717.24,6191.78,3776,Inactive
PROD0005931,minima quidem,Sports,Equipment,Samsung,3626.46,4947.14,1820,Discontinued
PROD0005932,eligendi ipsum,Sports,Equipment,Generic,4274.97,7781.09,838,Active
PROD0005933,cumque accusantium,Electronics,Laptops,OnePlus,3286.66,2021.94,1855,Discontinued
PROD0005934,voluptate sit,Beauty,Makeup,LG,4230.02,8516.87,3436,Discontinued
PROD0005935,nemo repudiandae,Beauty,Haircare,Samsung,1693.24,8029.45,856,Discontinued
PROD0005936,asperiores quod,Home & Kitchen,Furniture,Sony,3013.42,1460.6,35,Discontinued
PROD0005937,dolor aperiam,Sports,Footwear,Xiaomi,368.16,9640.62,253,Discontinued
PROD0005938,dolorum enim,Home & Kitchen,Cookware,Xiaomi,63.07,2803.0,2826,Active
PROD0005939,ut aspernatur,Home & Kitchen,Decor,Apple,517.05,148.91,1511,Discontinued
PROD0005940,ut eveniet,Home & Kitchen,Appliances,Apple,4515.43,8866.22,4861,Active
PROD0005941,necessitatibus velit,Home & Kitchen,Appliances,Xiaomi,1222.67,854.03,4730,Active
PROD0005942,enim rem,Home & Kitchen,Cookware,LG,1280.01,2896.32,2528,Inactive
PROD0005943,molestias dignissimos,Home & Kitchen,Furniture,LG,3294.52,2298.9,2945,Inactive
PROD0005944,impedit nam,Grocery,Vegetables,,430.07,1954.61,1296,Inactive
PROD0005945,provident minus,Sports,Apparel,OnePlus,2491.92,5564.26,3833,Discontinued
PROD0005946,quia quod,Fashion,Men,LG,1773.0,7815.35,2796,Discontinued
PROD0005947,voluptatem cumque,Fashion,Women,Generic,3418.79,3828.81,3398,Inactive
PROD0005948,quo at,Grocery,Dairy,Generic,1747.28,3236.08,1842,Active
PROD0005949,mollitia dolorem,Grocery,Fruits,LG,2862.12,4685.28,1654,Inactive
PROD0005950,debitis mollitia,Electronics,Mobiles,Samsung,4846.47,4356.24,1566,Inactive
PROD0005951,at perferendis,Home & Kitchen,Cookware,OnePlus,4974.8,7352.05,4858,Inactive
PROD0005952,aliquid sunt,Beauty,Makeup,,1267.84,5554.66,1583,Active
PROD0005953,facilis est,Sports,Apparel,Generic,1243.67,6048.15,4617,Discontinued
PROD0005954,cupiditate necessitatibus,Home & Kitchen,Furniture,LG,2547.84,3136.6,3211,Discontinued
PROD0005955,maxime ullam,Sports,Apparel,Sony,395.78,7028.11,489,Inactive
PROD0005956,quo blanditiis,Grocery,Dairy,Generic,4836.53,841.6,3244,Discontinued
PROD0005957,quisquam nisi,Grocery,Fruits,Generic,1266.22,9862.29,3170,Active
PROD0005958,consequuntur rerum,Fashion,Women,Samsung,3591.22,120.07,327,Active
PROD0005959,repudiandae corrupti,Grocery,Fruits,LG,3492.35,1866.23,1261,Active
PROD0005960,veritatis aperiam,Fashion,Women,,372.91,686.07,1023,Discontinued
PROD0005961,tempore hic,Fashion,Shoes,LG,1895.12,2963.48,4584,Discontinued
PROD0005962,consectetur officia,Sports,Equipment,LG,2485.6,8075.85,669,Discontinued
PROD0005963,qui atque,Electronics,Tablets,Generic,3799.95,700.55,3028,Active
PROD0005964,ipsum ut,Beauty,Skincare,,4089.72,688.11,4597,Discontinued
PROD0005965,officiis provident,Electronics,Tablets,OnePlus,4052.44,1189.75,2875,Inactive
PROD0005966,vitae laboriosam,Beauty,Haircare,Apple,3661.78,9834.99,4616,Active
PROD0005967,omnis consequatur,Grocery,Vegetables,,1850.07,3578.28,3783,Discontinued
PROD0005968,consequuntur voluptatum,Fashion,Women,Sony,4170.72,2738.35,340,Active
PROD0005969,voluptates id,Sports,Footwear,Xiaomi,3663.7,1033.09,2598,Inactive
PROD0005970,enim adipisci,Sports,Apparel,Apple,1591.16,440.08,1216,Discontinued
PROD0005971,incidunt doloremque,Electronics,Accessories,Sony,2121.78,8942.55,1927,Active
PROD0005972,ipsum aspernatur,Beauty,Haircare,OnePlus,1140.09,8679.89,1256,Active
PROD0005973,est eaque,Fashion,Shoes,Sony,185.25,3410.75,3518,Inactive
PROD0005974,ullam magnam,Sports,Apparel,LG,572.1,9500.7,551,Discontinued
PROD0005975,ratione possimus,Fashion,Shoes,Apple,664.38,338.82,3980,Discontinued
PROD0005976,dolores nulla,Electronics,Mobiles,Sony,1857.27,9166.99,2847,Inactive
PROD0005977,repellendus nulla,Grocery,Fruits,Sony,785.74,1306.28,725,Active
PROD0005978,culpa laudantium,Grocery,Fruits,Sony,3620.34,8612.53,1981,Discontinued
PROD0005979,amet porro,Fashion,Kids,OnePlus,3610.98,9439.39,2770,Active
PROD0005980,explicabo deserunt,Fashion,Shoes,Apple,1271.4,1926.57,2503,Discontinued
PROD0005981,laborum doloribus,Fashion,Shoes,Apple,1487.54,9203.93,3217,Discontinued
PROD0005982,adipisci assumenda,Beauty,Haircare,OnePlus,1655.25,2061.6,4180,Inactive
PROD0005983,itaque velit,Fashion,Men,LG,1776.22,9531.5,4279,Active
PROD0005984,architecto dicta,Sports,Equipment,Sony,1537.22,8008.48,261,Active
PROD0005985,velit voluptas,Sports,Footwear,Generic,193.26,1978.06,3165,Active
PROD0005986,aliquam tempore,Home & Kitchen,Cookware,OnePlus,1416.26,5234.96,830,Discontinued
PROD0005987,ab vel,Beauty,Haircare,Xiaomi,371.22,334.76,3166,Inactive
PROD0005988,minus enim,Electronics,Mobiles,Generic,3642.19,5314.77,1140,Discontinued
PROD0005989,totam nisi,Sports,Equipment,,3221.4,2429.63,2293,Inactive
PROD0005990,sit nulla,Beauty,Haircare,Apple,2289.24,2063.89,526,Active
PROD0005991,voluptate adipisci,Home & Kitchen,Furniture,,1403.03,6633.0,4725,Inactive
PROD0005992,repudiandae excepturi,Grocery,Vegetables,Xiaomi,3715.05,4500.06,1053,Inactive
PROD0005993,molestias quae,Grocery,Snacks,Xiaomi,1250.76,4313.2,4361,Inactive
PROD0005994,sint odit,Beauty,Skincare,LG,423.13,6791.77,2471,Inactive
PROD0005995,modi ducimus,Home & Kitchen,Appliances,Apple,554.31,4860.93,387,Active
PROD0005996,in omnis,Electronics,Tablets,Xiaomi,1082.95,6833.08,1412,Discontinued
PROD0005997,totam doloremque,Electronics,Accessories,Apple,196.42,8836.48,2255,Active
PROD0005998,voluptate optio,Sports,Footwear,Sony,4041.68,6546.34,4819,Active
PROD0005999,soluta perspiciatis,Electronics,Mobiles,OnePlus,2409.74,1852.27,4330,Inactive
PROD0006000,eaque rem,Grocery,Dairy,Samsung,481.13,8702.12,2192,Inactive
PROD0006001,nam omnis,Electronics,Accessories,Generic,3561.09,3241.95,2496,Discontinued
PROD0006002,inventore molestias,Sports,Equipment,Apple,4876.74,4016.61,2745,Active
PROD0006003,quisquam ad,Grocery,Dairy,Generic,1535.55,2082.24,4472,Inactive
PROD0006004,aspernatur velit,Electronics,Accessories,Sony,4510.5,7948.66,3571,Active
PROD0006005,mollitia quas,Beauty,Skincare,Xiaomi,4054.19,2280.76,2246,Discontinued
PROD0006006,reiciendis adipisci,Sports,Footwear,OnePlus,2366.9,3303.96,20,Discontinued
PROD0006007,illo esse,Electronics,Mobiles,Samsung,303.26,4664.62,4376,Inactive
PROD0006008,aut accusamus,Electronics,Laptops,LG,734.78,5094.0,2082,Inactive
PROD0006009,qui nisi,Sports,Footwear,LG,3990.36,3201.75,1126,Discontinued
PROD0006010,iure occaecati,Grocery,Dairy,Apple,4155.88,8489.7,4648,Active
PROD0006011,laborum voluptate,Grocery,Fruits,Apple,66.02,1644.99,665,Discontinued
PROD0006012,esse totam,Electronics,Accessories,Sony,1609.93,630.86,3279,Discontinued
PROD0006013,explicabo tempore,Fashion,Women,Generic,1940.08,3175.25,4865,Discontinued
PROD0006014,pariatur corporis,Beauty,Makeup,Generic,3042.72,7215.91,2627,Discontinued
PROD0006015,veniam sunt,Home & Kitchen,Decor,Samsung,903.66,4229.67,4739,Discontinued
PROD0006016,et enim,Home & Kitchen,Cookware,Apple,1197.96,8468.75,4746,Discontinued
PROD0006017,autem modi,Sports,Footwear,Xiaomi,4991.34,999999.0,352,Inactive
PROD0006018,in nemo,Electronics,Accessories,Apple,3804.51,2690.33,1670,Active
PROD0006019,ab esse,Sports,Footwear,Generic,3994.4,7001.49,3183,Inactive
PROD0006020,laboriosam distinctio,Home & Kitchen,Cookware,LG,4603.56,8206.31,3225,Inactive
PROD0006021,optio ullam,Electronics,Laptops,,4788.23,7505.15,430,Inactive
PROD0006022,magnam perspiciatis,Fashion,Women,Samsung,2776.39,360.64,4106,Active
PROD0006023,sequi explicabo,Fashion,Kids,Sony,135.58,8656.41,4191,Discontinued
PROD0006024,suscipit iste,Sports,Footwear,Samsung,4531.16,3992.86,4377,Discontinued
PROD0006025,est fugiat,Sports,Apparel,Generic,1328.34,1143.83,4811,Inactive
PROD0006026,culpa repudiandae,Beauty,Skincare,Apple,3676.04,3319.47,197,Active
PROD0006027,laboriosam minima,Beauty,Skincare,Apple,1986.07,230.58,499,Discontinued
PROD0006028,similique dolor,Home & Kitchen,Decor,,4158.21,1779.09,1502,Discontinued
PROD0006029,aut culpa,Grocery,Snacks,Apple,2576.53,9645.07,338,Discontinued
PROD0006030,in officiis,Home & Kitchen,Appliances,Samsung,1961.71,3576.6,1651,Discontinued
PROD0006031,minus soluta,Beauty,Makeup,Apple,317.01,4903.45,3814,Active
PROD0006032,repudiandae veniam,Electronics,Accessories,,4930.33,2267.77,4805,Active
PROD0006033,labore officia,Sports,Equipment,OnePlus,3496.67,8266.86,2036,Discontinued
PROD0006034,rerum molestias,Electronics,Accessories,OnePlus,1785.31,7972.16,3560,Discontinued
PROD0006035,deleniti quo,Grocery,Fruits,Apple,2907.32,2470.68,1726,Active
PROD0006036,est dolor,Beauty,Haircare,LG,1574.92,3188.96,3070,Active
PROD0006037,incidunt itaque,Electronics,Laptops,Generic,2650.95,9135.69,780,Active
PROD0006038,dolore nam,Fashion,Men,Samsung,969.89,8905.82,1948,Discontinued
PROD0006039,accusamus aspernatur,Home & Kitchen,Appliances,Sony,3582.03,4259.76,3997,Inactive
PROD0006040,dolorum culpa,Fashion,Men,Samsung,3647.68,8484.57,3215,Active
PROD0006041,adipisci amet,Beauty,Skincare,Generic,1792.37,7474.29,2868,Inactive
PROD0006042,consequatur quibusdam,Grocery,Dairy,Samsung,4060.1,7825.71,3641,Active
PROD0006043,quo esse,Beauty,Skincare,Apple,3527.11,1043.0,4006,Discontinued
PROD0006044,dolore quam,Sports,Equipment,,1500.02,3920.57,3801,Discontinued
PROD0006045,dolorum nostrum,Home & Kitchen,Furniture,Xiaomi,131.63,5239.9,837,Discontinued
PROD0006046,et reiciendis,Fashion,Kids,OnePlus,4609.14,716.15,3076,Discontinued
PROD0006047,beatae temporibus,Beauty,Makeup,Generic,3961.1,9723.92,2617,Discontinued
PROD0006048,provident natus,Fashion,Shoes,Xiaomi,258.01,6914.51,4738,Inactive
PROD0006049,reiciendis ut,Grocery,Snacks,Generic,910.34,4432.33,3483,Active
PROD0006050,reprehenderit adipisci,Home & Kitchen,Furniture,,2931.63,3088.42,3999,Inactive
PROD0006051,laudantium dolore,Sports,Apparel,Sony,1788.68,456.2,4386,Inactive
PROD0006052,repellat rerum,Grocery,Fruits,Samsung,633.49,5575.16,4394,Inactive
PROD0006053,ducimus quam,Sports,Equipment,Sony,3692.55,2014.04,3671,Active
PROD0006054,vero fugit,Sports,Equipment,Sony,4987.95,7694.58,3876,Discontinued
PROD0006055,dolore recusandae,Fashion,Shoes,LG,4281.35,9804.47,3620,Inactive
PROD0006056,culpa nihil,Fashion,Shoes,OnePlus,3186.28,3586.48,3590,Discontinued
PROD0006057,error pariatur,Grocery,Snacks,LG,2456.99,785.14,1871,Active
PROD0006058,omnis omnis,Fashion,Men,Xiaomi,2580.59,1581.92,1286,Discontinued
PROD0006059,corporis illo,Grocery,Dairy,OnePlus,2234.41,4336.22,514,Active
PROD0006060,tenetur ad,Home & Kitchen,Furniture,Apple,4201.66,5887.97,1970,Inactive
PROD0006061,eaque vero,Fashion,Kids,Apple,3474.16,8321.03,1761,Inactive
PROD0006062,sed odit,Electronics,Laptops,Apple,4441.08,5221.38,3080,Active
PROD0006063,libero sit,Home & Kitchen,Furniture,Generic,1650.38,6684.87,556,Active
PROD0006064,sed possimus,Home & Kitchen,Furniture,Sony,4022.39,3355.9,4016,Active
PROD0006065,voluptatem similique,Beauty,Makeup,Sony,139.08,9692.1,1655,Inactive
PROD0006066,veritatis perferendis,Home & Kitchen,Cookware,OnePlus,4757.36,2920.6,2159,Active
PROD0006067,labore nobis,Beauty,Skincare,Samsung,1719.37,6658.21,1305,Inactive
PROD0006068,quisquam odit,Grocery,Fruits,Generic,1428.35,2635.84,3161,Inactive
PROD0006069,perferendis dignissimos,Grocery,Vegetables,OnePlus,2385.15,1643.69,4053,Active
PROD0006070,iste voluptatum,Grocery,Fruits,LG,274.06,9959.82,4698,Discontinued
PROD0006071,odit iure,Fashion,Men,LG,3712.23,4480.55,3665,Inactive
PROD0006072,magnam magnam,Electronics,Accessories,Generic,3845.84,8078.74,2335,Inactive
PROD0006073,maiores officia,Home & Kitchen,Decor,LG,479.5,403.88,2731,Inactive
PROD0006074,facere dolorem,Home & Kitchen,Decor,LG,4219.93,3275.7,998,Discontinued
PROD0006075,ea architecto,Beauty,Haircare,Sony,4644.83,2308.29,2079,Inactive
PROD0006076,quos sequi,Electronics,Tablets,LG,3804.64,3425.45,1904,Inactive
PROD0006077,quia facilis,Fashion,Men,Xiaomi,3197.05,492.0,2451,Discontinued
PROD0006078,corporis eaque,Electronics,Laptops,Sony,4120.41,5311.93,1879,Inactive
PROD0006079,ducimus sequi,Beauty,Haircare,Samsung,4739.4,8657.23,2366,Inactive
PROD0006080,nam ipsam,Grocery,Dairy,Sony,4803.5,8885.44,3511,Discontinued
PROD0006081,laborum autem,Fashion,Men,Sony,1641.51,-500.0,3768,Inactive
PROD0006082,expedita ut,Home & Kitchen,Decor,Sony,134.28,5996.34,4861,Inactive
PROD0006083,illo quaerat,Sports,Footwear,Generic,1996.92,7599.55,821,Inactive
PROD0006084,magni excepturi,Electronics,Mobiles,OnePlus,4849.46,1662.94,3334,Active
PROD0006085,quibusdam quasi,Sports,Equipment,Xiaomi,1238.01,9873.32,1400,Active
PROD0006086,numquam numquam,Beauty,Skincare,LG,4154.89,7086.71,4926,Active
PROD0006087,numquam voluptas,Fashion,Kids,Samsung,2918.46,6092.71,1425,Inactive
PROD0006088,voluptatibus maxime,Beauty,Skincare,Apple,3627.53,7241.19,1377,Inactive
PROD0006089,eos quia,Home & Kitchen,Furniture,Generic,3288.79,3855.73,2401,Inactive
PROD0006090,temporibus molestiae,Sports,Equipment,OnePlus,3383.04,2363.04,3704,Discontinued
PROD0006091,totam architecto,Beauty,Haircare,,1281.21,6038.08,2372,Inactive
PROD0006092,vitae dignissimos,Home & Kitchen,Decor,,3517.75,2550.21,958,Active
PROD0006093,amet laborum,Beauty,Makeup,Xiaomi,3501.84,2044.42,3944,Discontinued
PROD0006094,dignissimos accusantium,Beauty,Skincare,Samsung,1458.02,6521.48,1652,Inactive
PROD0006095,numquam fugiat,Sports,Equipment,LG,4092.73,9514.43,4948,Active
PROD0006096,deleniti voluptatibus,Sports,Footwear,OnePlus,1294.08,7533.4,4684,Active
PROD0006097,maxime facere,Electronics,Tablets,Apple,3677.21,6195.44,1075,Discontinued
PROD0006098,enim inventore,Sports,Apparel,OnePlus,2409.84,476.61,4943,Discontinued
PROD0006099,accusantium delectus,Electronics,Tablets,LG,90.74,909.92,4535,Active
PROD0006100,velit eum,Grocery,Snacks,OnePlus,4214.79,409.28,3119,Discontinued
PROD0006101,harum modi,Home & Kitchen,Appliances,Apple,132.52,6311.38,42,Inactive
PROD0006102,enim doloribus,Beauty,Skincare,Sony,3846.52,657.12,3868,Active
PROD0006103,veritatis esse,Electronics,Tablets,Xiaomi,3210.13,4056.39,2276,Discontinued
PROD0006104,nesciunt libero,Beauty,Skincare,Xiaomi,1208.92,973.49,572,Active
PROD0006105,soluta nesciunt,Sports,Footwear,OnePlus,4690.8,3572.45,367,Active
PROD0006106,accusantium facere,Home & Kitchen,Cookware,OnePlus,1150.66,4343.25,3939,Discontinued
PROD0006107,aut a,Fashion,Women,OnePlus,2093.63,6511.52,806,Discontinued
PROD0006108,sapiente corporis,Fashion,Men,Apple,1072.14,2925.18,1322,Inactive
PROD0006109,repellat veniam,Home & Kitchen,Appliances,Generic,4626.64,3561.53,3903,Discontinued
PROD0006110,nisi officia,Fashion,Men,LG,4636.29,5238.3,15,Discontinued
PROD0006111,blanditiis voluptatem,Electronics,Mobiles,Apple,1534.11,5242.8,2558,Discontinued
PROD0006112,eligendi eaque,Home & Kitchen,Decor,Samsung,3216.25,1720.2,1993,Discontinued
PROD0006113,delectus quibusdam,Sports,Equipment,,2153.61,7396.27,973,Inactive
PROD0006114,nisi iure,Fashion,Shoes,Samsung,3771.57,4999.84,4215,Inactive
PROD0006115,esse quas,Home & Kitchen,Cookware,Generic,3522.98,4086.05,523,Discontinued
PROD0006116,totam magnam,Beauty,Haircare,Xiaomi,1227.2,2889.58,3729,Discontinued
PROD0006117,quam ducimus,Home & Kitchen,Decor,LG,4399.43,5174.78,4993,Discontinued
PROD0006118,voluptates facere,Sports,Footwear,,1607.9,2417.52,2469,Inactive
PROD0006119,incidunt fugit,Fashion,Shoes,,1800.35,4480.33,1602,Discontinued
PROD0006120,eos officiis,Beauty,Makeup,Xiaomi,182.1,4156.87,4488,Discontinued
PROD0006121,libero repudiandae,Sports,Apparel,LG,4803.32,8540.46,4123,Inactive
PROD0006122,laborum repellendus,Grocery,Vegetables,Generic,1093.04,4451.47,762,Active
PROD0006123,non aliquid,Electronics,Laptops,Sony,3470.36,6693.96,4540,Inactive
PROD0006124,placeat accusamus,Grocery,Dairy,Generic,1576.78,3954.83,321,Inactive
PROD0006125,dolor voluptatum,Home & Kitchen,Decor,LG,3861.76,4173.17,4717,Active
PROD0006126,adipisci numquam,Beauty,Haircare,LG,304.31,6118.36,4465,Active
PROD0006127,praesentium quibusdam,Beauty,Skincare,LG,243.76,1769.7,2738,Discontinued
PROD0006128,amet modi,Beauty,Makeup,Generic,4403.0,2658.47,4732,Discontinued
PROD0006129,nesciunt debitis,Electronics,Accessories,Sony,3349.8,3922.01,1686,Inactive
PROD0006130,exercitationem similique,Grocery,Snacks,Samsung,2759.06,5952.38,1320,Discontinued
PROD0006131,fugiat ipsa,Electronics,Laptops,,4208.68,6435.91,127,Discontinued
PROD0006132,ipsa aliquid,Sports,Equipment,Generic,3729.68,2810.07,3351,Active
PROD0006133,modi sunt,Grocery,Fruits,Sony,1246.93,6729.49,1885,Active
PROD0006134,nihil maxime,Beauty,Skincare,Sony,3240.09,7986.99,4897,Inactive
PROD0006135,sequi ad,Electronics,Laptops,,157.81,834.71,2084,Discontinued
PROD0006136,maxime laboriosam,Home & Kitchen,Furniture,Samsung,3312.85,8244.21,2637,Active
PROD0006137,alias laborum,Sports,Equipment,Generic,4034.29,7693.57,4551,Active
PROD0006138,ea ex,Fashion,Shoes,Samsung,2183.42,9076.57,2632,Discontinued
PROD0006139,cum doloremque,Fashion,Shoes,Samsung,1977.56,8972.06,2367,Discontinued
PROD0006140,labore numquam,Electronics,Accessories,Samsung,1961.44,9942.3,2013,Active
PROD0006141,suscipit doloremque,Sports,Footwear,Samsung,126.81,3695.35,3587,Inactive
PROD0006142,autem quis,Beauty,Makeup,,1190.19,5074.31,573,Discontinued
PROD0006143,impedit quasi,Beauty,Haircare,Sony,289.36,1130.22,1496,Discontinued
PROD0006144,officia occaecati,Beauty,Haircare,Generic,3309.84,2683.14,4168,Discontinued
PROD0006145,nobis animi,Fashion,Kids,OnePlus,2453.16,5914.16,2468,Active
PROD0006146,incidunt sint,Home & Kitchen,Decor,Generic,1997.02,1690.75,717,Active
PROD0006147,itaque repellat,Grocery,Dairy,Generic,3998.81,2065.64,1383,Active
PROD0006148,necessitatibus ea,Grocery,Dairy,Generic,4866.43,1821.28,4282,Discontinued
PROD0006149,delectus perspiciatis,Beauty,Haircare,Xiaomi,3622.88,7871.89,179,Discontinued
PROD0006150,odio hic,Grocery,Snacks,Apple,436.67,480.53,3339,Discontinued
PROD0006151,consectetur tenetur,Grocery,Dairy,Xiaomi,2232.39,7414.09,814,Discontinued
PROD0006152,expedita veritatis,Beauty,Makeup,Xiaomi,1848.77,1697.07,1234,Active
PROD0006153,ad autem,Sports,Apparel,Sony,4408.08,541.66,1034,Inactive
PROD0006154,corporis fugiat,Fashion,Women,Apple,3036.67,5809.61,4678,Inactive
PROD0006155,magni ut,Grocery,Fruits,OnePlus,4987.35,2064.79,2651,Discontinued
PROD0006156,quibusdam quisquam,Fashion,Women,Sony,3284.91,2227.62,1985,Active
PROD0006157,at asperiores,Fashion,Kids,Apple,446.29,5724.66,140,Inactive
PROD0006158,quae deleniti,Beauty,Haircare,,3676.4,7300.28,380,Active
PROD0006159,nihil id,Grocery,Vegetables,Xiaomi,1861.59,7279.3,4791,Active
PROD0006160,aut totam,Grocery,Dairy,Xiaomi,1447.41,5104.67,2515,Discontinued
PROD0006161,illo provident,Grocery,Fruits,Xiaomi,2936.43,6279.05,3283,Discontinued
PROD0006162,dolore voluptates,Grocery,Dairy,Sony,3309.14,7711.15,2892,Inactive
PROD0006163,corrupti doloremque,Sports,Apparel,LG,4279.21,9953.66,1519,Active
PROD0006164,ratione eos,Grocery,Vegetables,Apple,1238.65,9739.82,1876,Active
PROD0006165,quidem in,Home & Kitchen,Cookware,Samsung,2666.97,3847.18,2114,Discontinued
PROD0006166,officia officia,Electronics,Mobiles,LG,2783.21,7547.85,325,Active
PROD0006167,ratione itaque,Home & Kitchen,Decor,,2263.99,8259.65,1772,Discontinued
PROD0006168,nam eligendi,Grocery,Fruits,Generic,120.51,8350.32,694,Inactive
PROD0006169,quam aliquam,Electronics,Tablets,Sony,2737.45,7463.6,3248,Inactive
PROD0006170,eligendi id,Electronics,Mobiles,Xiaomi,1639.9,7219.98,1230,Inactive
PROD0006171,voluptatibus veniam,Grocery,Vegetables,OnePlus,615.56,1396.66,3972,Active
PROD0006172,quos quis,Grocery,Vegetables,Generic,3643.82,9228.67,1441,Active
PROD0006173,nam officiis,Home & Kitchen,Cookware,LG,3655.71,7558.02,2449,Inactive
PROD0006174,velit sunt,Fashion,Shoes,Generic,4533.54,9208.96,1986,Active
PROD0006175,saepe nisi,Beauty,Makeup,Samsung,227.0,6467.81,4254,Discontinued
PROD0006176,consequuntur culpa,Sports,Apparel,Generic,1371.02,8549.39,1654,Discontinued
PROD0006177,repellendus magnam,Beauty,Skincare,Samsung,3224.14,6243.2,4502,Discontinued
PROD0006178,tempora voluptates,Grocery,Dairy,Samsung,4268.58,3714.33,3257,Active
PROD0006179,illo enim,Home & Kitchen,Cookware,Apple,756.57,3126.75,4827,Discontinued
PROD0006180,aperiam expedita,Fashion,Men,Apple,1242.73,6933.81,4698,Discontinued
PROD0006181,harum impedit,Home & Kitchen,Cookware,Apple,2775.52,9257.25,3628,Inactive
PROD0006182,voluptas voluptatem,Home & Kitchen,Decor,Apple,701.29,7233.01,1773,Inactive
PROD0006183,voluptas veniam,Fashion,Kids,Apple,1236.52,4288.03,1435,Active
PROD0006184,corrupti non,Fashion,Men,LG,2972.21,7421.94,1476,Inactive
PROD0006185,consequuntur nihil,Grocery,Vegetables,,1883.03,5140.09,60,Discontinued
PROD0006186,adipisci rem,Sports,Equipment,Sony,3118.62,4884.89,3206,Discontinued
PROD0006187,blanditiis facilis,Beauty,Makeup,Apple,2191.11,5906.37,1599,Discontinued
PROD0006188,quaerat ea,Electronics,Accessories,OnePlus,4557.98,9029.15,4735,Inactive
PROD0006189,et veniam,Sports,Apparel,Samsung,4518.37,6495.41,1238,Discontinued
PROD0006190,consectetur a,Home & Kitchen,Decor,,4984.79,9124.09,2433,Inactive
PROD0006191,quibusdam minima,Sports,Footwear,Xiaomi,479.3,3017.7,1795,Discontinued
PROD0006192,totam quam,Fashion,Women,Xiaomi,2608.94,2020.81,3653,Inactive
PROD0006193,natus at,Home & Kitchen,Appliances,Xiaomi,2413.45,3717.67,4110,Inactive
PROD0006194,placeat recusandae,Sports,Apparel,Sony,3330.43,7243.39,2763,Inactive
PROD0006195,similique consectetur,Sports,Equipment,LG,1180.13,6101.08,3109,Inactive
PROD0006196,numquam explicabo,Fashion,Men,Generic,208.81,9349.31,148,Discontinued
PROD0006197,vero corporis,Home & Kitchen,Cookware,Samsung,4074.35,957.19,1408,Inactive
PROD0006198,accusamus corrupti,Sports,Footwear,Apple,4952.1,7878.43,2980,Discontinued
PROD0006199,quo dignissimos,Home & Kitchen,Appliances,Xiaomi,1521.96,1014.49,3388,Discontinued
PROD0006200,quam minus,Grocery,Dairy,OnePlus,3903.23,8894.71,3776,Active
PROD0006201,minima optio,Fashion,Shoes,Apple,2661.46,5245.46,3775,Active
PROD0006202,alias corrupti,Grocery,Dairy,OnePlus,3520.74,939.59,4053,Active
PROD0006203,libero repudiandae,Fashion,Women,Generic,1925.79,8177.54,1833,Inactive
PROD0006204,quia in,Beauty,Makeup,Generic,3357.55,5192.27,2487,Discontinued
PROD0006205,distinctio perferendis,Home & Kitchen,Decor,Xiaomi,1790.66,7131.79,4705,Inactive
PROD0006206,at explicabo,Grocery,Fruits,Sony,1284.92,6049.54,2047,Inactive
PROD0006207,quidem sed,Fashion,Men,OnePlus,543.14,1006.47,4137,Discontinued
PROD0006208,minus voluptates,Home & Kitchen,Cookware,Apple,806.31,4866.15,227,Inactive
PROD0006209,commodi quas,Home & Kitchen,Cookware,Samsung,1258.96,6775.03,3999,Inactive
PROD0006210,nihil hic,Grocery,Fruits,LG,3660.66,1542.88,2530,Inactive
PROD0006211,quibusdam minus,Home & Kitchen,Appliances,Samsung,3808.58,313.55,4555,Discontinued
PROD0006212,dignissimos delectus,Home & Kitchen,Furniture,Xiaomi,1156.97,4433.6,539,Active
PROD0006213,nostrum tenetur,Electronics,Mobiles,,4532.2,1180.14,764,Discontinued
PROD0006214,voluptas dolore,Fashion,Shoes,,2032.0,7706.92,2170,Discontinued
PROD0006215,sed consequatur,Grocery,Vegetables,Apple,4007.73,6607.93,1929,Discontinued
PROD0006216,esse odit,Sports,Equipment,,1176.09,2864.12,4827,Active
PROD0006217,aliquam vel,Sports,Apparel,LG,3652.46,6891.53,872,Active
PROD0006218,incidunt architecto,Beauty,Haircare,Samsung,2198.19,9830.34,2844,Inactive
PROD0006219,corrupti ipsam,Fashion,Shoes,Samsung,617.3,3116.03,2840,Inactive
PROD0006220,non sed,Beauty,Makeup,Sony,470.22,1344.92,1439,Inactive
PROD0006221,nobis repellendus,Grocery,Vegetables,Apple,846.98,6380.27,4011,Inactive
PROD0006222,voluptatibus incidunt,Fashion,Men,Generic,3443.18,7722.68,1425,Discontinued
PROD0006223,fuga magni,Electronics,Mobiles,,1819.28,3210.75,3260,Discontinued
PROD0006224,earum dolorum,Beauty,Makeup,Sony,4870.79,2084.04,439,Discontinued
PROD0006225,rerum cumque,Fashion,Shoes,Apple,3341.27,6640.6,94,Inactive
PROD0006226,tenetur vitae,Home & Kitchen,Cookware,Apple,105.29,9002.82,2823,Active
PROD0006227,animi eum,Grocery,Fruits,Apple,612.41,9056.12,340,Active
PROD0006228,corrupti reiciendis,Fashion,Kids,OnePlus,3821.95,5456.1,240,Discontinued
PROD0006229,libero et,Fashion,Shoes,Samsung,1437.79,2764.71,3942,Discontinued
PROD0006230,magnam odio,Electronics,Tablets,Generic,4254.21,-500.0,866,Discontinued
PROD0006231,expedita rem,Beauty,Skincare,LG,2922.05,1504.3,4444,Inactive
PROD0006232,suscipit placeat,Home & Kitchen,Decor,,2870.48,2127.87,2723,Inactive
PROD0006233,inventore quam,Electronics,Laptops,Apple,435.43,3407.06,3374,Discontinued
PROD0006234,ab soluta,Fashion,Women,Xiaomi,333.77,7825.54,2268,Active
PROD0006235,magni aliquam,Electronics,Laptops,LG,84.43,9314.72,3362,Active
PROD0006236,qui delectus,Grocery,Vegetables,OnePlus,4262.66,5997.39,2243,Active
PROD0006237,repudiandae error,Sports,Equipment,Samsung,4426.52,7241.33,4123,Inactive
PROD0006238,occaecati iure,Sports,Equipment,Apple,2619.62,3107.45,3558,Active
PROD0006239,impedit laborum,Sports,Equipment,,1657.02,1096.64,4402,Active
PROD0006240,odit delectus,Sports,Apparel,Samsung,2921.13,4329.0,2194,Discontinued
PROD0006241,aliquid suscipit,Home & Kitchen,Furniture,Generic,2588.77,6363.16,1175,Inactive
PROD0006242,magni hic,Sports,Footwear,Xiaomi,4549.86,5122.59,73,Discontinued
PROD0006243,tempore officiis,Fashion,Kids,,1281.49,200.95,766,Discontinued
PROD0006244,in dolores,Grocery,Fruits,OnePlus,4835.37,7571.27,997,Active
PROD0006245,dolor cumque,Fashion,Women,Samsung,236.04,1272.79,2853,Discontinued
PROD0006246,assumenda ipsam,Fashion,Women,Xiaomi,3961.09,8030.45,3692,Active
PROD0006247,porro facere,Home & Kitchen,Decor,OnePlus,4286.67,6928.12,2681,Inactive
PROD0006248,voluptatum esse,Grocery,Dairy,,1160.8,4458.1,4533,Active
PROD0006249,in accusantium,Electronics,Accessories,Generic,238.9,433.93,2935,Active
PROD0006250,non ex,Electronics,Mobiles,OnePlus,1692.05,5580.75,3633,Inactive
PROD0006251,modi excepturi,Home & Kitchen,Furniture,Sony,251.11,7178.98,1719,Discontinued
PROD0006252,vitae dolores,Grocery,Snacks,,1339.58,9366.85,891,Inactive
PROD0006253,nam aut,Grocery,Fruits,Generic,148.85,5983.39,4963,Active
PROD0006254,maiores nemo,Fashion,Kids,Generic,1632.65,7741.13,3610,Active
PROD0006255,consequuntur suscipit,Grocery,Snacks,LG,1962.14,6261.47,761,Discontinued
PROD0006256,in iste,Fashion,Men,Apple,184.08,2768.51,4021,Discontinued
PROD0006257,nobis doloribus,Beauty,Makeup,LG,2253.19,2100.26,4922,Active
PROD0006258,possimus accusantium,Grocery,Vegetables,Sony,4495.64,5065.99,3024,Active
PROD0006259,perferendis autem,Sports,Footwear,OnePlus,4376.31,6816.23,3944,Discontinued
PROD0006260,animi debitis,Grocery,Vegetables,Samsung,4205.19,3309.23,1593,Active
PROD0006261,enim corrupti,Sports,Footwear,Sony,2741.42,375.44,1033,Inactive
PROD0006262,occaecati itaque,Home & Kitchen,Cookware,Generic,1321.57,-100.0,4885,Inactive
PROD0006263,sapiente sit,Grocery,Vegetables,Xiaomi,972.08,1762.94,3694,Active
PROD0006264,voluptates doloremque,Fashion,Men,Sony,2800.57,729.32,3770,Discontinued
PROD0006265,tempore modi,Grocery,Snacks,Sony,769.55,8107.65,2818,Inactive
PROD0006266,similique ut,Home & Kitchen,Furniture,Sony,984.2,2761.67,1628,Discontinued
PROD0006267,libero fugit,Beauty,Makeup,OnePlus,1949.14,3201.41,2985,Inactive
PROD0006268,ipsum beatae,Beauty,Haircare,LG,1926.6,6646.68,350,Active
PROD0006269,laboriosam iure,Beauty,Haircare,OnePlus,66.92,2241.83,4933,Inactive
PROD0006270,recusandae earum,Fashion,Men,Xiaomi,4825.84,1681.39,74,Active
PROD0006271,neque quaerat,Electronics,Laptops,,4061.77,191.9,2007,Inactive
PROD0006272,modi laudantium,Home & Kitchen,Cookware,Apple,2915.25,7663.93,3432,Discontinued
PROD0006273,nostrum natus,Electronics,Laptops,Apple,852.81,8059.59,2443,Active
PROD0006274,placeat veniam,Grocery,Fruits,Samsung,904.76,7342.03,307,Discontinued
PROD0006275,vitae fugiat,Electronics,Accessories,Generic,3369.88,5086.08,4900,Inactive
PROD0006276,tempora necessitatibus,Beauty,Makeup,,1540.82,6383.82,4690,Discontinued
PROD0006277,eaque nam,Home & Kitchen,Decor,OnePlus,3430.28,741.52,3428,Discontinued
PROD0006278,totam facilis,Sports,Equipment,Sony,4665.43,2885.63,2189,Inactive
PROD0006279,fugit quasi,Home & Kitchen,Appliances,Generic,4180.28,4072.35,539,Inactive
PROD0006280,sequi et,Electronics,Accessories,,3566.72,750.05,3683,Inactive
PROD0006281,dolorem nemo,Electronics,Laptops,Generic,2664.19,4217.37,3603,Inactive
PROD0006282,perspiciatis nostrum,Fashion,Men,Generic,929.37,3009.97,669,Discontinued
PROD0006283,quas tempora,Beauty,Skincare,Xiaomi,4210.9,267.93,3656,Active
PROD0006284,eveniet labore,Fashion,Women,Apple,1152.89,6038.16,4028,Active
PROD0006285,praesentium saepe,Electronics,Laptops,Generic,3937.39,9744.59,4965,Active
PROD0006286,architecto architecto,Sports,Footwear,Samsung,1074.05,9244.26,150,Active
PROD0006287,vitae fuga,Fashion,Shoes,Xiaomi,3842.71,5064.79,3112,Inactive
PROD0006288,ipsam nulla,Sports,Equipment,Xiaomi,841.3,6222.71,2167,Active
PROD0006289,pariatur soluta,Sports,Apparel,LG,1454.34,9819.4,1342,Discontinued
PROD0006290,explicabo dolorem,Home & Kitchen,Appliances,Sony,492.56,4948.07,4489,Active
PROD0006291,voluptate consequatur,Grocery,Fruits,OnePlus,843.37,7464.84,478,Discontinued
PROD0006292,adipisci atque,Beauty,Haircare,Apple,278.66,4812.6,666,Discontinued
PROD0006293,quam culpa,Fashion,Shoes,Generic,984.08,5319.46,3861,Inactive
PROD0006294,dolorum tempore,Home & Kitchen,Furniture,Apple,2700.04,4145.04,2267,Active
PROD0006295,cum qui,Beauty,Haircare,Samsung,4754.96,4601.15,513,Discontinued
PROD0006296,in beatae,Grocery,Snacks,Apple,164.99,3604.25,2951,Inactive
PROD0006297,sint fugiat,Home & Kitchen,Furniture,Samsung,3074.17,8329.2,2485,Active
PROD0006298,culpa sed,Beauty,Skincare,Apple,4509.7,5857.75,171,Inactive
PROD0006299,exercitationem numquam,Sports,Equipment,LG,1595.74,5593.16,460,Active
PROD0006300,aliquid provident,Grocery,Dairy,Generic,3093.61,-500.0,2404,Inactive
PROD0006301,molestiae aliquam,Grocery,Vegetables,Xiaomi,3246.98,4522.77,2911,Active
PROD0006302,illo modi,Fashion,Women,Xiaomi,4434.97,5309.7,4908,Discontinued
PROD0006303,unde temporibus,Electronics,Laptops,Sony,1848.87,8105.94,4867,Inactive
PROD0006304,exercitationem error,Grocery,Snacks,OnePlus,1489.08,4660.41,3829,Active
PROD0006305,neque et,Sports,Footwear,Sony,2079.42,7523.26,3669,Inactive
PROD0006306,ullam necessitatibus,Electronics,Laptops,Sony,159.09,776.82,2228,Inactive
PROD0006307,reiciendis excepturi,Electronics,Accessories,Generic,3154.54,9059.02,4674,Discontinued
PROD0006308,soluta atque,Electronics,Tablets,Xiaomi,2277.62,1324.36,2941,Discontinued
PROD0006309,aliquid molestias,Electronics,Tablets,Apple,781.65,9008.44,1401,Inactive
PROD0006310,cupiditate culpa,Sports,Equipment,OnePlus,3581.2,3541.76,1656,Active
PROD0006311,rem aut,Sports,Equipment,OnePlus,1987.72,4601.94,3433,Active
PROD0006312,aliquam non,Beauty,Skincare,LG,1515.64,2581.49,4181,Inactive
PROD0006313,fugiat soluta,Home & Kitchen,Cookware,Samsung,4890.49,4015.93,1127,Inactive
PROD0006314,temporibus voluptatum,Fashion,Shoes,OnePlus,2183.23,812.19,1951,Active
PROD0006315,a temporibus,Beauty,Skincare,Xiaomi,2432.38,6484.84,1554,Discontinued
PROD0006316,sequi incidunt,Sports,Equipment,Sony,115.32,6460.99,785,Discontinued
PROD0006317,ullam aut,Grocery,Fruits,Xiaomi,861.62,-500.0,810,Active
PROD0006318,consequatur laborum,Beauty,Makeup,LG,4392.47,4990.7,4729,Discontinued
PROD0006319,qui dicta,Home & Kitchen,Appliances,Generic,264.38,421.22,2192,Inactive
PROD0006320,alias aliquam,Electronics,Accessories,Apple,3576.46,3914.37,415,Active
PROD0006321,nihil fuga,Electronics,Tablets,Sony,3022.52,4840.1,1637,Discontinued
PROD0006322,eos culpa,Sports,Footwear,LG,3341.48,420.43,3919,Active
PROD0006323,ipsam necessitatibus,Sports,Apparel,Sony,3884.22,8863.32,1907,Discontinued
PROD0006324,sint ad,Beauty,Skincare,Apple,1813.69,9404.86,3898,Inactive
PROD0006325,optio aut,Home & Kitchen,Decor,OnePlus,3245.23,5115.45,1583,Inactive
PROD0006326,nam excepturi,Electronics,Mobiles,,1473.85,9889.39,167,Discontinued
PROD0006327,expedita repellendus,Beauty,Haircare,Xiaomi,1971.87,6293.74,616,Active
PROD0006328,eligendi asperiores,Electronics,Tablets,Sony,3965.35,3564.1,1549,Discontinued
PROD0006329,qui consequatur,Grocery,Dairy,OnePlus,4203.26,9291.29,223,Inactive
PROD0006330,earum dignissimos,Home & Kitchen,Appliances,Generic,461.69,2567.47,1787,Inactive
PROD0006331,nobis neque,Beauty,Haircare,Xiaomi,3903.08,4582.79,4323,Inactive
PROD0006332,expedita quos,Sports,Footwear,Xiaomi,1687.41,4355.54,387,Inactive
PROD0006333,ex inventore,Fashion,Women,Apple,3806.79,2849.29,2862,Active
PROD0006334,temporibus quisquam,Home & Kitchen,Cookware,LG,3032.33,6037.69,2415,Active
PROD0006335,asperiores ratione,Grocery,Dairy,OnePlus,4173.2,8547.26,2944,Inactive
PROD0006336,nostrum molestias,Electronics,Tablets,Apple,814.37,877.29,2949,Active
PROD0006337,recusandae ipsa,Fashion,Men,Sony,4213.68,5485.35,1316,Discontinued
PROD0006338,hic repudiandae,Home & Kitchen,Cookware,,2736.93,3936.8,4224,Active
PROD0006339,alias repellendus,Electronics,Tablets,Apple,4631.6,9640.33,1933,Discontinued
PROD0006340,maiores illo,Fashion,Kids,Sony,880.94,7447.49,3780,Active
PROD0006341,aspernatur magnam,Electronics,Mobiles,OnePlus,477.44,5608.0,2095,Active
PROD0006342,sed sint,Electronics,Tablets,OnePlus,3572.35,4224.12,1446,Active
PROD0006343,voluptatem rem,Fashion,Kids,Sony,64.37,6611.6,4459,Inactive
PROD0006344,incidunt occaecati,Beauty,Makeup,Samsung,3674.51,7784.67,2743,Active
PROD0006345,quasi a,Home & Kitchen,Furniture,Sony,1016.54,9964.04,4930,Active
PROD0006346,corrupti commodi,Beauty,Haircare,OnePlus,3494.31,3019.89,3541,Discontinued
PROD0006347,nesciunt laboriosam,Electronics,Laptops,LG,4282.51,1911.67,507,Active
PROD0006348,aliquam eius,Fashion,Shoes,Sony,254.76,9099.71,2387,Active
PROD0006349,repellat labore,Home & Kitchen,Decor,OnePlus,1854.41,9722.36,1697,Inactive
PROD0006350,eveniet amet,Sports,Apparel,Apple,2904.54,7064.21,4481,Active
PROD0006351,quas aut,Home & Kitchen,Decor,,3198.19,3784.68,2871,Active
PROD0006352,sint cupiditate,Beauty,Makeup,Generic,4055.46,7474.45,325,Discontinued
PROD0006353,adipisci nemo,Fashion,Men,Samsung,3480.64,9482.65,4725,Inactive
PROD0006354,temporibus quae,Beauty,Haircare,LG,929.15,3366.93,2954,Active
PROD0006355,asperiores fugiat,Electronics,Mobiles,,454.8,364.98,1753,Discontinued
PROD0006356,suscipit dolorum,Home & Kitchen,Appliances,,4654.39,3594.75,1938,Active
PROD0006357,debitis quaerat,Beauty,Skincare,Sony,1900.42,347.03,3274,Active
PROD0006358,nesciunt fuga,Sports,Equipment,Generic,2475.83,6533.96,333,Inactive
PROD0006359,autem hic,Beauty,Haircare,,1409.21,9368.29,3019,Inactive
PROD0006360,nesciunt a,Electronics,Tablets,Sony,1761.48,2350.58,1556,Inactive
PROD0006361,voluptas quibusdam,Beauty,Makeup,Apple,2864.12,3861.3,4665,Inactive
PROD0006362,dicta architecto,Home & Kitchen,Appliances,Xiaomi,2407.07,2003.41,2525,Active
PROD0006363,deserunt numquam,Home & Kitchen,Furniture,,4933.18,9096.6,2228,Inactive
PROD0006364,natus consectetur,Fashion,Women,,2225.36,1913.32,4885,Active
PROD0006365,iusto ipsum,Grocery,Fruits,Apple,2802.9,6094.4,3627,Inactive
PROD0006366,veniam quidem,Electronics,Laptops,OnePlus,4056.02,6273.32,374,Active
PROD0006367,veritatis ipsam,Fashion,Women,Xiaomi,4732.78,6610.03,4203,Active
PROD0006368,maiores explicabo,Home & Kitchen,Cookware,Sony,4240.84,6928.88,4288,Inactive
PROD0006369,mollitia eveniet,Beauty,Skincare,Apple,3181.1,801.66,1745,Active
PROD0006370,deleniti labore,Beauty,Skincare,Apple,545.33,4434.16,2763,Inactive
PROD0006371,cum dolorum,Sports,Equipment,OnePlus,4629.23,1946.29,781,Inactive
PROD0006372,quo fugiat,Grocery,Fruits,,4817.44,5695.91,725,Inactive
PROD0006373,nemo quod,Electronics,Laptops,OnePlus,2870.68,2033.77,4048,Active
PROD0006374,eius atque,Home & Kitchen,Cookware,Xiaomi,984.94,9228.35,460,Inactive
PROD0006375,quis tenetur,Fashion,Kids,LG,378.31,6224.22,3328,Active
PROD0006376,nulla possimus,Home & Kitchen,Furniture,Xiaomi,104.85,8292.06,3476,Inactive
PROD0006377,optio unde,Sports,Equipment,,3502.81,7302.7,4835,Active
PROD0006378,assumenda mollitia,Home & Kitchen,Cookware,Apple,1880.14,6142.29,4731,Inactive
PROD0006379,cum praesentium,Fashion,Men,Samsung,1741.06,2880.25,2312,Discontinued
PROD0006380,nisi distinctio,Beauty,Makeup,Apple,914.61,160.37,1899,Inactive
PROD0006381,commodi vero,Fashion,Kids,Sony,2792.4,5734.61,4914,Inactive
PROD0006382,magni quaerat,Electronics,Laptops,LG,4889.08,9927.91,1162,Discontinued
PROD0006383,aspernatur unde,Sports,Apparel,Xiaomi,1803.82,6824.17,3606,Active
PROD0006384,deleniti error,Fashion,Shoes,OnePlus,2609.39,7325.33,16,Discontinued
PROD0006385,error totam,Beauty,Makeup,OnePlus,1590.68,855.76,2778,Discontinued
PROD0006386,odio voluptatem,Electronics,Tablets,,749.34,6173.08,4998,Active
PROD0006387,illo neque,Fashion,Men,LG,2560.03,4149.28,476,Inactive
PROD0006388,sed quis,Sports,Apparel,Samsung,998.21,9140.65,2158,Inactive
PROD0006389,veritatis similique,Beauty,Makeup,OnePlus,2953.52,9580.82,2649,Inactive
PROD0006390,in repellat,Sports,Equipment,OnePlus,1345.4,6992.44,924,Discontinued
PROD0006391,reprehenderit impedit,Home & Kitchen,Furniture,Samsung,2181.72,9313.13,993,Active
PROD0006392,dicta suscipit,Fashion,Men,Generic,4127.81,3595.88,4418,Inactive
PROD0006393,aut libero,Grocery,Dairy,,1161.35,999999.0,4267,Inactive
PROD0006394,id repudiandae,Electronics,Laptops,LG,3751.67,8451.49,1719,Discontinued
PROD0006395,aliquam ducimus,Sports,Footwear,Samsung,3211.38,1013.71,657,Active
PROD0006396,error beatae,Sports,Footwear,Xiaomi,4375.19,361.8,1792,Inactive
PROD0006397,rem occaecati,Fashion,Kids,Sony,4860.89,3066.44,4212,Inactive
PROD0006398,dolorem animi,Fashion,Shoes,Apple,885.55,4721.88,4547,Discontinued
PROD0006399,dolor accusamus,Beauty,Skincare,,4612.64,9433.58,4321,Inactive
PROD0006400,quia iste,Grocery,Dairy,Apple,3163.63,6695.53,344,Active
PROD0006401,assumenda quam,Fashion,Shoes,LG,2363.88,5763.47,1185,Discontinued
PROD0006402,explicabo beatae,Fashion,Kids,Samsung,3044.58,9420.04,3994,Discontinued
PROD0006403,necessitatibus tempore,Electronics,Tablets,Apple,2620.99,910.59,1464,Inactive
PROD0006404,aliquid corporis,Home & Kitchen,Decor,Samsung,4761.02,1851.4,3222,Active
PROD0006405,cumque iusto,Sports,Apparel,LG,1012.82,8179.08,2869,Discontinued
PROD0006406,nemo recusandae,Grocery,Snacks,OnePlus,1379.31,9657.31,4951,Discontinued
PROD0006407,sapiente sunt,Fashion,Kids,Xiaomi,3558.62,4946.08,2015,Active
PROD0006408,nesciunt quas,Fashion,Shoes,Xiaomi,3870.81,7165.74,1371,Discontinued
PROD0006409,fuga accusantium,Fashion,Women,Samsung,3376.69,5441.33,3850,Inactive
PROD0006410,optio molestiae,Fashion,Women,Generic,2957.01,6271.47,693,Discontinued
PROD0006411,incidunt corrupti,Electronics,Tablets,Samsung,1025.34,7771.76,4865,Discontinued
PROD0006412,placeat voluptatem,Grocery,Fruits,Apple,3578.72,8317.99,4711,Discontinued
PROD0006413,eligendi fugiat,Home & Kitchen,Appliances,OnePlus,3001.61,9974.87,726,Active
PROD0006414,aperiam quae,Home & Kitchen,Furniture,Generic,2534.61,4481.65,575,Active
PROD0006415,nostrum facilis,Fashion,Men,,2667.1,6815.71,4475,Inactive
PROD0006416,at nam,Home & Kitchen,Cookware,Sony,1042.8,3355.41,708,Inactive
PROD0006417,illum odit,Beauty,Makeup,OnePlus,2191.73,736.3,1587,Active
PROD0006418,nisi perspiciatis,Grocery,Snacks,,3666.79,866.89,1144,Active
PROD0006419,repellat dicta,Fashion,Shoes,,2179.01,5482.78,1105,Active
PROD0006420,qui harum,Beauty,Haircare,Xiaomi,3984.59,2912.71,27,Inactive
PROD0006421,sunt sequi,Fashion,Shoes,Apple,909.1,6133.77,297,Active
PROD0006422,sequi dicta,Beauty,Skincare,Generic,2798.35,5172.85,992,Discontinued
PROD0006423,quaerat aliquam,Home & Kitchen,Cookware,Generic,2278.01,7113.56,695,Discontinued
PROD0006424,saepe voluptatem,Fashion,Kids,Apple,4600.47,6838.03,1636,Discontinued
PROD0006425,nostrum neque,Sports,Equipment,Sony,2258.84,8992.73,2750,Active
PROD0006426,suscipit placeat,Grocery,Vegetables,Generic,4391.16,1258.73,4016,Inactive
PROD0006427,iusto veniam,Fashion,Kids,OnePlus,375.49,2986.91,1361,Discontinued
PROD0006428,exercitationem inventore,Beauty,Skincare,Xiaomi,196.5,5283.82,3014,Active
PROD0006429,tenetur nihil,Home & Kitchen,Decor,Apple,2215.02,2098.63,1189,Inactive
PROD0006430,amet commodi,Sports,Footwear,OnePlus,3147.97,445.71,312,Inactive
PROD0006431,esse mollitia,Fashion,Women,Sony,2377.61,3903.92,1790,Inactive
PROD0006432,voluptatum delectus,Grocery,Dairy,,2350.73,5046.63,893,Active
PROD0006433,voluptas tenetur,Beauty,Haircare,Samsung,4656.09,7420.33,424,Active
PROD0006434,modi occaecati,Beauty,Skincare,,4948.45,4201.08,2256,Active
PROD0006435,officiis voluptatum,Grocery,Fruits,Sony,1605.17,9795.43,3442,Inactive
PROD0006436,optio neque,Grocery,Fruits,LG,3494.43,307.39,2089,Inactive
PROD0006437,itaque exercitationem,Electronics,Mobiles,Xiaomi,1954.24,8782.82,3748,Inactive
PROD0006438,esse repellat,Beauty,Makeup,OnePlus,1039.38,950.46,2368,Active
PROD0006439,consectetur voluptates,Home & Kitchen,Appliances,Xiaomi,2582.24,6729.85,3385,Active
PROD0006440,molestiae nobis,Beauty,Makeup,LG,1552.72,2828.82,2076,Inactive
PROD0006441,occaecati alias,Beauty,Skincare,Generic,720.97,761.81,1863,Discontinued
PROD0006442,aliquid excepturi,Grocery,Fruits,Apple,446.25,3604.19,907,Inactive
PROD0006443,voluptatibus laudantium,Home & Kitchen,Decor,LG,1933.85,973.96,1711,Active
PROD0006444,recusandae optio,Electronics,Accessories,LG,512.81,9061.04,3698,Active
PROD0006445,neque est,Grocery,Vegetables,LG,3642.64,3362.38,4543,Discontinued
PROD0006446,nobis recusandae,Beauty,Haircare,OnePlus,1433.94,9519.87,1204,Inactive
PROD0006447,soluta fugiat,Home & Kitchen,Cookware,,2184.84,9758.88,1293,Discontinued
PROD0006448,corrupti eius,Electronics,Laptops,,1008.55,9527.23,1371,Active
PROD0006449,ad perferendis,Home & Kitchen,Furniture,Apple,2504.21,5755.17,3225,Active
PROD0006450,molestiae minima,Beauty,Haircare,Xiaomi,2159.91,5078.6,775,Active
PROD0006451,rerum facilis,Electronics,Laptops,OnePlus,3963.93,8357.9,1919,Inactive
PROD0006452,asperiores optio,Sports,Equipment,LG,4459.81,5441.6,1128,Active
PROD0006453,qui voluptatem,Home & Kitchen,Appliances,Xiaomi,397.48,8757.52,531,Discontinued
PROD0006454,explicabo quisquam,Home & Kitchen,Furniture,Xiaomi,2035.99,257.91,3101,Inactive
PROD0006455,esse quasi,Electronics,Laptops,LG,4112.02,8447.63,995,Discontinued
PROD0006456,nemo sapiente,Home & Kitchen,Cookware,LG,3906.62,6746.5,4936,Discontinued
PROD0006457,dicta molestias,Electronics,Accessories,Sony,1630.88,8946.61,4857,Active
PROD0006458,voluptate culpa,Fashion,Women,OnePlus,689.03,662.15,450,Active
PROD0006459,excepturi cupiditate,Home & Kitchen,Appliances,LG,2504.45,2264.48,4782,Discontinued
PROD0006460,a soluta,Home & Kitchen,Cookware,Apple,1518.6,6336.15,307,Inactive
PROD0006461,consequatur suscipit,Beauty,Haircare,Samsung,3400.03,1482.34,688,Active
PROD0006462,fuga molestiae,Beauty,Haircare,Generic,1292.76,1548.64,2189,Discontinued
PROD0006463,aut amet,Home & Kitchen,Furniture,Sony,65.1,1929.2,1729,Inactive
PROD0006464,expedita perferendis,Home & Kitchen,Cookware,Xiaomi,2967.16,2158.33,4758,Inactive
PROD0006465,error reiciendis,Home & Kitchen,Cookware,Samsung,4234.32,2340.17,3573,Discontinued
PROD0006466,veniam aliquam,Home & Kitchen,Decor,Xiaomi,4245.92,5507.04,3481,Active
PROD0006467,nulla odit,Home & Kitchen,Appliances,LG,732.98,9668.48,640,Inactive
PROD0006468,incidunt deleniti,Grocery,Snacks,OnePlus,3102.18,1801.69,2695,Discontinued
PROD0006469,ipsa consequatur,Beauty,Makeup,OnePlus,3851.28,3599.27,4507,Inactive
PROD0006470,officiis distinctio,Beauty,Skincare,Apple,987.23,4361.41,2940,Active
PROD0006471,cumque consectetur,Fashion,Shoes,Sony,1871.15,9340.81,270,Inactive
PROD0006472,doloremque sed,Home & Kitchen,Decor,OnePlus,2283.02,9772.47,2294,Inactive
PROD0006473,molestiae quia,Home & Kitchen,Furniture,OnePlus,1147.62,589.6,4236,Active
PROD0006474,atque fuga,Grocery,Dairy,Generic,1424.57,4968.15,3921,Inactive
PROD0006475,facilis occaecati,Sports,Footwear,Xiaomi,76.65,3586.54,1780,Active
PROD0006476,cupiditate pariatur,Grocery,Vegetables,Sony,1161.65,999999.0,2942,Active
PROD0006477,dolorem esse,Sports,Apparel,Samsung,1226.26,7011.26,1717,Active
PROD0006478,aut deleniti,Grocery,Fruits,LG,2728.73,3115.81,4324,Active
PROD0006479,adipisci laborum,Home & Kitchen,Cookware,OnePlus,1267.79,9483.06,3948,Active
PROD0006480,non impedit,Sports,Apparel,,160.12,6730.91,2743,Discontinued
PROD0006481,vero error,Grocery,Vegetables,Sony,3675.87,4307.37,3409,Inactive
PROD0006482,sed assumenda,Fashion,Kids,OnePlus,533.75,881.34,905,Discontinued
PROD0006483,sint temporibus,Home & Kitchen,Appliances,Sony,463.26,5119.28,1533,Inactive
PROD0006484,beatae earum,Grocery,Vegetables,Xiaomi,2095.93,5368.86,617,Discontinued
PROD0006485,at perspiciatis,Grocery,Fruits,OnePlus,2328.57,7847.74,4407,Active
PROD0006486,eum minima,Beauty,Skincare,OnePlus,3387.71,6171.55,3888,Active
PROD0006487,corrupti repudiandae,Sports,Equipment,OnePlus,834.11,7092.42,2776,Active
PROD0006488,quae mollitia,Fashion,Women,Generic,2650.07,7903.87,4475,Active
PROD0006489,ipsa deserunt,Home & Kitchen,Appliances,Apple,2474.45,1462.43,4996,Active
PROD0006490,itaque laborum,Beauty,Skincare,,4138.03,-100.0,4275,Inactive
PROD0006491,cum veniam,Sports,Equipment,Apple,1020.26,1240.78,2015,Inactive
PROD0006492,eius illo,Home & Kitchen,Cookware,Apple,1631.6,4998.27,3383,Discontinued
PROD0006493,impedit magni,Beauty,Skincare,Apple,3247.82,4698.13,3414,Discontinued
PROD0006494,temporibus ullam,Grocery,Fruits,Samsung,778.53,8799.54,1350,Inactive
PROD0006495,sunt nostrum,Beauty,Makeup,Samsung,1625.56,3104.1,4893,Discontinued
PROD0006496,neque provident,Grocery,Fruits,OnePlus,1211.86,8092.73,2131,Discontinued
PROD0006497,dolorem maiores,Electronics,Tablets,Xiaomi,244.31,6758.51,17,Active
PROD0006498,modi excepturi,Electronics,Mobiles,LG,3815.31,2566.14,466,Discontinued
PROD0006499,necessitatibus cum,Electronics,Tablets,Samsung,3415.99,6382.23,1326,Discontinued
PROD0006500,repellat sapiente,Sports,Apparel,Sony,502.35,4094.22,1470,Inactive
PROD0006501,labore doloribus,Electronics,Laptops,,1161.65,3670.14,4245,Inactive
PROD0006502,placeat fuga,Fashion,Men,Sony,214.31,8932.66,2302,Discontinued
PROD0006503,architecto distinctio,Grocery,Vegetables,,1611.02,2102.53,2667,Active
PROD0006504,alias numquam,Home & Kitchen,Cookware,Apple,2592.04,3024.34,3317,Inactive
PROD0006505,odit illum,Fashion,Shoes,Apple,273.73,8462.8,1671,Inactive
PROD0006506,iste quae,Sports,Footwear,Xiaomi,877.92,3752.87,1748,Inactive
PROD0006507,eveniet ducimus,Grocery,Snacks,OnePlus,1942.17,8996.31,3421,Discontinued
PROD0006508,vitae in,Fashion,Shoes,LG,1275.61,7761.49,156,Inactive
PROD0006509,ipsum aliquid,Sports,Footwear,Sony,1410.53,526.96,1681,Active
PROD0006510,ex tempora,Beauty,Makeup,Apple,1795.27,2369.72,4375,Active
PROD0006511,numquam inventore,Grocery,Dairy,LG,3344.83,3944.2,4762,Discontinued
PROD0006512,unde blanditiis,Home & Kitchen,Furniture,Apple,1423.44,5134.03,4437,Discontinued
PROD0006513,sed corporis,Sports,Equipment,OnePlus,3764.68,2692.91,2320,Discontinued
PROD0006514,veritatis minus,Home & Kitchen,Cookware,Apple,3052.9,6900.43,1464,Inactive
PROD0006515,in enim,Fashion,Shoes,,4886.88,6723.23,1014,Active
PROD0006516,pariatur eligendi,Grocery,Fruits,,3803.38,5000.57,3226,Discontinued
PROD0006517,explicabo vel,Sports,Equipment,Sony,2251.09,2150.22,2709,Inactive
PROD0006518,quidem maiores,Sports,Equipment,Samsung,1018.83,6088.72,4535,Discontinued
PROD0006519,pariatur fugiat,Home & Kitchen,Cookware,Apple,1091.29,9828.3,3164,Active
PROD0006520,tenetur quasi,Electronics,Tablets,LG,366.75,2093.83,2828,Discontinued
PROD0006521,perferendis cum,Sports,Footwear,LG,1117.62,8812.36,2359,Discontinued
PROD0006522,quod blanditiis,Home & Kitchen,Appliances,Xiaomi,3689.35,-500.0,1656,Active
PROD0006523,et ducimus,Home & Kitchen,Decor,Sony,587.82,1783.9,1362,Active
PROD0006524,non necessitatibus,Beauty,Makeup,OnePlus,885.35,4033.04,4911,Active
PROD0006525,rem reiciendis,Electronics,Mobiles,,3477.73,5687.46,1130,Inactive
PROD0006526,blanditiis tenetur,Sports,Equipment,Xiaomi,2704.49,7649.08,4167,Active
PROD0006527,cupiditate repellendus,Fashion,Women,LG,472.97,5405.3,3208,Inactive
PROD0006528,molestias eligendi,Home & Kitchen,Furniture,Samsung,334.36,786.57,2394,Discontinued
PROD0006529,perferendis enim,Sports,Equipment,OnePlus,4860.95,514.18,953,Inactive
PROD0006530,magni aperiam,Beauty,Makeup,LG,3703.39,1605.44,3231,Active
PROD0006531,ea praesentium,Beauty,Haircare,LG,4523.13,1893.27,732,Active
PROD0006532,ab pariatur,Beauty,Skincare,Xiaomi,2218.13,1547.05,142,Inactive
PROD0006533,sint quia,Grocery,Dairy,,2899.52,1479.06,2620,Active
PROD0006534,minus tenetur,Grocery,Dairy,Xiaomi,2470.96,1710.58,2244,Discontinued
PROD0006535,cum molestias,Home & Kitchen,Appliances,Apple,1979.18,5141.14,1042,Active
PROD0006536,repudiandae libero,Grocery,Fruits,LG,3959.98,1010.34,494,Inactive
PROD0006537,odio quo,Grocery,Snacks,LG,2328.86,5701.47,3775,Active
PROD0006538,consequuntur aliquam,Beauty,Makeup,Samsung,1273.19,1010.91,2144,Active
PROD0006539,quam enim,Sports,Footwear,Xiaomi,2357.17,8715.67,3576,Inactive
PROD0006540,quisquam reprehenderit,Sports,Footwear,Samsung,2537.77,5087.71,3723,Active
PROD0006541,nemo corrupti,Beauty,Makeup,,2902.7,4789.82,4665,Active
PROD0006542,iusto beatae,Fashion,Men,Xiaomi,3178.34,9118.88,2409,Inactive
PROD0006543,blanditiis voluptate,Grocery,Fruits,Apple,2837.71,7535.52,2703,Active
PROD0006544,in ratione,Grocery,Vegetables,Sony,4159.15,4692.57,3191,Discontinued
PROD0006545,dolorum asperiores,Electronics,Mobiles,Samsung,797.52,9827.01,4172,Inactive
PROD0006546,illum doloremque,Electronics,Mobiles,LG,4121.93,5414.67,4211,Inactive
PROD0006547,commodi veniam,Grocery,Fruits,OnePlus,3668.08,2272.2,1328,Inactive
PROD0006548,facere qui,Home & Kitchen,Decor,,2903.71,8110.06,1274,Active
PROD0006549,sapiente cum,Beauty,Haircare,Apple,529.06,4110.51,2009,Active
PROD0006550,voluptatem sit,Beauty,Skincare,,1140.58,3956.62,1863,Inactive
PROD0006551,adipisci rerum,Beauty,Makeup,,720.22,2158.32,1041,Active
PROD0006552,iusto aperiam,Sports,Apparel,Sony,1091.53,2402.04,1489,Active
PROD0006553,ipsam consequuntur,Electronics,Mobiles,Samsung,377.52,9683.94,4788,Discontinued
PROD0006554,totam sapiente,Electronics,Accessories,LG,2757.46,2872.78,2591,Discontinued
PROD0006555,adipisci sapiente,Sports,Apparel,LG,2510.02,1823.68,181,Inactive
PROD0006556,quas nisi,Grocery,Vegetables,Xiaomi,2778.79,2821.9,3069,Inactive
PROD0006557,ut repudiandae,Grocery,Fruits,Generic,1596.49,3020.29,3448,Inactive
PROD0006558,cupiditate repellendus,Sports,Apparel,OnePlus,3971.86,9489.45,2008,Inactive
PROD0006559,nihil placeat,Grocery,Vegetables,LG,1938.55,5750.94,2162,Discontinued
PROD0006560,nesciunt labore,Grocery,Vegetables,Generic,448.92,4064.05,4672,Active
PROD0006561,optio nam,Electronics,Tablets,Sony,1200.36,3420.26,4459,Active
PROD0006562,sint molestiae,Electronics,Accessories,Xiaomi,1431.98,3438.12,1469,Active
PROD0006563,est in,Sports,Equipment,Samsung,4504.17,4324.64,3419,Discontinued
PROD0006564,necessitatibus labore,Electronics,Mobiles,LG,1965.1,7698.16,2314,Active
PROD0006565,corporis doloremque,Home & Kitchen,Furniture,Xiaomi,891.16,8575.81,3535,Active
PROD0006566,tempora eum,Beauty,Makeup,Apple,2395.1,5030.66,4993,Active
PROD0006567,quam dolorum,Home & Kitchen,Furniture,Samsung,4198.4,9659.57,927,Discontinued
PROD0006568,sapiente provident,Beauty,Skincare,Apple,1258.12,1456.72,2072,Active
PROD0006569,minus at,Grocery,Vegetables,OnePlus,1548.38,9880.88,856,Inactive
PROD0006570,dignissimos magni,Fashion,Women,Sony,4778.73,9345.65,2105,Active
PROD0006571,debitis veritatis,Fashion,Women,Xiaomi,1526.51,2499.55,44,Active
PROD0006572,totam nobis,Home & Kitchen,Furniture,LG,1062.57,5442.02,3637,Active
PROD0006573,mollitia ipsum,Beauty,Skincare,Samsung,4263.34,7168.87,599,Inactive
PROD0006574,iste dolorum,Electronics,Tablets,Generic,3996.54,4671.8,462,Active
PROD0006575,eum officiis,Electronics,Accessories,OnePlus,565.77,4015.92,873,Inactive
PROD0006576,voluptatibus assumenda,Electronics,Mobiles,Samsung,2894.22,4438.33,1499,Discontinued
PROD0006577,incidunt veniam,Fashion,Kids,Generic,2103.89,5696.56,851,Inactive
PROD0006578,temporibus optio,Beauty,Haircare,LG,2080.99,8083.67,3644,Inactive
PROD0006579,consequatur accusantium,Beauty,Skincare,LG,2322.27,5584.99,1542,Active
PROD0006580,ad quisquam,Electronics,Mobiles,Samsung,2526.21,5113.28,3365,Inactive
PROD0006581,alias quibusdam,Beauty,Skincare,LG,4246.31,3788.41,4094,Discontinued
PROD0006582,perspiciatis eos,Grocery,Fruits,Sony,204.83,7842.9,4308,Active
PROD0006583,tenetur tenetur,Fashion,Women,,4961.55,2591.64,3722,Active
PROD0006584,consequatur molestias,Beauty,Haircare,Xiaomi,2167.13,6836.96,3564,Inactive
PROD0006585,itaque praesentium,Fashion,Shoes,Xiaomi,1882.76,9428.83,4407,Inactive
PROD0006586,cupiditate hic,Sports,Footwear,Apple,1835.12,8974.15,2731,Active
PROD0006587,ratione officiis,Sports,Footwear,Samsung,3466.88,8109.3,2873,Active
PROD0006588,asperiores temporibus,Electronics,Laptops,Samsung,3246.05,909.64,1459,Active
PROD0006589,ratione voluptatum,Home & Kitchen,Cookware,Generic,3394.44,6268.15,1179,Active
PROD0006590,quam aperiam,Home & Kitchen,Appliances,OnePlus,3355.08,9183.73,3515,Active
PROD0006591,necessitatibus tempora,Home & Kitchen,Decor,Generic,2660.37,1997.79,955,Active
PROD0006592,maiores tempore,Sports,Footwear,Apple,3254.4,4427.01,837,Inactive
PROD0006593,vel maxime,Beauty,Makeup,Xiaomi,314.06,6412.36,127,Active
PROD0006594,quibusdam architecto,Sports,Apparel,Apple,4480.17,5715.69,1049,Inactive
PROD0006595,nesciunt quam,Beauty,Haircare,OnePlus,136.88,2072.19,2857,Inactive
PROD0006596,id cum,Home & Kitchen,Furniture,Apple,96.31,8761.17,4028,Inactive
PROD0006597,officia animi,Grocery,Fruits,Apple,3762.76,6577.77,398,Discontinued
PROD0006598,nesciunt ab,Beauty,Haircare,,1797.08,7258.75,4094,Discontinued
PROD0006599,esse velit,Home & Kitchen,Appliances,Sony,2269.09,159.61,4061,Inactive
PROD0006600,consectetur soluta,Sports,Apparel,Xiaomi,1754.54,2327.28,1447,Inactive
PROD0006601,molestiae ut,Sports,Apparel,Sony,598.57,6305.64,3250,Inactive
PROD0006602,aut accusantium,Electronics,Accessories,Xiaomi,3502.16,2772.97,685,Discontinued
PROD0006603,voluptatum fugiat,Beauty,Makeup,Apple,252.73,149.21,872,Discontinued
PROD0006604,dolore quidem,Electronics,Laptops,Xiaomi,3189.47,6946.16,2879,Inactive
PROD0006605,maiores ea,Sports,Footwear,Samsung,4720.92,2071.07,4279,Active
PROD0006606,quae delectus,Grocery,Dairy,Sony,2055.74,6305.62,234,Active
PROD0006607,qui ullam,Electronics,Tablets,OnePlus,1497.38,3642.06,4369,Inactive
PROD0006608,animi delectus,Fashion,Kids,,2656.67,1187.33,4714,Discontinued
PROD0006609,quis dolore,Fashion,Men,Samsung,2891.43,2777.6,33,Inactive
PROD0006610,accusantium quia,Home & Kitchen,Decor,Generic,4698.81,8585.14,4826,Discontinued
PROD0006611,quidem repellendus,Beauty,Skincare,Samsung,3061.43,938.24,3570,Active
PROD0006612,consectetur ut,Fashion,Kids,Generic,2780.62,4394.11,3564,Inactive
PROD0006613,labore dolore,Home & Kitchen,Furniture,LG,496.81,8193.96,1559,Active
PROD0006614,assumenda modi,Electronics,Laptops,Samsung,4437.24,3078.59,169,Discontinued
PROD0006615,culpa facere,Electronics,Laptops,,3919.9,6082.3,3115,Inactive
PROD0006616,officiis suscipit,Fashion,Shoes,Samsung,1788.06,238.91,2159,Inactive
PROD0006617,soluta rem,Electronics,Accessories,LG,419.08,1972.06,2082,Active
PROD0006618,accusamus similique,Fashion,Men,Apple,866.27,7790.12,1983,Discontinued
PROD0006619,cum deleniti,Electronics,Accessories,Apple,4098.15,3183.02,1488,Inactive
PROD0006620,assumenda numquam,Beauty,Skincare,OnePlus,4145.52,6635.4,877,Active
PROD0006621,cum numquam,Grocery,Dairy,Xiaomi,666.25,5340.23,989,Discontinued
PROD0006622,aspernatur rerum,Beauty,Haircare,Sony,2173.34,2114.88,4640,Inactive
PROD0006623,est nesciunt,Sports,Footwear,LG,3065.15,307.95,1368,Inactive
PROD0006624,repellat id,Fashion,Women,Apple,1777.93,5172.29,1924,Active
PROD0006625,ipsum aspernatur,Grocery,Fruits,LG,2563.31,5806.87,3967,Discontinued
PROD0006626,maxime alias,Sports,Footwear,Xiaomi,1054.18,7739.83,2035,Active
PROD0006627,reiciendis amet,Fashion,Women,Sony,3851.18,2762.93,1453,Discontinued
PROD0006628,aspernatur impedit,Home & Kitchen,Furniture,Samsung,4219.7,6442.91,902,Active
PROD0006629,voluptatum repudiandae,Electronics,Accessories,LG,3105.08,7321.97,4104,Inactive
PROD0006630,provident non,Fashion,Kids,Apple,2255.89,7178.12,1968,Discontinued
PROD0006631,impedit quam,Fashion,Women,Sony,3613.49,5932.92,1778,Inactive
PROD0006632,quidem aliquam,Home & Kitchen,Furniture,Generic,4688.2,6313.01,3591,Inactive
PROD0006633,veritatis maxime,Sports,Apparel,Xiaomi,2661.93,3167.43,4085,Discontinued
PROD0006634,in corporis,Grocery,Vegetables,,1530.09,1528.51,4693,Discontinued
PROD0006635,nam minus,Home & Kitchen,Cookware,Generic,2100.75,5798.94,1504,Inactive
PROD0006636,laudantium impedit,Grocery,Dairy,Samsung,2360.78,4405.87,4631,Active
PROD0006637,ad minus,Sports,Equipment,LG,1220.89,9481.11,2004,Inactive
PROD0006638,dolor debitis,Beauty,Haircare,LG,749.03,7932.21,4368,Discontinued
PROD0006639,consequatur tempore,Fashion,Women,,2720.45,6252.18,3729,Discontinued
PROD0006640,minima neque,Electronics,Mobiles,,734.08,6645.2,4031,Discontinued
PROD0006641,odio harum,Beauty,Haircare,,3695.85,2985.65,2701,Discontinued
PROD0006642,provident corrupti,Sports,Footwear,Sony,3917.56,7263.57,2109,Active
PROD0006643,ratione voluptates,Beauty,Makeup,Sony,2870.81,5742.74,4840,Inactive
PROD0006644,delectus hic,Electronics,Tablets,OnePlus,4826.55,2585.97,1992,Inactive
PROD0006645,quod suscipit,Home & Kitchen,Appliances,Samsung,3410.42,8833.58,3017,Active
PROD0006646,iusto in,Home & Kitchen,Appliances,LG,4128.11,3465.76,3739,Discontinued
PROD0006647,repudiandae eum,Sports,Apparel,OnePlus,3181.68,8540.98,4002,Inactive
PROD0006648,modi officiis,Home & Kitchen,Furniture,Xiaomi,186.91,3425.45,2862,Inactive
PROD0006649,vero earum,Electronics,Accessories,OnePlus,1339.0,3882.23,2504,Inactive
PROD0006650,laboriosam explicabo,Home & Kitchen,Cookware,,1954.93,5318.33,1068,Inactive
PROD0006651,molestias doloremque,Grocery,Fruits,OnePlus,481.11,1973.36,3887,Discontinued
PROD0006652,quas in,Fashion,Men,Apple,4482.59,8713.22,4313,Discontinued
PROD0006653,accusamus voluptates,Electronics,Laptops,OnePlus,3688.08,999999.0,203,Discontinued
PROD0006654,porro beatae,Sports,Equipment,Samsung,2002.33,8198.22,2169,Discontinued
PROD0006655,expedita nulla,Sports,Apparel,Generic,2181.35,-100.0,972,Active
PROD0006656,inventore ducimus,Sports,Apparel,Samsung,4021.9,-500.0,3960,Discontinued
PROD0006657,soluta a,Electronics,Accessories,OnePlus,1549.4,7397.79,3291,Discontinued
PROD0006658,dolorum molestiae,Beauty,Skincare,Sony,2914.04,2526.65,2520,Discontinued
PROD0006659,sint quasi,Electronics,Mobiles,OnePlus,4905.98,2018.44,2280,Discontinued
PROD0006660,a nesciunt,Grocery,Fruits,Xiaomi,1106.89,465.58,753,Discontinued
PROD0006661,impedit architecto,Grocery,Snacks,Apple,3570.54,1550.93,1880,Discontinued
PROD0006662,asperiores commodi,Home & Kitchen,Furniture,OnePlus,3066.72,4214.74,4794,Active
PROD0006663,nisi velit,Beauty,Makeup,OnePlus,2136.77,6305.75,1913,Active
PROD0006664,consectetur cupiditate,Grocery,Vegetables,Sony,307.02,1578.33,1102,Inactive
PROD0006665,doloribus adipisci,Electronics,Accessories,Sony,2354.09,1247.16,2738,Inactive
PROD0006666,quas similique,Home & Kitchen,Furniture,Samsung,458.92,4119.29,3911,Inactive
PROD0006667,quos numquam,Sports,Footwear,Samsung,2103.36,9663.08,1768,Active
PROD0006668,quos omnis,Grocery,Dairy,,3181.5,2255.02,2264,Inactive
PROD0006669,fugiat tempora,Home & Kitchen,Furniture,,1270.52,2097.86,3568,Inactive
PROD0006670,blanditiis culpa,Beauty,Skincare,OnePlus,4163.79,3369.83,2802,Active
PROD0006671,nostrum nostrum,Grocery,Dairy,Samsung,3874.15,2654.54,3187,Active
PROD0006672,aspernatur repellat,Grocery,Fruits,Xiaomi,130.74,5703.67,2310,Inactive
PROD0006673,ullam alias,Fashion,Women,Samsung,1052.51,9812.66,1553,Discontinued
PROD0006674,amet molestiae,Sports,Equipment,OnePlus,2896.52,9418.48,4025,Inactive
PROD0006675,quaerat totam,Fashion,Men,LG,2794.19,2507.05,3651,Inactive
PROD0006676,ad qui,Beauty,Skincare,Xiaomi,507.46,4644.67,3886,Discontinued
PROD0006677,minima ducimus,Grocery,Vegetables,Samsung,1018.29,5027.08,1799,Inactive
PROD0006678,quae natus,Sports,Equipment,Generic,2208.71,8005.85,2163,Inactive
PROD0006679,incidunt minima,Electronics,Mobiles,Samsung,3200.29,4492.13,342,Active
PROD0006680,possimus quis,Electronics,Mobiles,Sony,3233.93,7042.18,2692,Inactive
PROD0006681,qui saepe,Electronics,Mobiles,,1619.85,6672.32,3977,Active
PROD0006682,nostrum officiis,Home & Kitchen,Cookware,Generic,3777.11,2413.65,4730,Inactive
PROD0006683,esse temporibus,Fashion,Shoes,OnePlus,2703.97,3747.92,3489,Discontinued
PROD0006684,asperiores suscipit,Home & Kitchen,Decor,OnePlus,1218.17,3148.97,4236,Active
PROD0006685,quibusdam quod,Electronics,Accessories,Sony,2614.12,1630.76,2509,Active
PROD0006686,nulla et,Sports,Footwear,Samsung,1424.6,9795.07,258,Active
PROD0006687,ducimus vel,Fashion,Men,LG,1144.54,999999.0,528,Discontinued
PROD0006688,enim aspernatur,Beauty,Makeup,Samsung,4467.39,4250.53,4483,Discontinued
PROD0006689,quas dolores,Sports,Apparel,,3715.33,1729.82,3533,Discontinued
PROD0006690,hic quasi,Home & Kitchen,Decor,Xiaomi,3051.41,6554.01,2550,Discontinued
PROD0006691,repellendus sequi,Beauty,Skincare,Xiaomi,88.32,5424.42,1090,Discontinued
PROD0006692,eius ipsam,Beauty,Skincare,OnePlus,2208.0,5512.58,1893,Discontinued
PROD0006693,corporis assumenda,Sports,Footwear,,3268.29,4803.72,4592,Discontinued
PROD0006694,consequatur animi,Grocery,Snacks,LG,3460.5,423.89,642,Discontinued
PROD0006695,illum quo,Fashion,Kids,Sony,4098.83,7692.43,4064,Discontinued
PROD0006696,reiciendis iusto,Electronics,Tablets,LG,1588.06,2453.07,4347,Discontinued
PROD0006697,cum voluptate,Home & Kitchen,Decor,OnePlus,489.46,3517.21,1545,Inactive
PROD0006698,quas animi,Home & Kitchen,Furniture,OnePlus,4074.94,6532.0,4539,Inactive
PROD0006699,quam ea,Electronics,Accessories,LG,3798.68,3787.88,3774,Inactive
PROD0006700,voluptatem numquam,Home & Kitchen,Cookware,LG,588.69,8838.67,4400,Active
PROD0006701,eos asperiores,Electronics,Accessories,Samsung,1388.58,9991.98,3254,Inactive
PROD0006702,deleniti at,Beauty,Skincare,Generic,2589.75,2743.46,1462,Active
PROD0006703,recusandae doloribus,Grocery,Vegetables,Generic,301.45,4076.7,3045,Inactive
PROD0006704,cupiditate ad,Grocery,Fruits,Xiaomi,2293.25,9526.03,230,Discontinued
PROD0006705,accusantium quam,Grocery,Dairy,Xiaomi,1425.09,8699.14,4164,Inactive
PROD0006706,nihil blanditiis,Grocery,Snacks,Generic,124.59,9311.8,3581,Inactive
PROD0006707,eos a,Sports,Apparel,Apple,4783.55,1281.83,4100,Inactive
PROD0006708,modi quia,Electronics,Tablets,Generic,3279.61,6662.6,1024,Active
PROD0006709,quod placeat,Home & Kitchen,Furniture,Sony,3885.66,4697.9,4246,Discontinued
PROD0006710,eveniet officiis,Beauty,Skincare,Apple,2395.45,7433.01,2995,Discontinued
PROD0006711,sunt quia,Home & Kitchen,Cookware,Samsung,3071.01,8887.66,4622,Active
PROD0006712,facilis tempore,Home & Kitchen,Decor,LG,603.42,3716.81,2106,Active
PROD0006713,natus provident,Electronics,Accessories,OnePlus,2893.65,1344.58,1029,Discontinued
PROD0006714,assumenda perferendis,Fashion,Shoes,Sony,614.61,948.59,1850,Active
PROD0006715,reiciendis sequi,Electronics,Laptops,Xiaomi,3406.58,4864.78,876,Active
PROD0006716,explicabo soluta,Home & Kitchen,Decor,,3267.32,1416.17,1032,Inactive
PROD0006717,distinctio aspernatur,Fashion,Women,OnePlus,2164.13,1008.38,524,Inactive
PROD0006718,impedit quis,Beauty,Makeup,OnePlus,1504.33,117.05,2220,Discontinued
PROD0006719,dolorem animi,Electronics,Mobiles,Xiaomi,780.72,9064.89,4459,Active
PROD0006720,quod excepturi,Home & Kitchen,Furniture,Generic,3304.42,2390.79,2451,Discontinued
PROD0006721,aperiam ducimus,Electronics,Laptops,Xiaomi,4716.03,132.75,446,Active
PROD0006722,eum nemo,Fashion,Kids,Sony,2246.88,3147.29,96,Discontinued
PROD0006723,vitae occaecati,Home & Kitchen,Appliances,Xiaomi,4751.13,7327.07,3455,Active
PROD0006724,error impedit,Beauty,Skincare,Generic,3899.33,2706.83,1119,Discontinued
PROD0006725,inventore quaerat,Sports,Footwear,Samsung,3990.87,8794.86,665,Inactive
PROD0006726,in perferendis,Home & Kitchen,Decor,OnePlus,3856.53,3742.67,2753,Inactive
PROD0006727,eveniet consequuntur,Sports,Apparel,Generic,289.82,6885.87,554,Active
PROD0006728,velit ratione,Beauty,Makeup,Sony,4628.29,324.01,2053,Inactive
PROD0006729,minima laborum,Grocery,Vegetables,Samsung,3800.32,8721.32,4336,Discontinued
PROD0006730,sequi porro,Home & Kitchen,Cookware,Generic,198.21,8604.77,3088,Active
PROD0006731,fugit molestias,Sports,Equipment,,1025.13,7968.43,3052,Discontinued
PROD0006732,consectetur omnis,Sports,Footwear,Sony,1717.01,7814.23,4687,Inactive
PROD0006733,voluptatibus placeat,Beauty,Makeup,Apple,3242.08,3401.82,1815,Discontinued
PROD0006734,eveniet impedit,Sports,Apparel,LG,3251.81,6127.96,3107,Inactive
PROD0006735,eveniet hic,Sports,Footwear,Apple,2670.03,7672.03,1945,Active
PROD0006736,quos quaerat,Electronics,Accessories,Apple,3350.63,2473.27,1919,Discontinued
PROD0006737,iure perferendis,Fashion,Shoes,Samsung,1937.0,3045.67,3141,Discontinued
PROD0006738,aut accusantium,Sports,Equipment,Apple,4483.21,1323.03,2917,Inactive
PROD0006739,placeat aspernatur,Grocery,Snacks,Apple,53.98,2323.14,4130,Inactive
PROD0006740,neque totam,Grocery,Dairy,Samsung,1854.48,8577.59,2087,Inactive
PROD0006741,laboriosam accusantium,Electronics,Tablets,Sony,2119.26,2276.92,3437,Inactive
PROD0006742,deserunt esse,Sports,Apparel,,2184.75,3517.1,3278,Inactive
PROD0006743,deserunt ipsa,Home & Kitchen,Cookware,Generic,1335.35,1822.66,425,Discontinued
PROD0006744,quas ut,Fashion,Women,OnePlus,2670.67,9767.59,426,Inactive
PROD0006745,ex tenetur,Home & Kitchen,Decor,Xiaomi,2214.45,5054.56,4342,Active
PROD0006746,officia quaerat,Fashion,Kids,Apple,2096.68,5142.37,2962,Discontinued
PROD0006747,magnam quo,Beauty,Skincare,OnePlus,1786.67,8214.2,3796,Active
PROD0006748,modi dicta,Grocery,Fruits,Apple,4737.96,2825.96,2849,Active
PROD0006749,adipisci optio,Fashion,Kids,OnePlus,4074.9,8297.82,3010,Inactive
PROD0006750,perferendis doloribus,Grocery,Vegetables,,2963.06,1886.32,4946,Inactive
PROD0006751,delectus veritatis,Electronics,Accessories,Xiaomi,1320.66,3031.63,2397,Discontinued
PROD0006752,natus nam,Sports,Equipment,,1613.68,7422.01,247,Active
PROD0006753,explicabo delectus,Beauty,Makeup,Samsung,728.98,6187.99,504,Discontinued
PROD0006754,atque provident,Home & Kitchen,Furniture,Sony,701.64,8988.12,3199,Inactive
PROD0006755,totam repellendus,Grocery,Snacks,Generic,3800.05,5436.15,3990,Discontinued
PROD0006756,exercitationem odio,Sports,Footwear,OnePlus,1543.54,540.99,3208,Discontinued
PROD0006757,ullam praesentium,Fashion,Shoes,LG,1145.84,7802.58,3378,Active
PROD0006758,odit nesciunt,Sports,Apparel,Sony,1949.59,8343.08,919,Inactive
PROD0006759,incidunt maiores,Fashion,Men,LG,3691.04,5051.51,91,Inactive
PROD0006760,explicabo neque,Sports,Footwear,,1044.86,8966.97,622,Active
PROD0006761,reiciendis sapiente,Fashion,Men,,2199.5,999999.0,962,Inactive
PROD0006762,similique libero,Home & Kitchen,Cookware,,2711.16,8241.79,4520,Inactive
PROD0006763,facilis aliquid,Fashion,Shoes,Generic,3721.82,3280.14,4461,Inactive
PROD0006764,ex deleniti,Beauty,Skincare,Apple,251.05,4828.7,1699,Inactive
PROD0006765,voluptatem necessitatibus,Sports,Equipment,Samsung,1883.87,1659.15,2565,Active
PROD0006766,quia libero,Sports,Equipment,Apple,3065.03,5750.15,93,Inactive
PROD0006767,unde adipisci,Sports,Apparel,Apple,4234.86,8987.36,4748,Active
PROD0006768,recusandae ut,Home & Kitchen,Appliances,Sony,4560.97,4565.36,2399,Discontinued
PROD0006769,tempora maiores,Electronics,Tablets,LG,1956.12,1519.08,2936,Active
PROD0006770,autem saepe,Sports,Equipment,Sony,156.52,862.27,4550,Active
PROD0006771,voluptate quas,Fashion,Shoes,Samsung,303.99,998.5,424,Inactive
PROD0006772,ipsa velit,Sports,Footwear,Samsung,2709.5,8919.65,232,Active
PROD0006773,nisi magni,Fashion,Women,LG,2587.07,6825.07,3260,Discontinued
PROD0006774,est commodi,Home & Kitchen,Decor,Apple,1271.14,6055.37,1407,Active
PROD0006775,quae sequi,Home & Kitchen,Appliances,Sony,2618.12,7570.84,4002,Active
PROD0006776,vero quos,Sports,Equipment,Generic,3348.47,128.43,3392,Discontinued
PROD0006777,cupiditate architecto,Home & Kitchen,Cookware,LG,2194.95,4680.67,796,Active
PROD0006778,porro maxime,Home & Kitchen,Cookware,OnePlus,527.14,8193.82,528,Discontinued
PROD0006779,nisi minima,Home & Kitchen,Decor,Apple,1668.08,6054.82,4455,Discontinued
PROD0006780,quaerat excepturi,Beauty,Makeup,Sony,3273.18,2324.35,317,Inactive
PROD0006781,temporibus nam,Electronics,Mobiles,Apple,1890.56,4203.52,1275,Discontinued
PROD0006782,debitis cumque,Electronics,Laptops,,512.45,3975.2,3864,Discontinued
PROD0006783,quibusdam magnam,Grocery,Vegetables,,2289.54,9224.44,1324,Inactive
PROD0006784,minima doloribus,Fashion,Shoes,Xiaomi,2433.08,7863.51,4518,Active
PROD0006785,illum error,Sports,Equipment,Apple,2532.15,6862.08,56,Discontinued
PROD0006786,consectetur ducimus,Grocery,Snacks,Samsung,2432.66,5360.18,3413,Discontinued
PROD0006787,quae eveniet,Grocery,Fruits,Xiaomi,1771.88,2328.75,4733,Active
PROD0006788,ad fuga,Sports,Apparel,Xiaomi,2788.3,8100.09,3562,Active
PROD0006789,vel doloribus,Fashion,Shoes,Generic,706.56,3112.62,32,Discontinued
PROD0006790,nam iure,Sports,Equipment,,1921.27,537.86,4014,Discontinued
PROD0006791,occaecati id,Beauty,Makeup,Generic,1496.72,810.58,4372,Inactive
PROD0006792,officiis earum,Home & Kitchen,Cookware,Xiaomi,1241.82,5320.95,1743,Discontinued
PROD0006793,nam sapiente,Sports,Equipment,Samsung,2349.93,2013.36,4299,Active
PROD0006794,dolorum ea,Beauty,Haircare,Apple,3901.24,121.37,40,Active
PROD0006795,excepturi quas,Beauty,Makeup,,3164.79,8343.93,2707,Discontinued
PROD0006796,facilis sequi,Electronics,Accessories,Xiaomi,533.96,4813.39,1117,Active
PROD0006797,eius enim,Beauty,Haircare,LG,2428.64,9934.11,4134,Inactive
PROD0006798,quis voluptatem,Fashion,Shoes,OnePlus,4339.43,8747.98,3086,Inactive
PROD0006799,repellendus provident,Electronics,Mobiles,Generic,4681.62,1726.22,4745,Active
PROD0006800,voluptatum numquam,Sports,Footwear,Sony,3070.82,3455.73,102,Active
PROD0006801,impedit deleniti,Beauty,Haircare,LG,2927.42,6023.45,305,Inactive
PROD0006802,optio tempore,Beauty,Skincare,Xiaomi,2951.34,4834.97,2665,Active
PROD0006803,consequatur quo,Electronics,Mobiles,,3825.41,9530.38,4683,Inactive
PROD0006804,suscipit veritatis,Beauty,Haircare,LG,4264.61,2865.21,1604,Discontinued
PROD0006805,accusantium debitis,Sports,Equipment,Xiaomi,2639.67,4436.0,1959,Inactive
PROD0006806,iusto odio,Home & Kitchen,Furniture,Sony,1971.22,3293.49,2082,Discontinued
PROD0006807,maxime molestiae,Home & Kitchen,Decor,Generic,4779.6,1105.61,1326,Discontinued
PROD0006808,doloremque sequi,Electronics,Laptops,Sony,1376.71,9705.39,4357,Active
PROD0006809,quas unde,Grocery,Snacks,LG,2006.93,3552.55,4154,Active
PROD0006810,voluptate libero,Fashion,Men,Samsung,4033.11,4777.05,446,Inactive
PROD0006811,cupiditate impedit,Fashion,Shoes,OnePlus,378.3,320.21,2692,Inactive
PROD0006812,id eaque,Electronics,Tablets,Apple,2242.27,6131.53,3460,Inactive
PROD0006813,veritatis corrupti,Home & Kitchen,Cookware,Generic,2239.6,1791.87,145,Discontinued
PROD0006814,at doloremque,Grocery,Fruits,Xiaomi,3977.94,394.95,577,Active
PROD0006815,ratione ex,Home & Kitchen,Cookware,Xiaomi,3124.13,9315.02,4081,Discontinued
PROD0006816,aut nemo,Sports,Apparel,Apple,848.68,-500.0,1175,Active
PROD0006817,itaque molestias,Fashion,Women,LG,1647.81,8611.78,4286,Active
PROD0006818,ipsum repellat,Home & Kitchen,Cookware,Samsung,3333.35,6953.72,4938,Discontinued
PROD0006819,neque temporibus,Sports,Equipment,Xiaomi,1429.62,1867.4,2197,Active
PROD0006820,perferendis architecto,Fashion,Women,Sony,3367.06,4757.5,1783,Active
PROD0006821,sint iste,Electronics,Accessories,OnePlus,537.32,4296.31,4880,Inactive
PROD0006822,nemo optio,Sports,Footwear,Sony,1098.6,7889.29,2307,Active
PROD0006823,saepe soluta,Home & Kitchen,Cookware,Apple,3226.31,2075.33,193,Discontinued
PROD0006824,laudantium suscipit,Beauty,Skincare,Generic,356.2,3143.95,2167,Discontinued
PROD0006825,incidunt dolorem,Beauty,Skincare,Apple,4811.02,6323.18,1410,Inactive
PROD0006826,itaque repudiandae,Electronics,Laptops,Xiaomi,4033.48,3071.34,3649,Active
PROD0006827,a repellat,Electronics,Accessories,LG,3005.12,9149.09,2914,Discontinued
PROD0006828,sapiente eius,Electronics,Accessories,Apple,1331.58,7447.06,1705,Discontinued
PROD0006829,pariatur asperiores,Home & Kitchen,Cookware,Xiaomi,3361.96,3126.4,425,Active
PROD0006830,praesentium praesentium,Beauty,Makeup,Sony,2646.78,8470.88,2510,Active
PROD0006831,at est,Grocery,Fruits,OnePlus,3257.41,3893.95,3857,Inactive
PROD0006832,fuga natus,Fashion,Kids,Apple,2863.66,6025.44,594,Discontinued
PROD0006833,explicabo deleniti,Grocery,Snacks,Samsung,424.83,2668.16,4384,Active
PROD0006834,dolor ad,Sports,Apparel,Apple,4340.02,2821.77,2283,Discontinued
PROD0006835,qui saepe,Grocery,Dairy,Xiaomi,1417.6,6991.32,4646,Active
PROD0006836,ab ipsam,Home & Kitchen,Decor,LG,1302.86,9349.77,4644,Active
PROD0006837,porro quas,Grocery,Snacks,Generic,1476.73,1083.24,4069,Active
PROD0006838,recusandae dolore,Fashion,Women,OnePlus,1833.3,1078.38,3345,Discontinued
PROD0006839,amet repellendus,Electronics,Laptops,Apple,776.61,7746.3,4994,Inactive
PROD0006840,repudiandae totam,Home & Kitchen,Furniture,Generic,1272.17,9140.08,1536,Discontinued
PROD0006841,nobis dolorem,Home & Kitchen,Furniture,Generic,1743.34,4811.1,1974,Active
PROD0006842,consequuntur consequatur,Grocery,Vegetables,,745.22,3612.73,3658,Discontinued
PROD0006843,odio minus,Fashion,Women,,2781.62,509.55,2813,Discontinued
PROD0006844,reprehenderit aspernatur,Beauty,Makeup,,691.63,3473.62,474,Discontinued
PROD0006845,quos exercitationem,Grocery,Dairy,OnePlus,706.63,5027.05,3222,Active
PROD0006846,provident maiores,Fashion,Women,Sony,3318.93,6180.25,4672,Inactive
PROD0006847,fugit modi,Beauty,Makeup,Xiaomi,4704.19,2330.02,4301,Inactive
PROD0006848,quibusdam maiores,Sports,Apparel,Sony,2301.54,5998.47,2368,Active
PROD0006849,quam amet,Sports,Footwear,OnePlus,1749.16,986.66,526,Active
PROD0006850,explicabo eligendi,Beauty,Haircare,,3724.47,6485.14,761,Discontinued
PROD0006851,deserunt explicabo,Sports,Equipment,,2772.91,4767.32,1242,Active
PROD0006852,ratione repellendus,Grocery,Snacks,Apple,2447.67,5983.36,360,Active
PROD0006853,eos expedita,Beauty,Makeup,Apple,2821.59,7949.05,3692,Discontinued
PROD0006854,atque reiciendis,Beauty,Makeup,Sony,4889.28,3662.24,1103,Active
PROD0006855,quos autem,Fashion,Shoes,Apple,4128.64,6432.01,1201,Active
PROD0006856,sit alias,Electronics,Laptops,Sony,4828.3,4216.82,1722,Active
PROD0006857,reiciendis possimus,Sports,Apparel,,1983.15,7243.07,4383,Inactive
PROD0006858,excepturi sed,Fashion,Women,Xiaomi,3349.56,8242.64,3590,Discontinued
PROD0006859,vitae culpa,Fashion,Shoes,Apple,3619.68,4251.61,3979,Active
PROD0006860,quae doloremque,Grocery,Vegetables,OnePlus,164.51,5097.65,3570,Discontinued
PROD0006861,vel ipsam,Grocery,Snacks,Xiaomi,2937.33,204.85,4827,Inactive
PROD0006862,delectus magnam,Home & Kitchen,Furniture,Samsung,1901.54,7732.75,157,Discontinued
PROD0006863,quasi officiis,Sports,Apparel,Apple,4335.16,4681.34,788,Inactive
PROD0006864,doloremque asperiores,Sports,Apparel,Sony,601.57,9298.54,3529,Active
PROD0006865,harum ipsam,Electronics,Mobiles,,148.61,7841.41,1483,Active
PROD0006866,dolorum fuga,Sports,Apparel,Samsung,2699.39,972.51,1332,Active
PROD0006867,ex ducimus,Fashion,Kids,Sony,3402.89,5999.98,4123,Inactive
PROD0006868,porro amet,Fashion,Men,Generic,2997.34,1675.69,4050,Discontinued
PROD0006869,eligendi quae,Home & Kitchen,Furniture,Xiaomi,2340.95,3846.69,4782,Inactive
PROD0006870,nisi deleniti,Beauty,Skincare,LG,4637.07,2968.71,4210,Active
PROD0006871,ullam praesentium,Electronics,Tablets,Generic,80.57,2120.59,3320,Active
PROD0006872,maxime nobis,Grocery,Snacks,Xiaomi,947.25,5639.89,1424,Active
PROD0006873,odio minima,Electronics,Mobiles,Sony,2202.7,3237.67,3438,Discontinued
PROD0006874,tempore beatae,Beauty,Makeup,Sony,287.14,6573.01,2530,Inactive
PROD0006875,repudiandae aliquid,Fashion,Men,OnePlus,4880.31,9346.13,1121,Active
PROD0006876,beatae deleniti,Electronics,Tablets,LG,1599.61,7500.5,3932,Active
PROD0006877,voluptas consectetur,Sports,Apparel,Apple,1564.89,2625.85,1098,Inactive
PROD0006878,quia voluptates,Sports,Footwear,Apple,3746.52,1636.26,1579,Inactive
PROD0006879,recusandae nulla,Grocery,Dairy,Apple,2540.74,6980.13,517,Discontinued
PROD0006880,laboriosam expedita,Home & Kitchen,Cookware,OnePlus,1526.36,9313.94,1537,Discontinued
PROD0006881,quaerat sint,Home & Kitchen,Appliances,LG,2754.57,8100.12,239,Active
PROD0006882,assumenda occaecati,Grocery,Snacks,,3689.93,3689.45,665,Discontinued
PROD0006883,at quis,Electronics,Laptops,Sony,94.77,8674.32,1333,Discontinued
PROD0006884,natus quas,Beauty,Makeup,,4570.31,3666.82,2898,Active
PROD0006885,quaerat mollitia,Grocery,Fruits,Samsung,4652.1,8763.6,548,Active
PROD0006886,magni quidem,Fashion,Shoes,Apple,4531.31,9883.23,596,Active
PROD0006887,libero ducimus,Grocery,Fruits,Generic,1348.63,1920.78,4858,Active
PROD0006888,ipsam vel,Beauty,Haircare,,1195.34,2544.62,2869,Discontinued
PROD0006889,nulla ratione,Fashion,Kids,Xiaomi,447.29,6651.68,3447,Discontinued
PROD0006890,porro commodi,Beauty,Haircare,Xiaomi,452.17,9792.65,1412,Inactive
PROD0006891,tempore illo,Beauty,Skincare,LG,2794.89,7091.64,2027,Active
PROD0006892,voluptate ipsam,Fashion,Women,Xiaomi,183.07,476.37,1509,Discontinued
PROD0006893,dolorem distinctio,Beauty,Haircare,Generic,2231.86,2729.57,3612,Discontinued
PROD0006894,eaque iure,Home & Kitchen,Cookware,OnePlus,3027.36,7856.23,44,Inactive
PROD0006895,iusto at,Grocery,Vegetables,Apple,1414.61,3141.44,1669,Inactive
PROD0006896,reprehenderit porro,Home & Kitchen,Furniture,Samsung,3306.69,5790.46,282,Inactive
PROD0006897,eaque vel,Sports,Footwear,OnePlus,464.55,2133.68,4052,Inactive
PROD0006898,aut officia,Home & Kitchen,Cookware,Apple,601.46,961.12,4076,Active
PROD0006899,amet incidunt,Electronics,Laptops,Generic,3256.04,4612.9,2100,Discontinued
PROD0006900,recusandae occaecati,Fashion,Men,OnePlus,2834.2,1175.38,1151,Inactive
PROD0006901,voluptate excepturi,Fashion,Men,Samsung,1413.78,6713.3,942,Discontinued
PROD0006902,totam laudantium,Electronics,Accessories,LG,3431.39,4813.24,1177,Active
PROD0006903,impedit eveniet,Fashion,Women,Sony,1249.79,5853.41,4500,Active
PROD0006904,labore velit,Beauty,Makeup,Sony,156.02,6370.24,935,Inactive
PROD0006905,ipsam ut,Home & Kitchen,Furniture,Xiaomi,965.37,7396.52,1571,Active
PROD0006906,rerum voluptatum,Home & Kitchen,Appliances,,3331.44,1457.5,599,Inactive
PROD0006907,labore aut,Fashion,Men,LG,2369.17,8441.02,2006,Discontinued
PROD0006908,molestias corrupti,Fashion,Kids,LG,3230.15,8498.73,3175,Inactive
PROD0006909,eligendi minima,Home & Kitchen,Furniture,Xiaomi,2087.82,2727.38,4987,Active
PROD0006910,enim placeat,Grocery,Snacks,Sony,2369.78,9941.35,2590,Inactive
PROD0006911,illum officia,Home & Kitchen,Cookware,Xiaomi,312.72,2633.13,2196,Discontinued
PROD0006912,architecto voluptatum,Grocery,Vegetables,Xiaomi,4407.28,2323.3,4266,Active
PROD0006913,nostrum iusto,Sports,Footwear,Sony,857.68,4351.45,1145,Discontinued
PROD0006914,hic voluptate,Grocery,Vegetables,,492.03,2503.97,3694,Active
PROD0006915,nulla iste,Beauty,Skincare,Samsung,3025.52,1974.49,1036,Active
PROD0006916,sunt explicabo,Grocery,Snacks,Xiaomi,1570.21,2601.92,1110,Active
PROD0006917,eaque quidem,Fashion,Men,Generic,4703.84,1852.0,4137,Inactive
PROD0006918,quos maiores,Sports,Footwear,Samsung,1662.94,2726.8,3432,Discontinued
PROD0006919,reiciendis necessitatibus,Home & Kitchen,Furniture,Samsung,4695.49,5137.34,1498,Discontinued
PROD0006920,vero corrupti,Beauty,Haircare,Apple,2981.65,2934.88,1945,Inactive
PROD0006921,ad magnam,Electronics,Laptops,Apple,4858.16,3804.46,3459,Active
PROD0006922,odit maxime,Grocery,Dairy,Xiaomi,454.35,7921.91,4148,Active
PROD0006923,porro ipsum,Grocery,Vegetables,Xiaomi,4881.98,2256.03,3163,Inactive
PROD0006924,ullam neque,Grocery,Vegetables,Xiaomi,2312.96,7795.28,607,Inactive
PROD0006925,perferendis voluptatibus,Sports,Apparel,Xiaomi,2050.89,8748.28,3262,Active
PROD0006926,nihil corporis,Grocery,Fruits,Sony,3366.39,7925.93,2587,Inactive
PROD0006927,architecto corporis,Electronics,Mobiles,Xiaomi,4049.18,572.67,1445,Discontinued
PROD0006928,magni nesciunt,Sports,Apparel,Generic,4514.2,2803.38,4672,Discontinued
PROD0006929,atque quasi,Home & Kitchen,Decor,Generic,3932.63,7358.02,544,Active
PROD0006930,quaerat at,Sports,Equipment,,2584.19,471.97,1517,Inactive
PROD0006931,placeat numquam,Sports,Equipment,Samsung,4109.49,177.21,4566,Discontinued
PROD0006932,impedit ex,Beauty,Skincare,LG,3494.28,9103.23,3654,Discontinued
PROD0006933,sint reprehenderit,Grocery,Vegetables,LG,3121.11,110.2,4191,Inactive
PROD0006934,nisi officiis,Sports,Footwear,Samsung,2594.1,3199.73,876,Inactive
PROD0006935,atque eius,Electronics,Mobiles,Generic,1950.15,6583.11,1873,Inactive
PROD0006936,odio expedita,Grocery,Fruits,Apple,192.82,8847.11,2416,Inactive
PROD0006937,nam vitae,Grocery,Fruits,Apple,60.75,1728.08,4829,Inactive
PROD0006938,cumque molestias,Fashion,Shoes,,1003.56,6336.69,4714,Active
PROD0006939,quis consequatur,Home & Kitchen,Decor,OnePlus,3284.91,4358.22,2991,Active
PROD0006940,commodi unde,Electronics,Accessories,Sony,3757.01,6772.07,1746,Inactive
PROD0006941,totam consectetur,Sports,Apparel,OnePlus,4925.6,9873.2,1481,Inactive
PROD0006942,mollitia facere,Electronics,Laptops,Samsung,4683.19,216.22,1350,Active
PROD0006943,pariatur totam,Beauty,Skincare,Sony,4648.17,6335.45,1509,Discontinued
PROD0006944,quibusdam voluptatem,Home & Kitchen,Decor,,561.44,7144.29,1393,Inactive
PROD0006945,veniam suscipit,Grocery,Vegetables,LG,4453.22,6602.41,1941,Active
PROD0006946,optio officiis,Beauty,Haircare,Samsung,4411.46,3749.38,373,Active
PROD0006947,quaerat officiis,Fashion,Women,Apple,869.93,5793.11,3647,Discontinued
PROD0006948,ipsa molestiae,Electronics,Accessories,,2619.67,4839.24,4175,Discontinued
PROD0006949,nulla maxime,Sports,Apparel,OnePlus,4451.21,3957.69,1360,Active
PROD0006950,numquam quod,Beauty,Makeup,Apple,496.81,5190.67,31,Active
PROD0006951,inventore explicabo,Home & Kitchen,Appliances,Apple,336.14,5123.72,3328,Discontinued
PROD0006952,debitis qui,Sports,Equipment,Generic,4290.54,7513.43,4410,Inactive
PROD0006953,iste minima,Grocery,Vegetables,OnePlus,4385.67,5845.85,681,Inactive
PROD0006954,nulla at,Home & Kitchen,Furniture,Apple,279.71,8282.92,4416,Inactive
PROD0006955,in perferendis,Home & Kitchen,Cookware,Xiaomi,1090.57,9041.69,4828,Active
PROD0006956,expedita voluptatum,Grocery,Vegetables,Sony,4500.95,5490.7,1065,Active
PROD0006957,in dicta,Home & Kitchen,Cookware,Sony,881.19,9977.46,1822,Discontinued
PROD0006958,illo nobis,Sports,Equipment,Sony,3626.89,261.28,4051,Inactive
PROD0006959,odio cupiditate,Sports,Footwear,Generic,1475.08,2479.85,1380,Discontinued
PROD0006960,blanditiis magnam,Sports,Equipment,Sony,4620.91,218.31,3581,Inactive
PROD0006961,ratione temporibus,Home & Kitchen,Appliances,Samsung,3103.2,-100.0,677,Inactive
PROD0006962,tempore nemo,Sports,Apparel,OnePlus,4706.43,3909.03,3544,Inactive
PROD0006963,numquam magnam,Home & Kitchen,Furniture,Generic,3941.64,3991.01,2580,Active
PROD0006964,repudiandae molestias,Sports,Apparel,,2075.74,7507.13,4556,Active
PROD0006965,tempora in,Electronics,Laptops,OnePlus,4769.5,4451.69,4157,Discontinued
PROD0006966,nihil atque,Beauty,Haircare,Sony,2126.89,9461.17,2471,Discontinued
PROD0006967,quod dignissimos,Electronics,Accessories,,1325.44,5541.79,4276,Active
PROD0006968,saepe repellat,Fashion,Women,Apple,4164.35,1717.16,459,Discontinued
PROD0006969,deleniti eum,Electronics,Accessories,OnePlus,3302.37,7530.83,247,Inactive
PROD0006970,iste corrupti,Grocery,Snacks,LG,662.64,8855.5,4730,Discontinued
PROD0006971,placeat iste,Beauty,Skincare,,121.3,2391.85,823,Active
PROD0006972,sapiente optio,Fashion,Women,LG,2305.7,9488.12,4962,Active
PROD0006973,sunt magnam,Beauty,Makeup,LG,3435.14,7989.91,4796,Active
PROD0006974,distinctio laborum,Sports,Equipment,Xiaomi,4276.04,8872.76,4345,Discontinued
PROD0006975,tenetur nobis,Home & Kitchen,Cookware,Samsung,4784.06,5926.16,367,Discontinued
PROD0006976,modi odit,Sports,Equipment,Apple,3902.51,6180.62,559,Inactive
PROD0006977,rerum labore,Beauty,Skincare,Samsung,4287.61,5493.89,2664,Discontinued
PROD0006978,vero similique,Beauty,Haircare,LG,2041.32,9514.66,2017,Inactive
PROD0006979,doloremque reiciendis,Fashion,Kids,Generic,360.32,8880.5,4482,Discontinued
PROD0006980,optio modi,Fashion,Men,OnePlus,2565.99,2454.96,344,Discontinued
PROD0006981,autem iure,Grocery,Dairy,Generic,2837.29,7239.3,615,Active
PROD0006982,natus possimus,Electronics,Laptops,LG,2531.91,1027.81,3632,Discontinued
PROD0006983,sint dolore,Home & Kitchen,Furniture,Samsung,439.74,196.94,4392,Active
PROD0006984,minima quidem,Sports,Equipment,LG,1920.49,4473.69,878,Discontinued
PROD0006985,aspernatur veritatis,Home & Kitchen,Furniture,Sony,507.57,3279.27,430,Discontinued
PROD0006986,asperiores maxime,Electronics,Laptops,Sony,4843.35,9419.8,1978,Discontinued
PROD0006987,assumenda minima,Beauty,Skincare,Samsung,921.7,5247.88,592,Discontinued
PROD0006988,suscipit nostrum,Sports,Apparel,,1338.22,169.19,2104,Discontinued
PROD0006989,mollitia culpa,Sports,Apparel,Xiaomi,1429.03,2405.39,1324,Active
PROD0006990,dignissimos officia,Home & Kitchen,Furniture,,2013.49,3159.28,3322,Discontinued
PROD0006991,eaque id,Grocery,Snacks,LG,3846.73,290.66,4285,Inactive
PROD0006992,voluptatem harum,Grocery,Fruits,Sony,1266.38,7148.23,2166,Inactive
PROD0006993,maiores rem,Beauty,Skincare,Xiaomi,4099.89,8534.71,3917,Discontinued
PROD0006994,voluptatum veniam,Grocery,Dairy,LG,324.76,1935.69,4443,Active
PROD0006995,sequi qui,Home & Kitchen,Cookware,Sony,3553.09,2382.39,3516,Discontinued
PROD0006996,aperiam repudiandae,Home & Kitchen,Appliances,OnePlus,3867.71,7164.36,3089,Discontinued
PROD0006997,libero minus,Sports,Footwear,Xiaomi,95.91,9603.74,2726,Active
PROD0006998,autem cumque,Beauty,Haircare,OnePlus,1023.17,5197.94,4132,Inactive
PROD0006999,architecto aliquid,Beauty,Makeup,Samsung,1977.67,249.11,4494,Inactive
PROD0007000,animi dignissimos,Sports,Equipment,Apple,997.51,8476.78,1756,Inactive
PROD0007001,dolorum nostrum,Beauty,Makeup,Sony,4272.89,9229.08,2235,Inactive
PROD0007002,velit impedit,Home & Kitchen,Decor,,1390.57,5921.53,965,Inactive
PROD0007003,velit illo,Home & Kitchen,Appliances,Sony,985.01,8082.4,3118,Inactive
PROD0007004,nemo reprehenderit,Electronics,Tablets,Samsung,807.81,331.7,4813,Inactive
PROD0007005,eaque adipisci,Beauty,Skincare,Xiaomi,3626.8,3572.44,2795,Active
PROD0007006,ab tempora,Beauty,Haircare,Sony,4308.23,4233.99,3969,Inactive
PROD0007007,blanditiis facere,Home & Kitchen,Appliances,OnePlus,506.32,6941.49,4249,Active
PROD0007008,ut nihil,Home & Kitchen,Cookware,Generic,4626.77,8119.43,165,Discontinued
PROD0007009,voluptatum cupiditate,Beauty,Skincare,Samsung,4009.36,4907.21,4100,Inactive
PROD0007010,reiciendis voluptate,Beauty,Makeup,Apple,640.87,6340.4,4163,Active
PROD0007011,beatae ducimus,Beauty,Skincare,Xiaomi,3630.07,9869.09,2614,Discontinued
PROD0007012,accusantium iusto,Sports,Equipment,Samsung,4951.75,2743.08,3888,Inactive
PROD0007013,odit voluptatum,Grocery,Snacks,,1814.07,8587.97,985,Active
PROD0007014,sapiente beatae,Beauty,Makeup,Apple,3631.92,1009.1,2878,Inactive
PROD0007015,debitis ipsa,Grocery,Dairy,Xiaomi,403.04,738.28,3282,Discontinued
PROD0007016,accusantium aliquam,Grocery,Snacks,OnePlus,4423.02,8598.66,4501,Discontinued
PROD0007017,laudantium et,Home & Kitchen,Cookware,Xiaomi,2913.27,6482.92,4495,Discontinued
PROD0007018,fuga nihil,Grocery,Fruits,Samsung,1628.08,9025.99,4897,Active
PROD0007019,numquam quia,Electronics,Mobiles,LG,2714.11,2599.95,576,Inactive
PROD0007020,magni praesentium,Home & Kitchen,Cookware,Xiaomi,4375.45,9968.05,3564,Inactive
PROD0007021,excepturi aliquid,Fashion,Shoes,LG,1251.65,5598.22,1583,Active
PROD0007022,temporibus harum,Beauty,Haircare,Generic,546.93,906.33,1180,Inactive
PROD0007023,cum nemo,Sports,Equipment,OnePlus,1207.28,4475.65,3422,Active
PROD0007024,quos et,Grocery,Snacks,Sony,610.27,9193.41,2980,Inactive
PROD0007025,dolor deleniti,Grocery,Snacks,Xiaomi,2469.32,1826.42,3465,Active
PROD0007026,facilis numquam,Grocery,Fruits,Generic,2980.92,6202.45,2918,Active
PROD0007027,debitis perspiciatis,Fashion,Kids,Samsung,2238.71,4346.29,3941,Discontinued
PROD0007028,labore quis,Fashion,Kids,LG,343.01,564.83,4833,Inactive
PROD0007029,commodi ad,Grocery,Snacks,Sony,2871.42,6518.3,2841,Active
PROD0007030,saepe eveniet,Grocery,Snacks,OnePlus,2134.5,7738.56,4718,Discontinued
PROD0007031,pariatur minus,Sports,Apparel,LG,3966.85,2933.74,2334,Discontinued
PROD0007032,corporis libero,Sports,Equipment,Sony,4340.97,9923.67,4326,Inactive
PROD0007033,quibusdam quos,Home & Kitchen,Cookware,Samsung,4731.35,9213.96,3101,Inactive
PROD0007034,enim incidunt,Beauty,Makeup,Sony,3138.67,2713.19,4365,Active
PROD0007035,voluptatibus esse,Fashion,Shoes,LG,4444.91,682.29,50,Active
PROD0007036,atque officiis,Beauty,Skincare,Samsung,2012.06,3944.12,1916,Active
PROD0007037,in delectus,Home & Kitchen,Furniture,LG,3787.31,4906.31,3660,Inactive
PROD0007038,dolorum labore,Beauty,Haircare,Samsung,73.42,2125.94,2671,Discontinued
PROD0007039,odit rem,Fashion,Kids,Apple,347.77,683.37,526,Discontinued
PROD0007040,temporibus quae,Beauty,Haircare,LG,3369.98,2604.35,1833,Discontinued
PROD0007041,error quidem,Beauty,Skincare,Apple,4737.51,740.47,875,Discontinued
PROD0007042,dignissimos labore,Home & Kitchen,Cookware,Xiaomi,3815.59,4613.94,4293,Active
PROD0007043,non incidunt,Fashion,Shoes,OnePlus,157.59,2568.19,1704,Inactive
PROD0007044,soluta cum,Sports,Apparel,Xiaomi,4952.59,9287.52,817,Active
PROD0007045,maxime voluptatibus,Electronics,Tablets,Samsung,3137.47,5328.71,3094,Inactive
PROD0007046,ea distinctio,Sports,Apparel,LG,802.63,8307.78,1691,Discontinued
PROD0007047,repellendus inventore,Sports,Apparel,OnePlus,1062.82,5934.78,283,Discontinued
PROD0007048,atque aspernatur,Grocery,Snacks,OnePlus,3679.0,6861.51,449,Inactive
PROD0007049,animi hic,Electronics,Accessories,Sony,1801.54,5275.96,2029,Active
PROD0007050,occaecati odit,Sports,Equipment,,4864.03,8423.61,3260,Inactive
PROD0007051,quaerat nihil,Sports,Equipment,,3765.75,999999.0,1188,Inactive
PROD0007052,facilis nemo,Grocery,Snacks,Apple,3143.64,-100.0,964,Inactive
PROD0007053,ex quaerat,Beauty,Makeup,,4006.58,5325.68,2207,Discontinued
PROD0007054,sunt amet,Home & Kitchen,Cookware,LG,1710.13,5846.13,2786,Discontinued
PROD0007055,molestias eum,Electronics,Mobiles,,1834.84,4388.77,3063,Inactive
PROD0007056,cumque natus,Beauty,Haircare,,3392.68,4371.0,3110,Inactive
PROD0007057,ab accusantium,Fashion,Shoes,Samsung,4119.88,7701.56,284,Discontinued
PROD0007058,consequuntur maxime,Sports,Equipment,Xiaomi,653.76,1887.87,728,Inactive
PROD0007059,nemo omnis,Electronics,Accessories,Xiaomi,4451.0,3958.49,740,Discontinued
PROD0007060,saepe laboriosam,Grocery,Snacks,Samsung,160.15,9567.53,1466,Inactive
PROD0007061,inventore numquam,Home & Kitchen,Decor,Samsung,4940.47,5600.98,2638,Inactive
PROD0007062,aut molestias,Sports,Apparel,Generic,3315.5,552.36,2941,Active
PROD0007063,quidem architecto,Sports,Apparel,Xiaomi,4783.64,8175.94,4733,Active
PROD0007064,eligendi nobis,Grocery,Dairy,Sony,2295.39,4969.01,3088,Discontinued
PROD0007065,dolore dolore,Electronics,Tablets,Xiaomi,3274.7,327.18,3053,Active
PROD0007066,ullam itaque,Sports,Apparel,OnePlus,3068.06,3557.59,2972,Discontinued
PROD0007067,labore nam,Home & Kitchen,Appliances,Sony,3732.9,5422.08,3538,Inactive
PROD0007068,ullam voluptas,Beauty,Skincare,Sony,2207.65,9864.08,4096,Discontinued
PROD0007069,eum necessitatibus,Fashion,Men,OnePlus,1102.68,6222.22,1761,Discontinued
PROD0007070,vitae est,Electronics,Accessories,OnePlus,4502.11,6509.65,4205,Inactive
PROD0007071,incidunt odio,Beauty,Haircare,Xiaomi,2294.45,5653.65,4269,Discontinued
PROD0007072,nemo mollitia,Home & Kitchen,Cookware,,573.47,8881.15,4633,Active
PROD0007073,accusamus voluptates,Beauty,Haircare,Sony,734.37,476.49,1886,Discontinued
PROD0007074,quam inventore,Sports,Equipment,Generic,3140.08,1923.98,124,Inactive
PROD0007075,aspernatur atque,Sports,Apparel,,310.18,7488.25,135,Discontinued
PROD0007076,esse accusamus,Sports,Equipment,LG,3214.89,3090.37,1107,Inactive
PROD0007077,veritatis dignissimos,Grocery,Snacks,LG,583.6,1734.48,3461,Discontinued
PROD0007078,recusandae aliquid,Sports,Apparel,Generic,3650.9,1431.24,3087,Active
PROD0007079,asperiores et,Beauty,Skincare,,1078.74,607.32,3282,Discontinued
PROD0007080,numquam amet,Fashion,Women,Xiaomi,4005.81,9630.24,1124,Active
PROD0007081,id recusandae,Sports,Footwear,Generic,1775.32,7212.71,1857,Inactive
PROD0007082,in nemo,Fashion,Kids,Apple,3454.75,994.4,1806,Active
PROD0007083,quaerat eaque,Grocery,Snacks,,2426.43,5417.44,317,Inactive
PROD0007084,laudantium consectetur,Electronics,Laptops,Apple,4980.39,565.72,1047,Discontinued
PROD0007085,temporibus nihil,Grocery,Fruits,Generic,2112.43,9047.6,463,Active
PROD0007086,ut tempora,Home & Kitchen,Cookware,Generic,4330.41,1126.69,2216,Active
PROD0007087,officia dolorem,Sports,Footwear,Sony,4574.38,7676.86,517,Inactive
PROD0007088,voluptates excepturi,Sports,Apparel,Apple,3033.72,-500.0,3827,Active
PROD0007089,minima deserunt,Fashion,Shoes,OnePlus,1107.75,6528.88,157,Inactive
PROD0007090,reiciendis qui,Beauty,Skincare,Apple,4189.55,9586.34,75,Active
PROD0007091,eius optio,Grocery,Fruits,Apple,4297.3,934.53,3690,Discontinued
PROD0007092,vitae impedit,Fashion,Women,Generic,229.53,8954.81,3099,Discontinued
PROD0007093,ipsum ut,Fashion,Shoes,Xiaomi,4815.03,2094.61,1796,Discontinued
PROD0007094,numquam officiis,Home & Kitchen,Appliances,Xiaomi,3681.36,5798.5,4506,Discontinued
PROD0007095,non voluptate,Electronics,Mobiles,Xiaomi,1898.9,8692.0,2570,Active
PROD0007096,illo fugiat,Electronics,Tablets,Samsung,3938.31,8587.49,4530,Active
PROD0007097,quasi quibusdam,Sports,Footwear,OnePlus,2586.31,2515.27,3658,Discontinued
PROD0007098,debitis saepe,Electronics,Accessories,Samsung,244.24,4264.17,4929,Inactive
PROD0007099,sapiente et,Grocery,Snacks,Samsung,1019.83,8543.07,4166,Active
PROD0007100,reprehenderit fugiat,Grocery,Fruits,Apple,3076.87,238.03,3153,Inactive
PROD0007101,expedita dolorem,Electronics,Mobiles,,3364.14,2360.63,165,Discontinued
PROD0007102,minima assumenda,Home & Kitchen,Cookware,Sony,4560.03,2378.94,3515,Inactive
PROD0007103,quisquam veniam,Fashion,Kids,OnePlus,3915.54,2018.26,4614,Discontinued
PROD0007104,exercitationem quam,Beauty,Haircare,OnePlus,3712.39,7568.62,211,Discontinued
PROD0007105,modi eaque,Grocery,Dairy,Samsung,2791.8,8648.84,2651,Inactive
PROD0007106,aut error,Beauty,Haircare,OnePlus,903.85,382.49,222,Inactive
PROD0007107,eveniet atque,Beauty,Makeup,Sony,3771.66,4685.33,4391,Active
PROD0007108,molestias dolore,Beauty,Skincare,Apple,2278.15,4509.59,459,Discontinued
PROD0007109,natus nostrum,Electronics,Accessories,Generic,850.48,2336.99,3518,Inactive
PROD0007110,sequi maxime,Home & Kitchen,Appliances,Sony,1909.14,6976.7,1741,Active
PROD0007111,corrupti incidunt,Electronics,Laptops,,3393.83,1435.89,3212,Discontinued
PROD0007112,itaque reiciendis,Home & Kitchen,Decor,Samsung,2720.14,6503.74,4164,Inactive
PROD0007113,veritatis sequi,Fashion,Women,Generic,3789.75,899.05,2107,Inactive
PROD0007114,dolores repellendus,Fashion,Kids,Xiaomi,3911.15,2385.1,916,Active
PROD0007115,vero fugiat,Beauty,Haircare,OnePlus,4811.97,325.24,3554,Inactive
PROD0007116,deleniti cupiditate,Fashion,Shoes,Sony,1126.96,7628.44,456,Inactive
PROD0007117,et eveniet,Home & Kitchen,Furniture,Xiaomi,1038.03,6857.89,2245,Inactive
PROD0007118,illum et,Beauty,Makeup,Sony,3173.04,3642.12,4923,Active
PROD0007119,accusantium voluptatum,Electronics,Accessories,LG,1506.23,6716.38,95,Discontinued
PROD0007120,ipsam ratione,Home & Kitchen,Appliances,Generic,2959.73,4289.31,4740,Inactive
PROD0007121,eum quo,Home & Kitchen,Decor,Xiaomi,868.62,8244.73,1711,Discontinued
PROD0007122,ratione architecto,Electronics,Accessories,,1874.23,2783.38,1004,Inactive
PROD0007123,voluptatum voluptas,Beauty,Haircare,Xiaomi,2480.15,4887.41,4248,Discontinued
PROD0007124,numquam eius,Grocery,Snacks,LG,500.53,4940.46,3968,Active
PROD0007125,corrupti ullam,Grocery,Snacks,Xiaomi,2731.01,8340.34,3366,Discontinued
PROD0007126,totam voluptatibus,Grocery,Dairy,Sony,2897.59,7700.76,210,Discontinued
PROD0007127,libero quas,Sports,Equipment,OnePlus,2617.91,594.68,2832,Inactive
PROD0007128,delectus illo,Home & Kitchen,Furniture,Sony,252.95,2685.36,4479,Active
PROD0007129,numquam ipsa,Sports,Footwear,,2629.91,-100.0,4219,Discontinued
PROD0007130,quos nostrum,Home & Kitchen,Furniture,Sony,3994.02,423.94,1716,Discontinued
PROD0007131,distinctio quisquam,Sports,Footwear,LG,3770.93,6774.01,3303,Discontinued
PROD0007132,praesentium aperiam,Grocery,Snacks,Samsung,1180.77,8101.17,4676,Active
PROD0007133,a asperiores,Beauty,Makeup,Generic,756.4,6321.95,471,Active
PROD0007134,sit consequuntur,Sports,Equipment,Apple,1241.29,3126.2,3935,Active
PROD0007135,dolorem aut,Fashion,Women,Apple,4165.32,4176.75,4305,Active
PROD0007136,porro quibusdam,Fashion,Men,Samsung,3743.4,5063.56,3389,Discontinued
PROD0007137,perferendis suscipit,Fashion,Men,Apple,2944.86,4521.2,1523,Inactive
PROD0007138,doloribus ipsa,Home & Kitchen,Decor,Xiaomi,4117.24,4671.9,4325,Discontinued
PROD0007139,aperiam corrupti,Fashion,Shoes,Samsung,4146.39,965.17,1888,Active
PROD0007140,laborum facilis,Electronics,Tablets,OnePlus,4805.39,773.44,3434,Discontinued
PROD0007141,ipsam facilis,Sports,Apparel,Xiaomi,234.96,5612.09,1054,Discontinued
PROD0007142,minima consequuntur,Sports,Equipment,,579.18,8050.86,3295,Active
PROD0007143,totam consectetur,Fashion,Women,Generic,4836.15,2370.77,2702,Inactive
PROD0007144,ipsam veniam,Sports,Footwear,Xiaomi,3865.9,8159.47,1785,Inactive
PROD0007145,natus cum,Beauty,Haircare,Generic,4697.51,3438.63,3035,Discontinued
PROD0007146,voluptate possimus,Beauty,Haircare,Generic,1787.28,8110.77,1243,Active
PROD0007147,eligendi non,Fashion,Kids,LG,3343.65,2366.27,3996,Active
PROD0007148,non laborum,Sports,Equipment,,2261.77,4930.05,967,Active
PROD0007149,fuga officia,Fashion,Kids,,1823.33,8282.23,3900,Discontinued
PROD0007150,suscipit itaque,Home & Kitchen,Appliances,OnePlus,4825.79,6969.92,4352,Discontinued
PROD0007151,rerum aperiam,Sports,Apparel,Xiaomi,1295.53,9726.77,2500,Discontinued
PROD0007152,qui voluptatibus,Electronics,Laptops,Generic,1389.67,3015.55,3713,Active
PROD0007153,asperiores id,Electronics,Laptops,Generic,658.03,8248.99,2162,Active
PROD0007154,asperiores totam,Sports,Footwear,OnePlus,2036.35,660.86,3110,Active
PROD0007155,voluptatibus eveniet,Sports,Equipment,Apple,1472.06,9696.97,1983,Inactive
PROD0007156,cumque sit,Electronics,Tablets,,2682.84,333.57,4758,Inactive
PROD0007157,nam architecto,Beauty,Makeup,Generic,3534.46,9472.25,4188,Inactive
PROD0007158,fuga sunt,Electronics,Laptops,Apple,4875.69,434.8,3180,Discontinued
PROD0007159,explicabo dicta,Beauty,Haircare,Apple,2193.57,7537.39,3578,Discontinued
PROD0007160,minima reprehenderit,Beauty,Haircare,Xiaomi,716.45,6778.22,4833,Inactive
PROD0007161,aperiam culpa,Fashion,Women,Xiaomi,3537.86,3857.22,185,Discontinued
PROD0007162,ipsam beatae,Beauty,Makeup,,3781.44,9104.09,2105,Active
PROD0007163,fugit nisi,Fashion,Kids,,1056.37,9378.12,1854,Active
PROD0007164,autem at,Electronics,Mobiles,,1584.39,8905.65,671,Discontinued
PROD0007165,ipsam eos,Home & Kitchen,Appliances,Samsung,1143.8,9943.22,3319,Inactive
PROD0007166,deleniti asperiores,Sports,Footwear,Samsung,3770.21,5733.91,3949,Inactive
PROD0007167,minus illum,Grocery,Fruits,OnePlus,1790.12,999999.0,3296,Inactive
PROD0007168,nostrum ut,Home & Kitchen,Appliances,OnePlus,4974.62,4968.77,4718,Active
PROD0007169,voluptatum quos,Electronics,Laptops,Sony,2852.15,9391.4,4294,Active
PROD0007170,assumenda quibusdam,Beauty,Skincare,Xiaomi,3950.76,7786.73,596,Discontinued
PROD0007171,necessitatibus explicabo,Grocery,Fruits,Xiaomi,1903.61,9307.52,2690,Active
PROD0007172,vel facilis,Electronics,Accessories,Samsung,3010.96,8880.68,871,Inactive
PROD0007173,quod adipisci,Grocery,Snacks,Apple,1191.55,2291.53,4697,Inactive
PROD0007174,repellat distinctio,Home & Kitchen,Furniture,LG,2822.01,2676.85,1931,Active
PROD0007175,culpa doloribus,Grocery,Vegetables,Samsung,375.34,8390.8,4871,Active
PROD0007176,dignissimos modi,Home & Kitchen,Decor,Generic,4323.26,6509.42,1080,Discontinued
PROD0007177,porro consequuntur,Fashion,Shoes,Xiaomi,528.9,6790.11,1725,Active
PROD0007178,voluptas similique,Grocery,Vegetables,,1212.55,3137.18,1232,Inactive
PROD0007179,impedit atque,Electronics,Accessories,OnePlus,3709.89,9595.56,2603,Active
PROD0007180,itaque illo,Electronics,Tablets,OnePlus,2544.26,3600.09,1864,Inactive
PROD0007181,magnam odio,Grocery,Fruits,,4765.03,7379.34,2179,Discontinued
PROD0007182,enim assumenda,Fashion,Women,OnePlus,398.23,1476.83,915,Active
PROD0007183,alias aut,Fashion,Kids,Apple,3946.75,7091.24,1285,Inactive
PROD0007184,facilis fuga,Home & Kitchen,Decor,OnePlus,3683.38,3995.27,740,Inactive
PROD0007185,aspernatur expedita,Home & Kitchen,Furniture,Xiaomi,1437.51,481.09,473,Inactive
PROD0007186,quaerat nam,Grocery,Vegetables,,1268.93,718.12,2168,Inactive
PROD0007187,nesciunt quas,Electronics,Tablets,Sony,1639.15,7292.79,2561,Discontinued
PROD0007188,quam soluta,Beauty,Makeup,Xiaomi,2111.1,1417.87,4247,Active
PROD0007189,minima ipsa,Electronics,Accessories,Samsung,3715.74,999999.0,3027,Active
PROD0007190,rerum possimus,Sports,Equipment,LG,2969.08,7670.44,4944,Inactive
PROD0007191,similique dignissimos,Home & Kitchen,Decor,Xiaomi,1514.27,5966.0,2256,Inactive
PROD0007192,non accusantium,Grocery,Vegetables,Generic,217.66,4954.32,252,Active
PROD0007193,aperiam soluta,Sports,Apparel,Generic,4259.8,2697.77,2307,Inactive
PROD0007194,aspernatur quo,Grocery,Snacks,Sony,2688.08,6902.81,293,Active
PROD0007195,tenetur quibusdam,Sports,Footwear,Xiaomi,4448.56,8923.13,2396,Discontinued
PROD0007196,facere voluptatem,Fashion,Shoes,,518.75,3577.78,4498,Active
PROD0007197,neque facilis,Grocery,Vegetables,,1179.24,5711.39,4897,Discontinued
PROD0007198,repudiandae maiores,Beauty,Makeup,Apple,2588.2,5034.54,2948,Discontinued
PROD0007199,excepturi temporibus,Home & Kitchen,Decor,,1687.04,3337.25,2609,Inactive
PROD0007200,ipsa modi,Grocery,Vegetables,OnePlus,1632.29,5697.34,1311,Discontinued
PROD0007201,esse deleniti,Fashion,Kids,Apple,3967.36,5370.13,2780,Discontinued
PROD0007202,quisquam doloremque,Grocery,Vegetables,Apple,1396.34,6725.71,4841,Discontinued
PROD0007203,dolores fugiat,Electronics,Mobiles,Samsung,1536.61,6150.08,2122,Discontinued
PROD0007204,ducimus vero,Beauty,Skincare,Apple,1578.4,6481.47,3642,Active
PROD0007205,similique repellendus,Home & Kitchen,Cookware,OnePlus,1529.55,3941.96,3798,Discontinued
PROD0007206,deleniti eum,Grocery,Dairy,Xiaomi,1004.58,8707.42,4795,Active
PROD0007207,quas placeat,Fashion,Shoes,Samsung,3611.73,1704.46,1368,Inactive
PROD0007208,pariatur voluptatem,Beauty,Makeup,Samsung,1737.17,1620.74,888,Active
PROD0007209,sequi aspernatur,Home & Kitchen,Decor,Xiaomi,1489.29,8811.46,219,Discontinued
PROD0007210,vitae pariatur,Home & Kitchen,Furniture,Xiaomi,4145.74,6779.19,853,Active
PROD0007211,facere unde,Beauty,Makeup,Xiaomi,2656.53,132.52,3984,Inactive
PROD0007212,esse corrupti,Home & Kitchen,Decor,,2947.26,2679.05,3564,Inactive
PROD0007213,repellendus vero,Electronics,Laptops,,3013.74,6905.26,1953,Discontinued
PROD0007214,praesentium aliquid,Sports,Footwear,,3111.81,1990.89,3263,Inactive
PROD0007215,consectetur delectus,Grocery,Fruits,OnePlus,2126.0,1043.59,2825,Inactive
PROD0007216,corrupti eius,Fashion,Shoes,,3011.41,1068.69,961,Inactive
PROD0007217,fugit totam,Grocery,Vegetables,Apple,4187.07,5424.65,1611,Discontinued
PROD0007218,iusto neque,Home & Kitchen,Cookware,Xiaomi,3120.37,8652.98,643,Inactive
PROD0007219,velit voluptate,Grocery,Dairy,Samsung,1783.68,3162.46,4137,Active
PROD0007220,excepturi similique,Grocery,Dairy,OnePlus,594.3,6176.66,485,Active
PROD0007221,beatae quos,Home & Kitchen,Furniture,Xiaomi,1991.5,9749.61,2518,Active
PROD0007222,fuga repellat,Fashion,Kids,Xiaomi,4916.35,5466.28,1553,Active
PROD0007223,ipsa dicta,Fashion,Kids,,2964.45,1068.09,3873,Active
PROD0007224,ipsam ullam,Sports,Apparel,OnePlus,4944.99,1908.21,1204,Inactive
PROD0007225,iste quae,Electronics,Tablets,Sony,1082.88,3121.94,1459,Active
PROD0007226,nobis soluta,Electronics,Tablets,Xiaomi,1098.11,1671.76,511,Active
PROD0007227,autem eaque,Sports,Equipment,Sony,1668.98,3496.85,489,Active
PROD0007228,cum vitae,Sports,Apparel,Xiaomi,4474.28,5106.61,4011,Discontinued
PROD0007229,eligendi laboriosam,Electronics,Tablets,Apple,123.51,4219.58,1348,Discontinued
PROD0007230,aperiam dicta,Grocery,Snacks,,3257.27,3157.03,707,Active
PROD0007231,alias laudantium,Sports,Apparel,,3325.14,9559.25,2446,Active
PROD0007232,numquam aspernatur,Fashion,Shoes,OnePlus,458.79,7783.7,232,Inactive
PROD0007233,dolorum veritatis,Beauty,Makeup,Generic,4655.34,7542.63,488,Discontinued
PROD0007234,modi blanditiis,Sports,Apparel,LG,3498.02,2034.89,3172,Inactive
PROD0007235,nam vitae,Beauty,Skincare,LG,2210.31,3730.62,2920,Inactive
PROD0007236,alias repellendus,Grocery,Fruits,OnePlus,4877.54,9553.92,1693,Active
PROD0007237,consequuntur modi,Beauty,Makeup,Sony,2658.93,642.64,2506,Inactive
PROD0007238,consectetur rem,Sports,Equipment,Xiaomi,1676.07,4621.7,3126,Active
PROD0007239,ut nihil,Grocery,Fruits,Apple,2635.54,2508.69,2635,Discontinued
PROD0007240,magnam quae,Electronics,Tablets,,3519.52,6279.62,2425,Active
PROD0007241,architecto dolore,Electronics,Mobiles,Sony,4860.32,4874.77,386,Inactive
PROD0007242,pariatur accusantium,Fashion,Men,LG,2274.23,8093.91,1905,Inactive
PROD0007243,placeat consequuntur,Fashion,Women,,1878.52,246.12,3459,Inactive
PROD0007244,delectus recusandae,Home & Kitchen,Cookware,Samsung,4681.84,455.49,2643,Active
PROD0007245,accusantium ratione,Grocery,Snacks,Xiaomi,3902.91,4373.02,2801,Inactive
PROD0007246,minima minima,Beauty,Makeup,Sony,2311.52,8708.75,868,Discontinued
PROD0007247,enim dicta,Sports,Apparel,,1888.86,4895.94,3821,Inactive
PROD0007248,quibusdam itaque,Grocery,Vegetables,OnePlus,2097.57,8468.15,3745,Active
PROD0007249,exercitationem fugiat,Beauty,Skincare,Sony,126.49,8882.63,2443,Active
PROD0007250,aperiam ab,Beauty,Haircare,,2381.83,5756.26,1370,Discontinued
PROD0007251,quod nisi,Sports,Footwear,Apple,355.82,2916.33,4847,Active
PROD0007252,veritatis impedit,Sports,Footwear,LG,3421.21,5982.43,2656,Inactive
PROD0007253,voluptas maxime,Sports,Equipment,,4621.81,1981.87,1010,Inactive
PROD0007254,fugiat culpa,Grocery,Fruits,Apple,4910.44,5047.12,4056,Active
PROD0007255,rem distinctio,Electronics,Tablets,Samsung,3205.14,854.51,4575,Discontinued
PROD0007256,dolorem enim,Fashion,Men,LG,1819.23,1394.52,2540,Inactive
PROD0007257,expedita dolor,Beauty,Makeup,Sony,2737.92,2484.98,1893,Discontinued
PROD0007258,nostrum dolorem,Beauty,Makeup,Apple,4299.14,4004.3,176,Discontinued
PROD0007259,animi exercitationem,Home & Kitchen,Furniture,Sony,3518.5,3023.81,1761,Active
PROD0007260,dolorum placeat,Home & Kitchen,Decor,Apple,2576.73,1137.89,2270,Inactive
PROD0007261,modi exercitationem,Home & Kitchen,Cookware,Sony,1330.83,249.51,4851,Inactive
PROD0007262,esse iste,Grocery,Vegetables,LG,3021.84,-100.0,696,Discontinued
PROD0007263,maiores modi,Electronics,Accessories,Apple,750.96,2857.9,3288,Inactive
PROD0007264,necessitatibus tenetur,Home & Kitchen,Decor,Generic,2587.43,2272.42,3929,Inactive
PROD0007265,debitis veritatis,Home & Kitchen,Decor,,3640.33,9217.56,3162,Inactive
PROD0007266,corrupti earum,Fashion,Shoes,Apple,863.02,1506.72,1910,Active
PROD0007267,consequatur amet,Electronics,Accessories,Samsung,3489.12,1980.87,1940,Inactive
PROD0007268,maiores aliquid,Grocery,Snacks,Generic,784.42,3492.61,821,Active
PROD0007269,repellendus nihil,Electronics,Tablets,Samsung,4165.22,7528.6,1807,Inactive
PROD0007270,nobis ullam,Sports,Footwear,LG,4366.64,-100.0,4947,Inactive
PROD0007271,quasi debitis,Sports,Footwear,LG,2301.78,8107.86,284,Inactive
PROD0007272,ea placeat,Grocery,Snacks,OnePlus,3345.53,342.61,4326,Discontinued
PROD0007273,ullam veniam,Home & Kitchen,Appliances,LG,492.13,4641.66,281,Inactive
PROD0007274,vero autem,Grocery,Vegetables,,117.7,2948.68,4190,Discontinued
PROD0007275,a tempora,Fashion,Men,Xiaomi,885.66,620.41,4840,Discontinued
PROD0007276,excepturi odio,Electronics,Accessories,Samsung,3454.92,1605.62,656,Discontinued
PROD0007277,fugit quaerat,Grocery,Dairy,Samsung,2851.02,9296.13,3243,Discontinued
PROD0007278,impedit sit,Fashion,Shoes,Sony,2106.9,2759.05,4761,Active
PROD0007279,inventore magnam,Home & Kitchen,Cookware,Sony,3674.84,8926.53,4383,Discontinued
PROD0007280,beatae excepturi,Fashion,Women,,3212.33,8921.77,574,Active
PROD0007281,velit unde,Beauty,Makeup,Generic,2621.36,5703.01,174,Discontinued
PROD0007282,veniam ex,Home & Kitchen,Appliances,Apple,798.05,1166.38,42,Active
PROD0007283,laborum voluptatem,Grocery,Dairy,Samsung,1872.88,7258.2,4627,Inactive
PROD0007284,itaque porro,Home & Kitchen,Appliances,Samsung,2837.49,4050.24,4439,Active
PROD0007285,nam consequatur,Electronics,Tablets,OnePlus,1753.21,7181.3,346,Inactive
PROD0007286,accusantium at,Fashion,Shoes,Generic,2000.55,2578.4,3437,Active
PROD0007287,nisi sit,Fashion,Kids,Sony,3880.15,3945.03,881,Discontinued
PROD0007288,nihil repellendus,Beauty,Haircare,LG,3346.23,9492.99,176,Inactive
PROD0007289,minus dicta,Sports,Footwear,OnePlus,3321.31,2835.04,1941,Discontinued
PROD0007290,veniam dicta,Electronics,Laptops,Xiaomi,4406.75,5388.11,2302,Discontinued
PROD0007291,eligendi assumenda,Grocery,Dairy,,2345.14,480.64,1109,Active
PROD0007292,consequuntur animi,Electronics,Accessories,OnePlus,4112.57,519.03,422,Discontinued
PROD0007293,dolores pariatur,Beauty,Skincare,Generic,1233.19,6552.47,2847,Discontinued
PROD0007294,alias temporibus,Fashion,Kids,Generic,4071.8,3597.7,4639,Discontinued
PROD0007295,et perferendis,Sports,Apparel,Samsung,416.09,8276.63,4067,Active
PROD0007296,vel voluptate,Sports,Equipment,Apple,3688.88,9589.33,521,Inactive
PROD0007297,quam voluptas,Electronics,Laptops,LG,3132.96,8128.16,1063,Discontinued
PROD0007298,consequuntur consequatur,Sports,Apparel,Xiaomi,4761.93,7832.04,3322,Active
PROD0007299,maxime repellendus,Beauty,Haircare,,1096.83,6578.26,4534,Active
PROD0007300,perferendis culpa,Beauty,Haircare,,4136.17,-100.0,4212,Active
PROD0007301,quibusdam voluptatem,Beauty,Haircare,Generic,1562.02,2045.89,2150,Discontinued
PROD0007302,perspiciatis eius,Fashion,Kids,Xiaomi,4433.67,8658.86,252,Discontinued
PROD0007303,facere laudantium,Sports,Apparel,,2395.59,8239.04,3366,Active
PROD0007304,distinctio iste,Grocery,Snacks,Sony,590.98,1523.41,1772,Discontinued
PROD0007305,voluptate hic,Electronics,Laptops,OnePlus,428.02,3323.83,3927,Active
PROD0007306,quaerat suscipit,Beauty,Makeup,Samsung,1131.79,9946.77,3625,Inactive
PROD0007307,quibusdam facilis,Electronics,Laptops,Samsung,1937.06,2339.0,3365,Discontinued
PROD0007308,reiciendis facere,Grocery,Vegetables,LG,3499.9,8005.41,3677,Active
PROD0007309,minus animi,Fashion,Men,LG,1788.16,2650.48,2801,Inactive
PROD0007310,sapiente rem,Electronics,Mobiles,Samsung,1455.85,7685.9,1540,Inactive
PROD0007311,veniam dolore,Sports,Footwear,,4903.32,3909.31,522,Active
PROD0007312,labore modi,Beauty,Haircare,Xiaomi,1730.12,5965.19,2260,Active
PROD0007313,accusantium quasi,Home & Kitchen,Furniture,Samsung,4074.89,9517.98,3913,Active
PROD0007314,et reprehenderit,Electronics,Accessories,OnePlus,852.05,4956.5,4866,Active
PROD0007315,eveniet assumenda,Sports,Equipment,LG,1940.11,6985.82,991,Active
PROD0007316,sapiente blanditiis,Beauty,Haircare,Generic,308.0,7315.42,1158,Discontinued
PROD0007317,porro voluptas,Home & Kitchen,Cookware,Xiaomi,4137.26,8476.08,3046,Inactive
PROD0007318,possimus voluptate,Beauty,Makeup,OnePlus,2012.38,7241.09,2683,Inactive
PROD0007319,distinctio illum,Fashion,Men,LG,1829.97,7440.89,599,Discontinued
PROD0007320,voluptatibus ullam,Electronics,Tablets,Samsung,4953.84,238.67,1364,Active
PROD0007321,necessitatibus rerum,Sports,Footwear,Generic,2714.28,346.91,858,Discontinued
PROD0007322,velit reiciendis,Electronics,Tablets,Apple,794.55,6120.25,591,Inactive
PROD0007323,necessitatibus veritatis,Beauty,Makeup,OnePlus,2612.24,-500.0,3409,Discontinued
PROD0007324,odit magni,Sports,Equipment,Sony,459.4,402.26,3874,Active
PROD0007325,debitis sunt,Home & Kitchen,Cookware,Generic,3651.34,5365.19,1509,Inactive
PROD0007326,quibusdam excepturi,Beauty,Makeup,Generic,156.78,1802.28,3465,Inactive
PROD0007327,qui accusantium,Sports,Footwear,OnePlus,3778.17,4919.25,1265,Inactive
PROD0007328,voluptatem at,Grocery,Fruits,Generic,741.11,9809.72,302,Discontinued
PROD0007329,nisi quos,Beauty,Skincare,OnePlus,4583.96,-100.0,166,Active
PROD0007330,unde vel,Fashion,Kids,Generic,4770.25,1378.99,795,Inactive
PROD0007331,distinctio inventore,Home & Kitchen,Appliances,Generic,1908.78,7794.21,3083,Discontinued
PROD0007332,odit deserunt,Sports,Footwear,Apple,3697.86,2365.2,408,Discontinued
PROD0007333,vitae atque,Fashion,Shoes,Generic,4948.97,8374.44,1665,Discontinued
PROD0007334,ratione recusandae,Home & Kitchen,Cookware,Xiaomi,4370.36,6063.73,2155,Active
PROD0007335,cum veritatis,Beauty,Haircare,Samsung,4699.97,2062.66,1064,Inactive
PROD0007336,temporibus a,Grocery,Vegetables,Xiaomi,4777.46,3156.79,1881,Active
PROD0007337,sed ea,Fashion,Shoes,Xiaomi,4290.99,1403.32,2111,Active
PROD0007338,animi culpa,Sports,Apparel,Samsung,2295.82,3616.59,3874,Discontinued
PROD0007339,voluptatem quo,Beauty,Haircare,,3095.81,5176.49,1729,Active
PROD0007340,enim animi,Home & Kitchen,Furniture,Generic,2504.44,6111.66,2734,Discontinued
PROD0007341,nesciunt accusantium,Home & Kitchen,Decor,Sony,3786.48,7283.27,2709,Discontinued
PROD0007342,corrupti corrupti,Fashion,Shoes,Samsung,2664.7,3178.67,842,Inactive
PROD0007343,sint nostrum,Electronics,Accessories,LG,3866.75,4100.53,1824,Discontinued
PROD0007344,tempore nisi,Fashion,Women,LG,1586.87,4437.28,4734,Inactive
PROD0007345,inventore sint,Fashion,Shoes,Sony,307.04,1786.45,2078,Active
PROD0007346,hic rem,Fashion,Women,OnePlus,4297.94,9155.37,2156,Discontinued
PROD0007347,quas amet,Home & Kitchen,Furniture,Apple,4282.21,2525.84,550,Active
PROD0007348,vero exercitationem,Home & Kitchen,Appliances,OnePlus,3807.16,3169.45,1511,Discontinued
PROD0007349,quae excepturi,Fashion,Shoes,Sony,2934.65,7163.13,4353,Active
PROD0007350,esse corporis,Sports,Apparel,Samsung,3164.58,1114.19,793,Inactive
PROD0007351,nisi optio,Sports,Footwear,Sony,1542.05,2181.3,443,Discontinued
PROD0007352,alias atque,Home & Kitchen,Furniture,Generic,2385.33,6269.27,632,Discontinued
PROD0007353,quam debitis,Fashion,Kids,Generic,4351.73,7939.59,2772,Active
PROD0007354,numquam accusamus,Beauty,Makeup,OnePlus,4414.32,1408.98,3297,Inactive
PROD0007355,voluptas eveniet,Beauty,Haircare,,2969.86,6848.41,882,Active
PROD0007356,aperiam sunt,Grocery,Dairy,Sony,1851.82,1496.11,2843,Inactive
PROD0007357,laudantium quos,Sports,Apparel,Sony,4765.28,6095.91,4361,Discontinued
PROD0007358,ratione facilis,Beauty,Haircare,OnePlus,1195.52,9197.37,1165,Inactive
PROD0007359,in magnam,Sports,Apparel,Samsung,3673.19,3768.39,558,Inactive
PROD0007360,quis aliquid,Sports,Apparel,Apple,4346.11,8747.19,221,Active
PROD0007361,enim illo,Home & Kitchen,Cookware,,4795.94,6993.14,3490,Inactive
PROD0007362,quidem aperiam,Home & Kitchen,Furniture,Xiaomi,226.6,8083.79,1803,Discontinued
PROD0007363,neque sapiente,Electronics,Tablets,Generic,3125.23,7166.13,3834,Active
PROD0007364,pariatur doloremque,Fashion,Kids,Sony,1270.54,7646.07,1620,Discontinued
PROD0007365,perferendis ex,Electronics,Accessories,,634.42,1334.26,3256,Inactive
PROD0007366,corrupti dolorum,Fashion,Shoes,Sony,886.84,3109.66,1433,Active
PROD0007367,ratione pariatur,Beauty,Haircare,Apple,245.6,3808.88,1073,Active
PROD0007368,laudantium ut,Sports,Equipment,Generic,2055.01,5779.43,455,Inactive
PROD0007369,ratione quae,Grocery,Vegetables,Xiaomi,1941.75,6063.56,4189,Discontinued
PROD0007370,distinctio doloremque,Electronics,Accessories,Xiaomi,1993.41,557.04,4117,Discontinued
PROD0007371,aperiam molestias,Fashion,Men,LG,3285.08,4381.99,118,Inactive
PROD0007372,sit veniam,Electronics,Tablets,Apple,766.76,2119.27,17,Active
PROD0007373,molestias maiores,Fashion,Kids,Apple,2621.71,2662.48,4488,Discontinued
PROD0007374,tenetur nihil,Fashion,Kids,OnePlus,1489.45,586.96,1432,Inactive
PROD0007375,quo eaque,Grocery,Vegetables,,1890.67,153.69,3783,Inactive
PROD0007376,repellendus eligendi,Sports,Apparel,OnePlus,3095.47,7563.32,4327,Active
PROD0007377,culpa voluptatem,Beauty,Makeup,LG,3425.58,7707.98,4559,Active
PROD0007378,illum facilis,Electronics,Laptops,Sony,2663.91,167.14,1336,Inactive
PROD0007379,aliquid doloribus,Fashion,Shoes,Sony,4437.12,467.69,4377,Discontinued
PROD0007380,et nobis,Fashion,Women,Samsung,1827.46,2086.57,1222,Inactive
PROD0007381,quod maxime,Fashion,Kids,Generic,4047.38,3610.52,3045,Inactive
PROD0007382,excepturi doloremque,Beauty,Haircare,,372.11,1671.14,3891,Discontinued
PROD0007383,iusto non,Grocery,Fruits,,4880.39,4225.33,226,Active
PROD0007384,maxime tempore,Electronics,Accessories,OnePlus,2344.58,8897.61,2224,Active
PROD0007385,laboriosam aut,Fashion,Women,Samsung,4128.47,2264.91,3951,Inactive
PROD0007386,culpa voluptas,Beauty,Haircare,Generic,2061.03,8992.72,2958,Active
PROD0007387,enim nesciunt,Fashion,Women,Apple,1646.6,7601.91,2315,Active
PROD0007388,eligendi corporis,Grocery,Vegetables,LG,597.65,3180.1,2679,Inactive
PROD0007389,nulla voluptatum,Grocery,Fruits,Apple,3483.81,8198.23,2211,Active
PROD0007390,ullam odit,Grocery,Fruits,Xiaomi,1295.94,5049.9,277,Discontinued
PROD0007391,accusamus iusto,Beauty,Makeup,OnePlus,1362.1,5944.89,3869,Inactive
PROD0007392,velit inventore,Beauty,Makeup,LG,97.97,532.78,1964,Active
PROD0007393,a dignissimos,Electronics,Accessories,Sony,1382.96,965.92,233,Discontinued
PROD0007394,ipsam est,Electronics,Tablets,Generic,3933.01,6395.5,4013,Active
PROD0007395,suscipit animi,Electronics,Laptops,,887.6,6077.63,3584,Discontinued
PROD0007396,recusandae consectetur,Sports,Equipment,Apple,1612.44,4137.61,4315,Discontinued
PROD0007397,esse aperiam,Sports,Apparel,Generic,1791.38,1930.9,2171,Inactive
PROD0007398,voluptatem neque,Home & Kitchen,Decor,,4259.77,7773.03,3976,Inactive
PROD0007399,unde architecto,Electronics,Laptops,OnePlus,648.33,5667.71,229,Active
PROD0007400,maiores necessitatibus,Sports,Footwear,Generic,355.89,9480.09,4593,Inactive
PROD0007401,repellat impedit,Fashion,Women,Generic,490.79,8665.16,4299,Discontinued
PROD0007402,numquam iusto,Home & Kitchen,Cookware,Sony,1820.14,6355.99,603,Active
PROD0007403,repellat totam,Home & Kitchen,Decor,,641.29,264.94,1643,Inactive
PROD0007404,illo ullam,Beauty,Skincare,Apple,3743.67,9831.33,4072,Discontinued
PROD0007405,quaerat ipsa,Grocery,Fruits,Samsung,1307.08,1639.6,3138,Inactive
PROD0007406,quis vel,Fashion,Kids,Sony,2183.07,1636.26,2904,Active
PROD0007407,exercitationem possimus,Grocery,Snacks,Sony,2126.19,5622.34,2329,Inactive
PROD0007408,voluptates ab,Beauty,Skincare,LG,536.71,5543.54,4188,Active
PROD0007409,asperiores porro,Sports,Apparel,Apple,4196.91,2541.44,992,Active
PROD0007410,ipsa mollitia,Fashion,Men,LG,4713.98,5241.95,2375,Active
PROD0007411,ab excepturi,Sports,Equipment,,2664.69,6387.88,2829,Active
PROD0007412,atque asperiores,Grocery,Fruits,Apple,585.33,6420.05,1432,Active
PROD0007413,a tempora,Fashion,Shoes,Samsung,4878.83,4119.07,222,Active
PROD0007414,dolore repudiandae,Fashion,Men,Xiaomi,55.44,8144.6,3862,Active
PROD0007415,fuga consequatur,Sports,Apparel,,4706.56,4775.06,3570,Inactive
PROD0007416,sint nostrum,Home & Kitchen,Furniture,OnePlus,2782.39,5040.38,3480,Active
PROD0007417,voluptas illo,Beauty,Makeup,Apple,2601.27,1124.01,3854,Inactive
PROD0007418,reiciendis reprehenderit,Home & Kitchen,Cookware,LG,4285.43,2194.64,3054,Active
PROD0007419,consectetur fugiat,Fashion,Shoes,Sony,4887.32,9644.03,3383,Active
PROD0007420,distinctio vero,Beauty,Makeup,Xiaomi,2369.97,8077.38,3792,Discontinued
PROD0007421,ratione suscipit,Home & Kitchen,Appliances,Generic,3337.69,7059.24,1768,Inactive
PROD0007422,at id,Sports,Apparel,Sony,1375.58,5923.79,2937,Discontinued
PROD0007423,tempore perspiciatis,Fashion,Kids,Generic,4997.24,8443.31,4583,Active
PROD0007424,magni natus,Home & Kitchen,Appliances,Sony,3441.49,9358.5,3453,Discontinued
PROD0007425,aliquid optio,Home & Kitchen,Appliances,Apple,2283.63,7102.09,2477,Active
PROD0007426,sunt tempora,Beauty,Skincare,OnePlus,2339.08,8347.95,40,Inactive
PROD0007427,hic non,Sports,Footwear,Apple,4480.02,8941.33,363,Inactive
PROD0007428,maiores voluptas,Sports,Footwear,Xiaomi,4243.22,5867.15,2289,Inactive
PROD0007429,vel ab,Electronics,Mobiles,Xiaomi,827.01,7852.93,615,Discontinued
PROD0007430,porro dolorem,Sports,Equipment,LG,1686.64,6534.7,1889,Inactive
PROD0007431,placeat sit,Sports,Apparel,Sony,1466.42,7240.96,1368,Active
PROD0007432,minima ea,Beauty,Skincare,LG,1677.53,6402.03,3727,Discontinued
PROD0007433,ad ut,Grocery,Dairy,Samsung,1313.23,4296.91,4996,Active
PROD0007434,aspernatur consequuntur,Home & Kitchen,Decor,Sony,149.2,7920.36,3417,Discontinued
PROD0007435,voluptatum aspernatur,Beauty,Skincare,LG,4804.16,8892.0,4114,Discontinued
PROD0007436,placeat ipsam,Fashion,Shoes,OnePlus,4898.37,5682.44,1146,Discontinued
PROD0007437,amet doloribus,Electronics,Laptops,Xiaomi,2835.64,9011.02,2368,Inactive
PROD0007438,deserunt vitae,Fashion,Shoes,Apple,1813.4,7111.36,4522,Active
PROD0007439,in sint,Sports,Footwear,Xiaomi,1265.46,7887.45,3730,Active
PROD0007440,numquam est,Grocery,Snacks,Sony,2572.46,6535.27,3004,Active
PROD0007441,voluptate consequatur,Home & Kitchen,Decor,OnePlus,4532.71,3410.2,4549,Active
PROD0007442,sint laudantium,Grocery,Vegetables,,4828.9,2768.55,76,Active
PROD0007443,perspiciatis sequi,Beauty,Skincare,LG,4125.87,5610.64,3879,Discontinued
PROD0007444,impedit aliquid,Home & Kitchen,Furniture,Samsung,1010.93,8244.98,1373,Inactive
PROD0007445,laborum aspernatur,Grocery,Snacks,Xiaomi,1302.85,7917.85,3785,Inactive
PROD0007446,quod qui,Fashion,Kids,Apple,2096.26,1257.7,4942,Active
PROD0007447,fugit eaque,Home & Kitchen,Furniture,Generic,2669.48,6509.43,738,Discontinued
PROD0007448,nostrum id,Home & Kitchen,Decor,Apple,1059.77,7018.11,1316,Discontinued
PROD0007449,laborum provident,Home & Kitchen,Cookware,Apple,229.74,3343.1,269,Inactive
PROD0007450,dolores suscipit,Sports,Footwear,OnePlus,2387.64,7647.61,4211,Active
PROD0007451,quas nemo,Electronics,Mobiles,Sony,3273.4,3603.43,4243,Inactive
PROD0007452,fuga explicabo,Grocery,Vegetables,Apple,4899.65,9919.67,523,Inactive
PROD0007453,commodi omnis,Fashion,Kids,Generic,3027.94,142.84,484,Inactive
PROD0007454,placeat nihil,Electronics,Tablets,Sony,1356.33,6623.58,953,Active
PROD0007455,temporibus dolores,Beauty,Skincare,OnePlus,3628.57,1265.65,4401,Discontinued
PROD0007456,accusantium ipsum,Electronics,Mobiles,Generic,578.84,-500.0,3588,Discontinued
PROD0007457,iusto maiores,Sports,Footwear,Generic,3433.91,9305.11,4010,Inactive
PROD0007458,nisi occaecati,Sports,Equipment,OnePlus,2234.87,7589.78,824,Active
PROD0007459,et doloribus,Electronics,Mobiles,LG,4826.42,1146.63,3456,Active
PROD0007460,placeat maxime,Fashion,Kids,,3625.3,1296.18,928,Active
PROD0007461,sed cum,Home & Kitchen,Cookware,Sony,2319.0,4456.69,571,Active
PROD0007462,possimus facilis,Beauty,Skincare,Apple,3446.39,5116.53,1291,Discontinued
PROD0007463,tempore optio,Sports,Apparel,Xiaomi,661.49,5512.25,1188,Active
PROD0007464,dolore tenetur,Sports,Footwear,Xiaomi,4742.36,4353.23,4038,Active
PROD0007465,consequatur aliquid,Grocery,Fruits,Apple,3381.87,4065.52,2001,Discontinued
PROD0007466,nemo temporibus,Sports,Equipment,Xiaomi,874.92,9231.46,711,Active
PROD0007467,sunt molestiae,Sports,Footwear,Apple,1731.59,5446.52,1543,Inactive
PROD0007468,rem nostrum,Electronics,Mobiles,Generic,2725.26,5236.25,2194,Inactive
PROD0007469,non culpa,Home & Kitchen,Decor,OnePlus,969.13,3158.21,3212,Active
PROD0007470,quas vitae,Beauty,Skincare,Generic,4599.76,999999.0,2241,Active
PROD0007471,fugiat error,Home & Kitchen,Decor,Apple,1662.5,7667.3,2911,Discontinued
PROD0007472,perferendis in,Sports,Apparel,Generic,4325.0,3824.2,2854,Discontinued
PROD0007473,illum exercitationem,Grocery,Vegetables,,3485.58,856.68,4482,Discontinued
PROD0007474,excepturi perspiciatis,Fashion,Kids,Generic,3752.7,999999.0,801,Active
PROD0007475,sunt harum,Sports,Apparel,Sony,857.22,9334.12,1929,Discontinued
PROD0007476,enim illo,Grocery,Snacks,LG,4640.75,288.27,1789,Discontinued
PROD0007477,illum nisi,Electronics,Accessories,Generic,158.23,9254.56,1722,Inactive
PROD0007478,molestiae delectus,Home & Kitchen,Cookware,OnePlus,576.23,5441.94,2191,Discontinued
PROD0007479,error qui,Electronics,Accessories,Apple,1181.35,5978.98,3600,Inactive
PROD0007480,at consequuntur,Electronics,Laptops,,3853.3,919.75,1197,Discontinued
PROD0007481,possimus ducimus,Fashion,Men,Generic,4742.7,1327.92,1356,Discontinued
PROD0007482,inventore molestiae,Home & Kitchen,Cookware,Samsung,3129.41,7917.68,111,Discontinued
PROD0007483,quisquam veritatis,Grocery,Dairy,Apple,2512.63,3207.08,2666,Inactive
PROD0007484,adipisci sunt,Electronics,Accessories,Samsung,3261.2,2333.64,1972,Discontinued
PROD0007485,nesciunt nisi,Beauty,Skincare,Xiaomi,177.29,1788.55,3763,Active
PROD0007486,unde porro,Grocery,Vegetables,LG,154.52,1405.06,4552,Active
PROD0007487,reprehenderit maxime,Sports,Footwear,Xiaomi,3200.37,3534.39,140,Discontinued
PROD0007488,architecto qui,Sports,Apparel,,4511.46,5977.4,4810,Discontinued
PROD0007489,tempora doloremque,Electronics,Tablets,Sony,2283.63,4450.47,3107,Discontinued
PROD0007490,iste consectetur,Beauty,Haircare,OnePlus,2898.95,487.19,2899,Active
PROD0007491,ipsa esse,Fashion,Men,Xiaomi,672.81,5968.81,4474,Inactive
PROD0007492,nam delectus,Electronics,Mobiles,Apple,76.79,6242.55,2585,Discontinued
PROD0007493,accusamus minima,Fashion,Kids,OnePlus,2279.63,7651.33,2182,Inactive
PROD0007494,ad voluptatem,Fashion,Women,LG,894.56,6821.61,1949,Active
PROD0007495,iste nobis,Beauty,Makeup,Generic,938.92,4740.86,186,Inactive
PROD0007496,totam cum,Fashion,Men,Generic,4133.32,9476.15,2892,Inactive
PROD0007497,incidunt cum,Beauty,Makeup,LG,4320.16,761.63,1629,Discontinued
PROD0007498,hic magnam,Home & Kitchen,Decor,Xiaomi,4166.28,4282.22,4015,Discontinued
PROD0007499,quos fuga,Beauty,Skincare,Generic,3182.09,4146.45,1600,Active
PROD0007500,recusandae corporis,Home & Kitchen,Cookware,OnePlus,4075.54,3342.87,1630,Discontinued
PROD0007501,velit labore,Electronics,Mobiles,,2896.86,9316.25,556,Active
PROD0007502,laborum ut,Fashion,Kids,Apple,478.66,8681.79,1462,Active
PROD0007503,nisi nisi,Home & Kitchen,Cookware,Apple,1322.63,8748.57,4045,Inactive
PROD0007504,ab nobis,Grocery,Fruits,,3295.74,1038.11,3052,Inactive
PROD0007505,maxime aspernatur,Sports,Equipment,Generic,2663.89,3220.11,1155,Inactive
PROD0007506,nobis sint,Fashion,Shoes,Generic,591.03,4781.18,592,Active
PROD0007507,laborum quos,Home & Kitchen,Cookware,OnePlus,4954.9,7390.92,1357,Discontinued
PROD0007508,minus maiores,Electronics,Tablets,Sony,3357.96,4068.36,644,Active
PROD0007509,deleniti corrupti,Grocery,Dairy,OnePlus,3079.21,9228.31,1124,Discontinued
PROD0007510,quis cumque,Fashion,Men,Xiaomi,4942.18,2095.67,534,Inactive
PROD0007511,eos nisi,Fashion,Women,OnePlus,162.8,1821.8,847,Discontinued
PROD0007512,vitae minus,Electronics,Accessories,Samsung,2888.72,4385.37,1886,Discontinued
PROD0007513,autem illum,Electronics,Mobiles,Sony,1930.67,4591.13,4690,Active
PROD0007514,enim ut,Electronics,Mobiles,Generic,457.31,852.49,3524,Inactive
PROD0007515,quibusdam aliquid,Beauty,Haircare,Generic,4701.4,2903.34,3021,Discontinued
PROD0007516,unde vel,Home & Kitchen,Appliances,Apple,1831.28,6080.85,3636,Inactive
PROD0007517,porro perferendis,Sports,Apparel,LG,2850.71,3368.41,2763,Inactive
PROD0007518,inventore aspernatur,Electronics,Laptops,Sony,1153.11,3305.78,38,Inactive
PROD0007519,tenetur sed,Electronics,Tablets,OnePlus,2758.96,8596.63,4978,Active
PROD0007520,iste dignissimos,Beauty,Haircare,OnePlus,4195.51,1104.92,2875,Discontinued
PROD0007521,maiores enim,Fashion,Men,Samsung,530.22,5167.17,231,Inactive
PROD0007522,cum minus,Home & Kitchen,Furniture,Apple,2628.76,8585.63,5000,Inactive
PROD0007523,necessitatibus autem,Home & Kitchen,Cookware,Sony,1982.13,211.63,3858,Inactive
PROD0007524,quo temporibus,Beauty,Haircare,Xiaomi,4729.6,5908.73,1689,Inactive
PROD0007525,tempora voluptatum,Home & Kitchen,Appliances,Xiaomi,1647.78,4339.19,3228,Active
PROD0007526,soluta aliquid,Grocery,Fruits,LG,2775.03,2346.24,26,Active
PROD0007527,laborum suscipit,Electronics,Laptops,,3934.6,2033.69,1251,Active
PROD0007528,debitis deleniti,Sports,Footwear,Samsung,4460.31,3307.3,2634,Active
PROD0007529,eos assumenda,Electronics,Tablets,Generic,490.32,2930.2,126,Discontinued
PROD0007530,eaque molestiae,Sports,Apparel,OnePlus,3728.1,9072.09,4115,Active
PROD0007531,ea ipsum,Grocery,Fruits,Xiaomi,3870.35,2851.84,138,Active
PROD0007532,corporis ea,Sports,Apparel,OnePlus,3659.1,8379.66,1386,Active
PROD0007533,occaecati repellat,Fashion,Men,OnePlus,1094.73,8214.14,2920,Inactive
PROD0007534,dolorum harum,Beauty,Haircare,Sony,793.78,1238.26,4056,Inactive
PROD0007535,praesentium labore,Fashion,Men,Xiaomi,1617.9,1552.22,4959,Inactive
PROD0007536,ipsa recusandae,Grocery,Snacks,Xiaomi,4861.17,6049.12,680,Inactive
PROD0007537,vero placeat,Grocery,Dairy,Samsung,1319.61,3568.18,2212,Inactive
PROD0007538,ut odit,Beauty,Skincare,LG,3332.75,277.34,1034,Inactive
PROD0007539,animi consequatur,Grocery,Fruits,Xiaomi,3849.59,9430.32,2196,Discontinued
PROD0007540,nemo pariatur,Beauty,Skincare,Samsung,3122.34,3693.93,4110,Inactive
PROD0007541,molestiae placeat,Grocery,Vegetables,Generic,2554.04,6871.09,741,Inactive
PROD0007542,assumenda maiores,Grocery,Fruits,Samsung,4730.84,470.56,2281,Discontinued
PROD0007543,consequatur officia,Sports,Apparel,Xiaomi,4356.59,5377.18,3284,Active
PROD0007544,quis libero,Fashion,Shoes,Sony,1393.76,8148.86,2415,Active
PROD0007545,iure deleniti,Grocery,Snacks,Sony,4874.99,6739.14,3785,Active
PROD0007546,quam quod,Beauty,Skincare,Apple,2051.99,8560.88,1927,Active
PROD0007547,facilis exercitationem,Beauty,Makeup,Xiaomi,3956.99,-100.0,1646,Inactive
PROD0007548,sunt pariatur,Electronics,Laptops,Sony,1567.25,7081.7,2994,Inactive
PROD0007549,cumque assumenda,Grocery,Vegetables,LG,4560.77,4311.55,3777,Active
PROD0007550,reprehenderit recusandae,Electronics,Accessories,Apple,4610.37,4853.17,1905,Discontinued
PROD0007551,at culpa,Fashion,Shoes,Sony,344.9,7121.7,1674,Discontinued
PROD0007552,architecto necessitatibus,Home & Kitchen,Furniture,Apple,614.29,9079.26,3604,Inactive
PROD0007553,reprehenderit eligendi,Grocery,Snacks,OnePlus,3106.71,6003.81,1554,Active
PROD0007554,dolor aliquam,Home & Kitchen,Furniture,Sony,4713.42,7196.41,4475,Discontinued
PROD0007555,dolorum consequuntur,Beauty,Makeup,Xiaomi,863.43,8345.27,3532,Discontinued
PROD0007556,dolor voluptates,Electronics,Mobiles,Xiaomi,381.56,961.1,4440,Active
PROD0007557,saepe tempora,Home & Kitchen,Furniture,,2678.49,4259.2,3866,Discontinued
PROD0007558,culpa soluta,Electronics,Mobiles,Sony,4244.4,6164.45,2007,Inactive
PROD0007559,quibusdam voluptate,Sports,Equipment,Sony,1301.23,7463.71,4588,Inactive
PROD0007560,animi dolore,Fashion,Men,OnePlus,1755.47,9134.23,4336,Active
PROD0007561,odio praesentium,Grocery,Fruits,Apple,3010.13,2973.75,3634,Discontinued
PROD0007562,et occaecati,Beauty,Haircare,Apple,4242.27,5557.6,3749,Inactive
PROD0007563,quis repellendus,Beauty,Haircare,Samsung,1192.26,9454.03,2839,Inactive
PROD0007564,quasi necessitatibus,Sports,Apparel,Samsung,4575.79,5810.05,2312,Inactive
PROD0007565,accusantium accusamus,Fashion,Men,OnePlus,4446.14,4427.43,3998,Active
PROD0007566,praesentium placeat,Grocery,Dairy,OnePlus,3890.97,4691.48,4245,Active
PROD0007567,aspernatur accusamus,Sports,Equipment,Sony,4443.67,9691.61,3588,Active
PROD0007568,natus dolorem,Grocery,Snacks,LG,1514.69,2790.87,2181,Active
PROD0007569,temporibus aliquam,Sports,Footwear,OnePlus,802.35,758.92,2402,Active
PROD0007570,totam tempora,Sports,Equipment,Generic,2966.49,939.6,2963,Discontinued
PROD0007571,voluptate veniam,Electronics,Tablets,LG,742.15,4541.27,1268,Inactive
PROD0007572,omnis officia,Electronics,Mobiles,Sony,4092.11,2948.22,4309,Discontinued
PROD0007573,suscipit architecto,Fashion,Women,,2890.12,8437.93,2294,Active
PROD0007574,ipsum quibusdam,Beauty,Makeup,Samsung,3578.0,9805.86,1090,Inactive
PROD0007575,quae in,Electronics,Laptops,Generic,3886.45,6109.08,502,Active
PROD0007576,perspiciatis facilis,Beauty,Skincare,Generic,3798.36,9834.25,4994,Inactive
PROD0007577,alias veritatis,Home & Kitchen,Decor,LG,4760.65,3382.38,749,Discontinued
PROD0007578,exercitationem ab,Home & Kitchen,Furniture,Samsung,374.93,6759.15,3160,Inactive
PROD0007579,laudantium facilis,Fashion,Kids,Apple,4320.02,8172.24,4681,Inactive
PROD0007580,rerum aliquid,Beauty,Makeup,Apple,1511.0,7516.48,2941,Active
PROD0007581,saepe ullam,Grocery,Vegetables,Xiaomi,3721.35,4434.5,1476,Discontinued
PROD0007582,est assumenda,Beauty,Makeup,LG,4250.04,3072.77,3556,Discontinued
PROD0007583,vero dolorum,Electronics,Accessories,Generic,252.02,1158.67,4170,Discontinued
PROD0007584,provident iure,Grocery,Vegetables,Xiaomi,702.29,2432.99,3856,Discontinued
PROD0007585,molestias labore,Beauty,Haircare,,3114.95,5495.82,3254,Inactive
PROD0007586,quibusdam officia,Fashion,Shoes,Sony,2023.63,999999.0,3273,Inactive
PROD0007587,delectus aperiam,Sports,Footwear,Xiaomi,1831.0,657.3,3308,Active
PROD0007588,nostrum temporibus,Fashion,Shoes,Sony,4752.02,1080.58,4519,Inactive
PROD0007589,optio sed,Home & Kitchen,Decor,Samsung,1175.32,3706.94,3111,Discontinued
PROD0007590,eos laboriosam,Sports,Apparel,Generic,2098.23,8834.16,2449,Discontinued
PROD0007591,quidem nesciunt,Fashion,Men,Xiaomi,3051.7,5179.48,3151,Inactive
PROD0007592,natus officia,Fashion,Women,Samsung,2508.81,7205.25,1072,Discontinued
PROD0007593,molestias corrupti,Electronics,Tablets,Xiaomi,2661.77,5534.99,4944,Active
PROD0007594,recusandae id,Beauty,Skincare,LG,1559.42,8840.87,4101,Inactive
PROD0007595,harum doloribus,Beauty,Makeup,Generic,2598.34,2902.67,4935,Discontinued
PROD0007596,cupiditate vel,Home & Kitchen,Appliances,OnePlus,1326.98,9322.33,3211,Inactive
PROD0007597,dolor incidunt,Electronics,Mobiles,Samsung,4006.04,1116.38,4146,Inactive
PROD0007598,sapiente quam,Home & Kitchen,Cookware,,4909.27,8572.72,143,Discontinued
PROD0007599,dolor asperiores,Beauty,Skincare,Apple,2730.63,3260.36,751,Discontinued
PROD0007600,voluptates blanditiis,Grocery,Dairy,LG,1000.71,9321.84,2029,Discontinued
PROD0007601,asperiores a,Grocery,Snacks,,185.16,3645.43,853,Discontinued
PROD0007602,deserunt soluta,Sports,Equipment,Samsung,3492.59,5414.63,1883,Discontinued
PROD0007603,quas veniam,Home & Kitchen,Decor,Xiaomi,1892.15,6352.74,652,Discontinued
PROD0007604,ullam rerum,Home & Kitchen,Cookware,Generic,651.71,7526.68,4561,Inactive
PROD0007605,consequuntur voluptatibus,Fashion,Women,Generic,1945.57,2152.22,3605,Discontinued
PROD0007606,rerum magni,Home & Kitchen,Decor,,3161.28,6958.34,53,Active
PROD0007607,fugit numquam,Grocery,Fruits,,398.7,4606.42,3230,Inactive
PROD0007608,neque itaque,Grocery,Snacks,OnePlus,1821.44,2162.9,694,Active
PROD0007609,dolore corporis,Home & Kitchen,Decor,Xiaomi,4355.38,9421.49,3768,Active
PROD0007610,aliquam magnam,Sports,Equipment,Generic,1678.24,8008.61,4616,Inactive
PROD0007611,a quisquam,Fashion,Men,Xiaomi,492.72,4004.95,785,Discontinued
PROD0007612,dignissimos recusandae,Sports,Footwear,OnePlus,2183.6,5283.31,4472,Discontinued
PROD0007613,voluptatum ratione,Fashion,Men,LG,1192.97,6533.25,4403,Inactive
PROD0007614,dicta dolor,Beauty,Skincare,,4047.94,2598.96,3939,Inactive
PROD0007615,eveniet aperiam,Beauty,Haircare,OnePlus,791.84,2764.08,4378,Active
PROD0007616,numquam autem,Home & Kitchen,Decor,Samsung,3462.03,3388.03,3523,Discontinued
PROD0007617,sunt quae,Beauty,Skincare,Apple,1571.72,399.62,1359,Inactive
PROD0007618,minima rem,Sports,Apparel,Apple,2082.24,8963.62,1221,Discontinued
PROD0007619,officia dignissimos,Sports,Equipment,LG,3020.51,9294.69,1176,Active
PROD0007620,quidem a,Sports,Apparel,Samsung,4978.02,571.25,4259,Active
PROD0007621,voluptatibus assumenda,Sports,Equipment,Apple,3354.95,7531.03,2981,Active
PROD0007622,velit eius,Electronics,Accessories,,894.07,8884.99,3580,Active
PROD0007623,consectetur non,Fashion,Kids,Apple,4949.39,4521.4,399,Discontinued
PROD0007624,est mollitia,Beauty,Skincare,Xiaomi,784.06,287.13,3717,Active
PROD0007625,officia soluta,Fashion,Shoes,OnePlus,2381.68,8989.76,3524,Inactive
PROD0007626,nam quisquam,Beauty,Skincare,Generic,1016.08,4462.38,3052,Discontinued
PROD0007627,quod ducimus,Electronics,Laptops,LG,4969.15,678.5,846,Active
PROD0007628,aspernatur repellendus,Electronics,Tablets,Apple,1827.24,7680.77,2871,Discontinued
PROD0007629,ducimus rerum,Home & Kitchen,Cookware,Sony,1150.93,6929.87,4368,Inactive
PROD0007630,labore quos,Electronics,Accessories,Sony,2763.25,6597.55,4043,Discontinued
PROD0007631,veniam architecto,Fashion,Kids,Xiaomi,4219.38,3165.81,830,Active
PROD0007632,unde alias,Fashion,Women,Apple,101.44,5383.59,1878,Active
PROD0007633,praesentium nisi,Fashion,Shoes,LG,1675.2,724.55,4069,Discontinued
PROD0007634,officiis quidem,Sports,Equipment,Sony,2460.16,8542.68,3867,Inactive
PROD0007635,commodi nihil,Home & Kitchen,Appliances,Generic,4736.83,5846.0,4000,Inactive
PROD0007636,facilis placeat,Sports,Apparel,Samsung,1666.85,3131.36,2552,Active
PROD0007637,quasi perspiciatis,Grocery,Fruits,,816.59,3434.09,1425,Inactive
PROD0007638,alias blanditiis,Beauty,Skincare,,1225.51,4187.11,127,Inactive
PROD0007639,ut tenetur,Beauty,Makeup,LG,3509.41,1925.21,2047,Active
PROD0007640,eligendi doloribus,Sports,Equipment,Xiaomi,76.86,6181.78,3614,Discontinued
PROD0007641,quam sed,Beauty,Haircare,Generic,4205.14,9410.16,1314,Discontinued
PROD0007642,tenetur impedit,Sports,Equipment,Xiaomi,2582.23,9501.77,4438,Discontinued
PROD0007643,tempora accusantium,Grocery,Fruits,Apple,3084.27,1388.19,1137,Active
PROD0007644,ipsum tenetur,Fashion,Men,OnePlus,2795.16,3076.82,3973,Discontinued
PROD0007645,fugit necessitatibus,Beauty,Makeup,,304.86,8323.11,429,Active
PROD0007646,itaque eum,Beauty,Skincare,,3825.97,7823.33,41,Inactive
PROD0007647,quis iste,Fashion,Men,OnePlus,3398.48,4353.79,1117,Inactive
PROD0007648,ea distinctio,Sports,Footwear,,1019.98,4514.0,4364,Active
PROD0007649,nihil earum,Fashion,Shoes,Samsung,1833.6,5989.67,2888,Discontinued
PROD0007650,fugiat explicabo,Fashion,Kids,Generic,4244.43,2069.78,2958,Inactive
PROD0002338,alias pariatur,Beauty,Haircare,Generic,2746.72,6710.48,4794,Inactive
PROD0005753,et tempore,Home & Kitchen,Appliances,Sony,3119.87,6463.1,2069,Discontinued
PROD0002466,adipisci ipsam,Home & Kitchen,Cookware,Xiaomi,3147.29,8833.7,4488,Inactive
PROD0005687,odit quos,Sports,Apparel,Samsung,173.32,5113.95,4339,Discontinued
PROD0004748,vitae omnis,Sports,Apparel,Apple,3145.69,6614.04,3376,Inactive
PROD0005788,perspiciatis esse,Grocery,Vegetables,Apple,2118.81,1284.87,1979,Inactive
PROD0004447,amet consequuntur,Beauty,Skincare,Xiaomi,3963.7,577.65,2273,Inactive
PROD0001075,nisi error,Grocery,Fruits,LG,1557.34,8856.57,277,Discontinued
PROD0006502,placeat fuga,Fashion,Men,Sony,214.31,8932.66,2302,Discontinued
PROD0004225,soluta maiores,Beauty,Skincare,LG,1740.82,7444.48,2309,Inactive
PROD0003800,reiciendis provident,Fashion,Shoes,Samsung,1142.42,6421.17,444,Discontinued
PROD0005717,quam officia,Electronics,Laptops,Xiaomi,4712.38,7498.99,2852,Inactive
PROD0000320,pariatur sit,Electronics,Mobiles,,4116.97,1741.15,3120,Inactive
PROD0005706,dolorem ducimus,Electronics,Mobiles,LG,2330.46,1026.02,1580,Discontinued
PROD0002904,dolores asperiores,Grocery,Snacks,Xiaomi,3193.62,2211.33,2904,Active
PROD0003471,in odio,Grocery,Vegetables,LG,382.62,580.15,3268,Inactive
PROD0004163,accusantium provident,Grocery,Vegetables,Samsung,2998.59,240.63,1276,Discontinued
PROD0003039,eaque sunt,Sports,Apparel,OnePlus,3427.24,7121.64,2657,Active
PROD0002846,harum voluptas,Home & Kitchen,Appliances,Samsung,3990.54,8518.79,3977,Active
PROD0001407,incidunt dignissimos,Home & Kitchen,Cookware,,4544.93,636.16,264,Discontinued
PROD0006079,ducimus sequi,Beauty,Haircare,Samsung,4739.4,8657.23,2366,Inactive
PROD0004723,cumque omnis,Home & Kitchen,Cookware,Xiaomi,451.52,9208.17,627,Active
PROD0001559,sapiente reprehenderit,Beauty,Makeup,,264.46,5803.67,1201,Active
PROD0004240,soluta voluptatem,Sports,Apparel,Xiaomi,1389.25,1124.5,4192,Inactive
PROD0005161,doloribus praesentium,Home & Kitchen,Furniture,Sony,3663.84,8796.11,3219,Active
PROD0005403,animi odit,Fashion,Shoes,Generic,2626.15,2634.48,1175,Discontinued
PROD0001431,nesciunt ea,Fashion,Men,OnePlus,1440.67,6649.14,755,Active
PROD0005847,ipsa vero,Beauty,Skincare,LG,2034.22,1695.02,319,Inactive
PROD0003382,similique reprehenderit,Home & Kitchen,Cookware,OnePlus,4454.07,2416.25,2596,Discontinued
PROD0005088,dignissimos cumque,Home & Kitchen,Appliances,OnePlus,479.8,7847.26,4985,Inactive
PROD0005284,necessitatibus facere,Electronics,Laptops,Sony,706.68,3350.97,1700,Active
PROD0003951,voluptatum labore,Fashion,Men,Apple,2939.61,2826.24,1974,Active
PROD0006558,cupiditate repellendus,Sports,Apparel,OnePlus,3971.86,9489.45,2008,Inactive
PROD0005756,minus pariatur,Grocery,Vegetables,,2857.02,6526.61,1175,Inactive
PROD0003149,soluta facere,Beauty,Makeup,Samsung,403.53,9693.04,3704,Discontinued
PROD0004616,nemo aperiam,Sports,Footwear,Apple,71.4,6343.09,4451,Active
PROD0003408,velit nobis,Fashion,Shoes,,232.75,476.85,142,Discontinued
PROD0003933,suscipit fugiat,Electronics,Tablets,Xiaomi,2564.2,6428.52,4446,Inactive
PROD0006394,id repudiandae,Electronics,Laptops,LG,3751.67,8451.49,1719,Discontinued
PROD0005283,rem voluptatum,Home & Kitchen,Appliances,LG,2951.28,2992.44,1927,Discontinued
PROD0001018,minima sed,Grocery,Fruits,Apple,4627.48,5767.35,1662,Discontinued
PROD0004811,officiis maxime,Sports,Footwear,,3863.22,9369.48,2789,Discontinued
PROD0001288,dicta quam,Electronics,Laptops,Generic,2555.45,4998.71,864,Inactive
PROD0000231,asperiores excepturi,Electronics,Accessories,LG,1186.62,8029.08,727,Discontinued
PROD0005428,illo magnam,Grocery,Snacks,,4584.76,1277.66,2736,Discontinued
PROD0003546,delectus cumque,Fashion,Women,Xiaomi,398.41,1404.61,2316,Active
PROD0005471,voluptatibus qui,Sports,Apparel,Samsung,3586.33,2960.4,718,Inactive
PROD0002945,placeat occaecati,Fashion,Men,Xiaomi,3543.91,1337.1,1415,Inactive
PROD0003545,non totam,Fashion,Men,OnePlus,4235.97,8955.53,2316,Inactive
PROD0004651,autem ut,Sports,Apparel,Sony,374.73,8472.92,3157,Discontinued
PROD0001145,nostrum voluptatibus,Beauty,Skincare,,2759.68,7858.31,398,Discontinued
PROD0003028,quod officiis,Beauty,Skincare,Sony,780.78,9405.14,2360,Active
PROD0004102,commodi neque,Electronics,Laptops,Apple,3025.58,6020.56,186,Active
PROD0005606,modi molestiae,Fashion,Men,Samsung,4863.43,3073.88,1614,Inactive
PROD0003371,consectetur libero,Fashion,Women,Xiaomi,3461.0,7146.05,2585,Active
PROD0000024,iure expedita,Grocery,Fruits,OnePlus,720.51,1154.34,322,Discontinued
PROD0006638,dolor debitis,Beauty,Haircare,LG,749.03,7932.21,4368,Discontinued
PROD0005506,aliquid impedit,Sports,Apparel,LG,2091.46,6471.97,4785,Inactive
PROD0004398,dicta vitae,Electronics,Laptops,LG,3593.69,9253.87,20,Discontinued
PROD0002514,quibusdam magni,Grocery,Fruits,Sony,962.11,6288.59,4326,Active
PROD0000602,sapiente ipsam,Grocery,Fruits,Apple,1981.03,8023.41,3673,Active
PROD0002772,minus laudantium,Home & Kitchen,Decor,OnePlus,4843.27,8875.05,240,Active
PROD0000510,hic vel,Grocery,Dairy,Samsung,4475.85,-500.0,1976,Discontinued
PROD0002318,tempore neque,Grocery,Vegetables,Samsung,3963.79,7146.06,1342,Discontinued
PROD0002407,suscipit impedit,Electronics,Tablets,Xiaomi,4372.85,3955.98,2497,Inactive
PROD0002185,dolores quae,Beauty,Haircare,Apple,1167.0,8310.8,2550,Inactive
PROD0006008,aut accusamus,Electronics,Laptops,LG,734.78,5094.0,2082,Inactive
PROD0003506,explicabo nihil,Fashion,Women,OnePlus,1368.59,4764.04,3897,Inactive
PROD0002790,incidunt iusto,Beauty,Makeup,Samsung,2646.4,3473.34,756,Discontinued
PROD0005107,atque quae,Electronics,Mobiles,Xiaomi,3758.15,8683.66,1578,Discontinued
PROD0005273,reprehenderit magni,Grocery,Snacks,OnePlus,3995.06,7827.6,228,Discontinued
PROD0000626,ipsam quasi,Sports,Apparel,LG,666.8,1375.96,2746,Discontinued
PROD0000096,excepturi ad,Electronics,Mobiles,,4630.81,7742.04,4487,Active
PROD0005502,deserunt consequatur,Sports,Apparel,Generic,2190.47,6425.38,1028,Active
PROD0006527,cupiditate repellendus,Fashion,Women,LG,472.97,5405.3,3208,Inactive
PROD0006028,similique dolor,Home & Kitchen,Decor,,4158.21,1779.09,1502,Discontinued
PROD0002019,unde quod,Electronics,Tablets,Xiaomi,4714.46,719.13,1896,Inactive
PROD0005664,doloribus natus,Beauty,Makeup,,4936.52,749.94,1078,Discontinued
PROD0005697,nisi odit,Beauty,Skincare,Xiaomi,1825.97,5709.98,2910,Discontinued
PROD0003821,repellat provident,Grocery,Snacks,Xiaomi,2423.98,7534.36,2275,Inactive
PROD0002030,cumque incidunt,Grocery,Dairy,LG,176.99,3932.47,3187,Discontinued
PROD0006259,perferendis autem,Sports,Footwear,OnePlus,4376.31,6816.23,3944,Discontinued
PROD0007170,assumenda quibusdam,Beauty,Skincare,Xiaomi,3950.76,7786.73,596,Discontinued
PROD0001321,fugit architecto,Beauty,Skincare,Xiaomi,1814.65,7196.99,4844,Discontinued
PROD0000749,architecto vel,Grocery,Dairy,Apple,1512.03,9600.6,213,Active
PROD0002604,dignissimos vel,Beauty,Haircare,LG,4069.68,2070.11,1254,Discontinued
PROD0000066,necessitatibus expedita,Sports,Equipment,Apple,863.42,2353.99,3534,Active
PROD0001177,quia et,Sports,Apparel,,3786.62,1870.77,107,Inactive
PROD0000677,hic nesciunt,Grocery,Snacks,Sony,2290.78,1653.36,4754,Active
PROD0002440,recusandae illo,Home & Kitchen,Appliances,,2478.13,1968.62,200,Active
PROD0006989,mollitia culpa,Sports,Apparel,Xiaomi,1429.03,2405.39,1324,Active
PROD0001243,quaerat deleniti,Home & Kitchen,Decor,,3535.75,542.35,453,Active
PROD0007107,eveniet atque,Beauty,Makeup,Sony,3771.66,4685.33,4391,Active
PROD0006083,illo quaerat,Sports,Footwear,Generic,1996.92,7599.55,821,Inactive
PROD0007530,eaque molestiae,Sports,Apparel,OnePlus,3728.1,9072.09,4115,Active
PROD0002399,vitae commodi,Fashion,Shoes,Apple,859.48,2309.9,2743,Active
PROD0004149,illum est,Home & Kitchen,Appliances,Sony,2183.83,996.13,2739,Discontinued
PROD0003890,molestias quo,Electronics,Accessories,Generic,1305.86,7201.03,4968,Inactive
PROD0001056,similique distinctio,Beauty,Skincare,Generic,1320.26,9361.82,118,Inactive
PROD0001403,esse accusamus,Beauty,Makeup,Sony,4702.92,2679.87,1950,Active
PROD0000539,neque aspernatur,Sports,Apparel,Xiaomi,2509.06,4707.11,2752,Active
PROD0003397,incidunt tempore,Sports,Equipment,Samsung,3378.78,175.64,3814,Discontinued
PROD0006855,quos autem,Fashion,Shoes,Apple,4128.64,6432.01,1201,Active
PROD0005905,accusamus facilis,Home & Kitchen,Furniture,OnePlus,2193.45,4251.3,1143,Discontinued
PROD0001010,saepe corrupti,Beauty,Haircare,LG,3967.46,462.99,1374,Active
PROD0002856,dignissimos vel,Electronics,Tablets,Samsung,3762.55,179.81,2632,Discontinued
PROD0002964,maxime unde,Beauty,Haircare,OnePlus,1962.84,2640.21,253,Inactive
PROD0000335,a consectetur,Electronics,Accessories,Xiaomi,3124.11,9919.92,4094,Inactive
PROD0005254,similique aspernatur,Fashion,Men,Samsung,4602.2,1345.23,4578,Active
PROD0006315,a temporibus,Beauty,Skincare,Xiaomi,2432.38,6484.84,1554,Discontinued
PROD0005724,ad doloribus,Home & Kitchen,Cookware,Samsung,3916.57,3852.74,1946,Discontinued
PROD0000133,rem nesciunt,Grocery,Fruits,OnePlus,1715.58,520.62,3586,Active
PROD0000466,impedit blanditiis,Home & Kitchen,Decor,,3854.76,2290.98,4882,Inactive
PROD0005975,ratione possimus,Fashion,Shoes,Apple,664.38,338.82,3980,Discontinued
PROD0004354,ipsa nesciunt,Electronics,Laptops,Xiaomi,4221.37,8841.52,2367,Inactive
PROD0006384,deleniti error,Fashion,Shoes,OnePlus,2609.39,7325.33,16,Discontinued
PROD0000454,animi quaerat,Beauty,Haircare,LG,4260.91,6636.15,4217,Active
PROD0004095,temporibus nihil,Sports,Apparel,,372.05,5070.07,3151,Inactive
PROD0001624,enim quibusdam,Fashion,Shoes,Xiaomi,3826.75,7996.14,1871,Inactive
PROD0001881,cumque sed,Fashion,Shoes,Sony,4528.8,5016.53,831,Discontinued
PROD0000829,eum possimus,Fashion,Men,LG,2619.42,5372.34,1315,Active
PROD0007092,vitae impedit,Fashion,Women,Generic,229.53,8954.81,3099,Discontinued
PROD0000264,architecto sequi,Home & Kitchen,Appliances,Generic,3914.47,410.37,2685,Discontinued
PROD0002580,veritatis quo,Electronics,Accessories,LG,2712.4,8962.62,1014,Discontinued
PROD0006640,minima neque,Electronics,Mobiles,,734.08,6645.2,4031,Discontinued
PROD0002674,nulla odit,Home & Kitchen,Decor,,76.03,8998.74,2818,Inactive
PROD0005607,consectetur fugiat,Fashion,Kids,OnePlus,4679.33,3207.68,3645,Active
PROD0000409,nihil inventore,Beauty,Skincare,,4831.78,9041.55,1641,Inactive
PROD0006525,rem reiciendis,Electronics,Mobiles,,3477.73,5687.46,1130,Inactive
PROD0003810,aliquid esse,Fashion,Men,,3031.77,8323.37,4864,Discontinued
PROD0004344,dolor animi,Fashion,Women,OnePlus,3291.88,7423.45,3982,Inactive
PROD0004100,soluta est,Grocery,Dairy,LG,4591.23,5260.38,4644,Discontinued
PROD0006958,illo nobis,Sports,Equipment,Sony,3626.89,261.28,4051,Inactive
PROD0005514,veritatis ab,Sports,Apparel,Xiaomi,1303.59,9100.45,1644,Inactive
PROD0002253,quas quia,Electronics,Tablets,Samsung,1989.13,9656.79,3975,Discontinued
PROD0006563,est in,Sports,Equipment,Samsung,4504.17,4324.64,3419,Discontinued
PROD0002446,asperiores maxime,Sports,Footwear,Generic,2946.55,2432.35,2378,Discontinued
PROD0002419,tenetur quae,Electronics,Laptops,Samsung,3018.87,8233.8,4651,Discontinued
PROD0006089,eos quia,Home & Kitchen,Furniture,Generic,3288.79,3855.73,2401,Inactive
PROD0003774,at alias,Sports,Equipment,Generic,503.02,5684.72,4946,Active
PROD0004317,cupiditate ipsum,Beauty,Makeup,OnePlus,3656.78,7354.03,3996,Active
PROD0001502,officia eligendi,Electronics,Tablets,Xiaomi,66.79,9520.72,2859,Discontinued
PROD0007292,consequuntur animi,Electronics,Accessories,OnePlus,4112.57,519.03,422,Discontinued
PROD0003669,quisquam consequuntur,Fashion,Men,,2418.77,9289.55,2629,Active
PROD0000684,esse asperiores,Grocery,Fruits,Apple,4426.83,3178.57,739,Active
PROD0006393,aut libero,Grocery,Dairy,,1161.35,999999.0,4267,Inactive
PROD0001329,aspernatur quisquam,Grocery,Snacks,Apple,3571.71,3787.64,1469,Active
PROD0007258,nostrum dolorem,Beauty,Makeup,Apple,4299.14,4004.3,176,Discontinued
PROD0004913,suscipit deserunt,Home & Kitchen,Decor,Sony,4374.34,5343.82,463,Inactive
PROD0000587,nemo nemo,Home & Kitchen,Decor,Sony,2022.39,4506.89,4617,Active
